{"type": "FeatureCollection", "name": "ftw-cohort", "features": [{"type": "Feature", "properties": {"id": "ftw-austria-000", "country": "austria", "source": "fields-of-the-world", "area_ha": 0.317}, "geometry": {"type": "Polygon", "coordinates": [[[13.531265748000001, 48.342113819999994], [13.531265748000001, 48.342275982], [13.531211694, 48.342275982], [13.531211694, 48.342384089999996], [13.531481964000001, 48.342384089999996], [13.531481964000001, 48.34243814399999], [13.532022504, 48.34243814399999], [13.532022504, 48.342492197999995], [13.532563044, 48.342492197999995], [13.532563044, 48.342546252], [13.532887368, 48.342546252], [13.532887368, 48.342492197999995], [13.532941422, 48.342492197999995], [13.532941422, 48.34243814399999], [13.532833314, 48.34243814399999], [13.532833314, 48.342384089999996], [13.532617098, 48.342384089999996], [13.532617098, 48.34233003599999], [13.532400882, 48.34233003599999], [13.532400882, 48.342275982], [13.532292774, 48.342275982], [13.532292774, 48.342221927999994], [13.53196845, 48.342221927999994], [13.53196845, 48.342167874], [13.531481964000001, 48.342167874], [13.531481964000001, 48.342113819999994], [13.531265748000001, 48.342113819999994]]]}}, {"type": "Feature", "properties": {"id": "ftw-austria-001", "country": "austria", "source": "fields-of-the-world", "area_ha": 0.3212}, "geometry": {"type": "Polygon", "coordinates": [[[13.458310866, 48.429284904], [13.458310866, 48.429338957999995], [13.458256812, 48.429338957999995], [13.458256812, 48.429447065999994], [13.458202758, 48.429447065999994], [13.458202758, 48.42950112], [13.458310866, 48.42950112], [13.458310866, 48.429555173999994], [13.458581136000001, 48.429555173999994], [13.458581136000001, 48.429609228], [13.45890546, 48.429609228], [13.45890546, 48.429663282], [13.459229784, 48.429663282], [13.459229784, 48.429717335999996], [13.459500054000001, 48.429717335999996], [13.459500054000001, 48.42977139], [13.459662216, 48.42977139], [13.459662216, 48.429825443999995], [13.459770324, 48.429825443999995], [13.459770324, 48.42977139], [13.459824378, 48.42977139], [13.459824378, 48.429663282], [13.459878432, 48.429663282], [13.459878432, 48.429609228], [13.459824378, 48.429609228], [13.459824378, 48.429555173999994], [13.459608162, 48.429555173999994], [13.459608162, 48.42950112], [13.459337892, 48.42950112], [13.459337892, 48.429447065999994], [13.459121676, 48.429447065999994], [13.459121676, 48.429393012], [13.458797352000001, 48.429393012], [13.458797352000001, 48.429338957999995], [13.458473028, 48.429338957999995], [13.458473028, 48.429284904], [13.458310866, 48.429284904]]]}}, {"type": "Feature", "properties": {"id": "ftw-austria-002", "country": "austria", "source": "fields-of-the-world", "area_ha": 0.6603}, "geometry": {"type": "Polygon", "coordinates": [[[13.526941428, 48.341789496], [13.526941428, 48.341897603999996], [13.526887374000001, 48.341897603999996], [13.526887374000001, 48.342221927999994], [13.526941428, 48.342221927999994], [13.526941428, 48.34265436], [13.526995482, 48.34265436], [13.526995482, 48.342870575999996], [13.527049536, 48.342870575999996], [13.527049536, 48.34319489999999], [13.527157644, 48.34319489999999], [13.527157644, 48.343140846], [13.527481968, 48.343140846], [13.527481968, 48.343086791999994], [13.527590076000001, 48.343086791999994], [13.527590076000001, 48.342384089999996], [13.527536022, 48.342384089999996], [13.527536022, 48.342005711999995], [13.527590076000001, 48.342005711999995], [13.527590076000001, 48.34184354999999], [13.527049536, 48.34184354999999], [13.527049536, 48.341789496], [13.526941428, 48.341789496]]]}}, {"type": "Feature", "properties": {"id": "ftw-austria-003", "country": "austria", "source": "fields-of-the-world", "area_ha": 0.7756}, "geometry": {"type": "Polygon", "coordinates": [[[13.528076562, 48.341681388], [13.528076562, 48.341735441999994], [13.527968454, 48.341735441999994], [13.527968454, 48.341789496], [13.527860346, 48.341789496], [13.527860346, 48.34184354999999], [13.527698184, 48.34184354999999], [13.527698184, 48.342492197999995], [13.52818467, 48.342492197999995], [13.52818467, 48.342600305999994], [13.528238724, 48.342600305999994], [13.528238724, 48.34270841399999], [13.528292778, 48.34270841399999], [13.528292778, 48.34281652199999], [13.528346832, 48.34281652199999], [13.528346832, 48.342978683999995], [13.528400886, 48.342978683999995], [13.528400886, 48.343086791999994], [13.52845494, 48.343086791999994], [13.52845494, 48.343140846], [13.528508994000001, 48.343140846], [13.528508994000001, 48.343086791999994], [13.528671156, 48.343086791999994], [13.528671156, 48.343032738], [13.528887372, 48.343032738], [13.528887372, 48.342870575999996], [13.528833318, 48.342870575999996], [13.528833318, 48.34281652199999], [13.528779264, 48.34281652199999], [13.528779264, 48.342762468], [13.528725210000001, 48.342762468], [13.528725210000001, 48.34265436], [13.528671156, 48.34265436], [13.528671156, 48.342600305999994], [13.528617102, 48.342600305999994], [13.528617102, 48.342492197999995], [13.528563048, 48.342492197999995], [13.528563048, 48.34184354999999], [13.528617102, 48.34184354999999], [13.528617102, 48.341735441999994], [13.528671156, 48.341735441999994], [13.528671156, 48.341681388], [13.528076562, 48.341681388]]]}}, {"type": "Feature", "properties": {"id": "ftw-austria-004", "country": "austria", "source": "fields-of-the-world", "area_ha": 1.0398}, "geometry": {"type": "Polygon", "coordinates": [[[13.529860344, 48.340059767999996], [13.529860344, 48.340167875999995], [13.52980629, 48.340167875999995], [13.52980629, 48.340275983999994], [13.529752236, 48.340275983999994], [13.529752236, 48.340384091999994], [13.529698182, 48.340384091999994], [13.529698182, 48.34049219999999], [13.529644128000001, 48.34049219999999], [13.529644128000001, 48.340546253999996], [13.529590074, 48.340546253999996], [13.529590074, 48.340654361999995], [13.52953602, 48.340654361999995], [13.52953602, 48.340762469999994], [13.529481966, 48.340762469999994], [13.529481966, 48.34087057799999], [13.529427912000001, 48.34087057799999], [13.529427912000001, 48.34097868599999], [13.529590074, 48.34097868599999], [13.529590074, 48.341032739999996], [13.530022506, 48.341032739999996], [13.530022506, 48.34108679399999], [13.530508992, 48.34108679399999], [13.530508992, 48.341140847999995], [13.530779262, 48.341140847999995], [13.530779262, 48.341032739999996], [13.530833316, 48.341032739999996], [13.530833316, 48.34097868599999], [13.53088737, 48.34097868599999], [13.53088737, 48.340924632], [13.530995478, 48.340924632], [13.530995478, 48.34087057799999], [13.531049532, 48.34087057799999], [13.531049532, 48.340816524], [13.531103586, 48.340816524], [13.531103586, 48.340762469999994], [13.53115764, 48.340762469999994], [13.53115764, 48.34070841599999], [13.531211694, 48.34070841599999], [13.531211694, 48.340654361999995], [13.531319802, 48.340654361999995], [13.531319802, 48.34060030799999], [13.531373856, 48.34060030799999], [13.531373856, 48.34049219999999], [13.531211694, 48.34049219999999], [13.531211694, 48.340438146], [13.530995478, 48.340438146], [13.530995478, 48.340384091999994], [13.530833316, 48.340384091999994], [13.530833316, 48.34033003799999], [13.530671154, 48.34033003799999], [13.530671154, 48.340275983999994], [13.530508992, 48.340275983999994], [13.530508992, 48.34022192999999], [13.530292776, 48.34022192999999], [13.530292776, 48.340167875999995], [13.530130614, 48.340167875999995], [13.530130614, 48.34011382199999], [13.529968452, 48.34011382199999], [13.529968452, 48.340059767999996], [13.529860344, 48.340059767999996]]]}}, {"type": "Feature", "properties": {"id": "ftw-austria-005", "country": "austria", "source": "fields-of-the-world", "area_ha": 1.2487}, "geometry": {"type": "Polygon", "coordinates": [[[13.521319812, 48.34049219999999], [13.521319812, 48.34087057799999], [13.521481974, 48.34087057799999], [13.521481974, 48.340924632], [13.521914406, 48.340924632], [13.521914406, 48.34097868599999], [13.522292784000001, 48.34097868599999], [13.522292784000001, 48.340924632], [13.522509000000001, 48.340924632], [13.522509000000001, 48.341248955999994], [13.523914404000001, 48.341248955999994], [13.523914404000001, 48.341194902], [13.524022512, 48.341194902], [13.524022512, 48.34060030799999], [13.523373864, 48.34060030799999], [13.523373864, 48.340546253999996], [13.52196846, 48.340546253999996], [13.52196846, 48.34049219999999], [13.521319812, 48.34049219999999]]]}}, {"type": "Feature", "properties": {"id": "ftw-austria-006", "country": "austria", "source": "fields-of-the-world", "area_ha": 1.5273}, "geometry": {"type": "Polygon", "coordinates": [[[13.5252117, 48.33914084999999], [13.5252117, 48.339411119999994], [13.525157646, 48.339411119999994], [13.525157646, 48.34011382199999], [13.525103592, 48.34011382199999], [13.525103592, 48.34087057799999], [13.525049538000001, 48.34087057799999], [13.525049538000001, 48.341194902], [13.525157646, 48.341194902], [13.525157646, 48.341140847999995], [13.52548197, 48.341140847999995], [13.52548197, 48.34108679399999], [13.525698186, 48.34108679399999], [13.525698186, 48.341032739999996], [13.525914402, 48.341032739999996], [13.525914402, 48.34097868599999], [13.52602251, 48.34097868599999], [13.52602251, 48.340924632], [13.526076564, 48.340924632], [13.526076564, 48.340167875999995], [13.526130618, 48.340167875999995], [13.526130618, 48.339194903999996], [13.525536024, 48.339194903999996], [13.525536024, 48.33914084999999], [13.5252117, 48.33914084999999]]]}}, {"type": "Feature", "properties": {"id": "ftw-austria-007", "country": "austria", "source": "fields-of-the-world", "area_ha": 1.6691}, "geometry": {"type": "Polygon", "coordinates": [[[13.521373866000001, 48.33470842199999], [13.521373866000001, 48.33492463799999], [13.521319812, 48.33492463799999], [13.521319812, 48.33503274599999], [13.521265758, 48.33503274599999], [13.521265758, 48.33508679999999], [13.521157650000001, 48.33508679999999], [13.521157650000001, 48.33514085399999], [13.521103596, 48.33514085399999], [13.521103596, 48.33519490799999], [13.520400894, 48.33519490799999], [13.520400894, 48.33530301599999], [13.52034684, 48.33530301599999], [13.52034684, 48.33557328599999], [13.520292786, 48.33557328599999], [13.520292786, 48.33584355599999], [13.520238732000001, 48.33584355599999], [13.520238732000001, 48.336005717999996], [13.520400894, 48.336005717999996], [13.520400894, 48.33605977199999], [13.520887380000001, 48.33605977199999], [13.520887380000001, 48.336113825999995], [13.521319812, 48.336113825999995], [13.521319812, 48.33616787999999], [13.521752244, 48.33616787999999], [13.521752244, 48.336221933999994], [13.52196846, 48.336221933999994], [13.52196846, 48.336113825999995], [13.522022514, 48.336113825999995], [13.522022514, 48.336005717999996], [13.522076568000001, 48.336005717999996], [13.522076568000001, 48.33589760999999], [13.522130622, 48.33589760999999], [13.522130622, 48.33578950199999], [13.522184676, 48.33578950199999], [13.522184676, 48.335735447999994], [13.52223873, 48.335735447999994], [13.52223873, 48.33568139399999], [13.522292784000001, 48.33568139399999], [13.522292784000001, 48.33557328599999], [13.522346838, 48.33557328599999], [13.522346838, 48.33530301599999], [13.52223873, 48.33530301599999], [13.52223873, 48.335248961999994], [13.522184676, 48.335248961999994], [13.522184676, 48.33519490799999], [13.522130622, 48.33519490799999], [13.522130622, 48.33514085399999], [13.522076568000001, 48.33514085399999], [13.522076568000001, 48.33508679999999], [13.522022514, 48.33508679999999], [13.522022514, 48.33503274599999], [13.52196846, 48.33503274599999], [13.52196846, 48.33497869199999], [13.521914406, 48.33497869199999], [13.521914406, 48.33492463799999], [13.521860352000001, 48.33492463799999], [13.521860352000001, 48.334870583999994], [13.521752244, 48.334870583999994], [13.521752244, 48.33481652999999], [13.521590082000001, 48.33481652999999], [13.521590082000001, 48.334762475999995], [13.52142792, 48.334762475999995], [13.52142792, 48.33470842199999], [13.521373866000001, 48.33470842199999]]]}}, {"type": "Feature", "properties": {"id": "ftw-austria-008", "country": "austria", "source": "fields-of-the-world", "area_ha": 1.9789}, "geometry": {"type": "Polygon", "coordinates": [[[13.526076564, 48.334384097999994], [13.526076564, 48.33443815199999], [13.525752240000001, 48.33443815199999], [13.525752240000001, 48.33449220599999], [13.525427916, 48.33449220599999], [13.525427916, 48.33454625999999], [13.525265754000001, 48.33454625999999], [13.525265754000001, 48.33514085399999], [13.5252117, 48.33514085399999], [13.5252117, 48.33530301599999], [13.525157646, 48.33530301599999], [13.525157646, 48.33541112399999], [13.525103592, 48.33541112399999], [13.525103592, 48.33546517799999], [13.525049538000001, 48.33546517799999], [13.525049538000001, 48.33551923199999], [13.524995484, 48.33551923199999], [13.524995484, 48.33557328599999], [13.524887376, 48.33557328599999], [13.524887376, 48.335627339999995], [13.524833322000001, 48.335627339999995], [13.524833322000001, 48.33568139399999], [13.524725214, 48.33568139399999], [13.524725214, 48.33595166399999], [13.52467116, 48.33595166399999], [13.52467116, 48.33638409599999], [13.524617106, 48.33638409599999], [13.524617106, 48.336708419999994], [13.524563052000001, 48.336708419999994], [13.524563052000001, 48.33681652799999], [13.524725214, 48.33681652799999], [13.524725214, 48.33687058199999], [13.525752240000001, 48.33687058199999], [13.525752240000001, 48.33665436599999], [13.525806294, 48.33665436599999], [13.525806294, 48.33627598799999], [13.525860348, 48.33627598799999], [13.525860348, 48.33557328599999], [13.525914402, 48.33557328599999], [13.525914402, 48.33546517799999], [13.525968456000001, 48.33546517799999], [13.525968456000001, 48.33535706999999], [13.52602251, 48.33535706999999], [13.52602251, 48.33503274599999], [13.526076564, 48.33503274599999], [13.526076564, 48.33470842199999], [13.526130618, 48.33470842199999], [13.526130618, 48.33449220599999], [13.526184672000001, 48.33449220599999], [13.526184672000001, 48.334384097999994], [13.526076564, 48.334384097999994]]]}}, {"type": "Feature", "properties": {"id": "ftw-austria-009", "country": "austria", "source": "fields-of-the-world", "area_ha": 2.9275}, "geometry": {"type": "Polygon", "coordinates": [[[13.456851408, 48.41912275199999], [13.456851408, 48.41923085999999], [13.456797354, 48.41923085999999], [13.456797354, 48.419284913999995], [13.456743300000001, 48.419284913999995], [13.456743300000001, 48.419393021999994], [13.456689246, 48.419393021999994], [13.456689246, 48.41950112999999], [13.456635192, 48.41950112999999], [13.456635192, 48.41960923799999], [13.456581138, 48.41960923799999], [13.456581138, 48.41971734599999], [13.456527084000001, 48.41971734599999], [13.456527084000001, 48.41982545399999], [13.45647303, 48.41982545399999], [13.45647303, 48.41993356199999], [13.456418976, 48.41993356199999], [13.456418976, 48.42004166999999], [13.456364922, 48.42004166999999], [13.456364922, 48.420149777999995], [13.456310868000001, 48.420149777999995], [13.456310868000001, 48.42020383199999], [13.456256814000001, 48.42020383199999], [13.456256814000001, 48.42031193999999], [13.45620276, 48.42031193999999], [13.45620276, 48.420365993999994], [13.456148706, 48.420365993999994], [13.456148706, 48.42042004799999], [13.456094652, 48.42042004799999], [13.456094652, 48.42052815599999], [13.456040598000001, 48.42052815599999], [13.456040598000001, 48.42058220999999], [13.455986544, 48.42058220999999], [13.455986544, 48.420636263999995], [13.45593249, 48.420636263999995], [13.45593249, 48.42069031799999], [13.455824382000001, 48.42069031799999], [13.455824382000001, 48.420744371999994], [13.455770328, 48.420744371999994], [13.455770328, 48.42085247999999], [13.456581138, 48.42085247999999], [13.456581138, 48.42090653399999], [13.45755411, 48.42090653399999], [13.45755411, 48.42096058799999], [13.45890546, 48.42096058799999], [13.45890546, 48.421014641999996], [13.459067622000001, 48.421014641999996], [13.459067622000001, 48.42085247999999], [13.459121676, 48.42085247999999], [13.459121676, 48.42042004799999], [13.458959514, 48.42042004799999], [13.458959514, 48.420365993999994], [13.458581136000001, 48.420365993999994], [13.458581136000001, 48.42031193999999], [13.458202758, 48.42031193999999], [13.458202758, 48.420257885999995], [13.457986542, 48.420257885999995], [13.457986542, 48.42009572399999], [13.458040596, 48.42009572399999], [13.458040596, 48.419879507999994], [13.458094650000001, 48.419879507999994], [13.458094650000001, 48.41960923799999], [13.458148704000001, 48.41960923799999], [13.458148704000001, 48.41950112999999], [13.458040596, 48.41950112999999], [13.458040596, 48.41944707599999], [13.45782438, 48.41944707599999], [13.45782438, 48.41933896799999], [13.457878434000001, 48.41933896799999], [13.457878434000001, 48.41923085999999], [13.45755411, 48.41923085999999], [13.45755411, 48.41917680599999], [13.45728384, 48.41917680599999], [13.45728384, 48.41912275199999], [13.456851408, 48.41912275199999]]]}}, {"type": "Feature", "properties": {"id": "ftw-austria-010", "country": "austria", "source": "fields-of-the-world", "area_ha": 3.0349}, "geometry": {"type": "Polygon", "coordinates": [[[13.455121680000001, 48.427717337999994], [13.455121680000001, 48.42782544599999], [13.455067626, 48.42782544599999], [13.455067626, 48.428041662], [13.455013572, 48.428041662], [13.455013572, 48.428365985999996], [13.454959518, 48.428365985999996], [13.454959518, 48.428528148], [13.454905464000001, 48.428528148], [13.454905464000001, 48.428798418], [13.45485141, 48.428798418], [13.45485141, 48.429014634], [13.454797356, 48.429014634], [13.454797356, 48.429122742], [13.455121680000001, 48.429122742], [13.455121680000001, 48.42917679599999], [13.455878436, 48.42917679599999], [13.455878436, 48.429230849999996], [13.456797354, 48.429230849999996], [13.456797354, 48.42917679599999], [13.456905462, 48.42917679599999], [13.456905462, 48.429122742], [13.45701357, 48.429122742], [13.45701357, 48.429068687999994], [13.457067624, 48.429068687999994], [13.457067624, 48.429014634], [13.457121678, 48.429014634], [13.457121678, 48.428960579999995], [13.457175732000001, 48.428960579999995], [13.457175732000001, 48.428906526], [13.457229786000001, 48.428906526], [13.457229786000001, 48.428852471999996], [13.45728384, 48.428852471999996], [13.45728384, 48.428798418], [13.457337894, 48.428798418], [13.457337894, 48.428744363999996], [13.457446002000001, 48.428744363999996], [13.457446002000001, 48.42869030999999], [13.457500056, 48.42869030999999], [13.457500056, 48.428636256], [13.45755411, 48.428636256], [13.45755411, 48.428582201999994], [13.457608164, 48.428582201999994], [13.457608164, 48.428528148], [13.457662218000001, 48.428528148], [13.457662218000001, 48.428474093999995], [13.457716272, 48.428474093999995], [13.457716272, 48.42842004], [13.457770326, 48.42842004], [13.457770326, 48.428365985999996], [13.45782438, 48.428365985999996], [13.45782438, 48.428311932], [13.457878434000001, 48.428311932], [13.457878434000001, 48.42820382399999], [13.457932488, 48.42820382399999], [13.457932488, 48.42814977], [13.457986542, 48.42814977], [13.457986542, 48.428095715999994], [13.458040596, 48.428095715999994], [13.458040596, 48.428041662], [13.458094650000001, 48.428041662], [13.458094650000001, 48.427987607999995], [13.458148704000001, 48.427987607999995], [13.458148704000001, 48.427933554], [13.458202758, 48.427933554], [13.458202758, 48.427879499999996], [13.45728384, 48.427879499999996], [13.45728384, 48.42782544599999], [13.456418976, 48.42782544599999], [13.456418976, 48.427771392], [13.455554112000002, 48.427771392], [13.455554112000002, 48.427717337999994], [13.455121680000001, 48.427717337999994]]]}}, {"type": "Feature", "properties": {"id": "ftw-austria-011", "country": "austria", "source": "fields-of-the-world", "area_ha": 3.5254}, "geometry": {"type": "Polygon", "coordinates": [[[13.52304954, 48.33665436599999], [13.52304954, 48.337573283999994], [13.522995486000001, 48.337573283999994], [13.522995486000001, 48.33838409399999], [13.523103594, 48.33838409399999], [13.523103594, 48.338438147999994], [13.523536026, 48.338438147999994], [13.523536026, 48.33849220199999], [13.523644134000001, 48.33849220199999], [13.523644134000001, 48.338546255999994], [13.524076566, 48.338546255999994], [13.524076566, 48.33849220199999], [13.524184674, 48.33849220199999], [13.524184674, 48.338438147999994], [13.524292782, 48.338438147999994], [13.524292782, 48.33838409399999], [13.524887376, 48.33838409399999], [13.524887376, 48.338438147999994], [13.525373862, 48.338438147999994], [13.525373862, 48.33838409399999], [13.525536024, 48.33838409399999], [13.525536024, 48.338330039999995], [13.525806294, 48.338330039999995], [13.525806294, 48.338059769999994], [13.525752240000001, 48.338059769999994], [13.525752240000001, 48.336978689999995], [13.5252117, 48.336978689999995], [13.5252117, 48.33692463599999], [13.524346836000001, 48.33692463599999], [13.524346836000001, 48.33687058199999], [13.524022512, 48.33687058199999], [13.524022512, 48.33681652799999], [13.523644134000001, 48.33681652799999], [13.523644134000001, 48.33676247399999], [13.523373864, 48.33676247399999], [13.523373864, 48.336708419999994], [13.523157648, 48.336708419999994], [13.523157648, 48.33665436599999], [13.52304954, 48.33665436599999]]]}}, {"type": "Feature", "properties": {"id": "ftw-austria-012", "country": "austria", "source": "fields-of-the-world", "area_ha": 5.5596}, "geometry": {"type": "Polygon", "coordinates": [[[13.52629278, 48.334275989999995], [13.52629278, 48.334384097999994], [13.526238726, 48.334384097999994], [13.526238726, 48.33460031399999], [13.526184672000001, 48.33460031399999], [13.526184672000001, 48.33481652999999], [13.526130618, 48.33481652999999], [13.526130618, 48.33508679999999], [13.526076564, 48.33508679999999], [13.526076564, 48.33535706999999], [13.52602251, 48.33535706999999], [13.52602251, 48.33546517799999], [13.525968456000001, 48.33546517799999], [13.525968456000001, 48.33557328599999], [13.525914402, 48.33557328599999], [13.525914402, 48.33627598799999], [13.525860348, 48.33627598799999], [13.525860348, 48.336708419999994], [13.525806294, 48.336708419999994], [13.525806294, 48.33687058199999], [13.526617104, 48.33687058199999], [13.526617104, 48.33692463599999], [13.528887372, 48.33692463599999], [13.528887372, 48.334384097999994], [13.528779264, 48.334384097999994], [13.528779264, 48.33443815199999], [13.528617102, 48.33443815199999], [13.528617102, 48.33449220599999], [13.528508994000001, 48.33449220599999], [13.528508994000001, 48.33454625999999], [13.528400886, 48.33454625999999], [13.528400886, 48.33460031399999], [13.52818467, 48.33460031399999], [13.52818467, 48.33465436799999], [13.5279144, 48.33465436799999], [13.5279144, 48.33470842199999], [13.527806292000001, 48.33470842199999], [13.527806292000001, 48.334762475999995], [13.52764413, 48.334762475999995], [13.52764413, 48.33481652999999], [13.527265752, 48.33481652999999], [13.527265752, 48.334762475999995], [13.527157644, 48.334762475999995], [13.527157644, 48.33470842199999], [13.527103590000001, 48.33470842199999], [13.527103590000001, 48.33465436799999], [13.526995482, 48.33465436799999], [13.526995482, 48.33460031399999], [13.526941428, 48.33460031399999], [13.526941428, 48.33454625999999], [13.52683332, 48.33454625999999], [13.52683332, 48.33449220599999], [13.526725212, 48.33449220599999], [13.526725212, 48.33443815199999], [13.52656305, 48.33443815199999], [13.52656305, 48.334384097999994], [13.526454942, 48.334384097999994], [13.526454942, 48.33433004399999], [13.526346834, 48.33433004399999], [13.526346834, 48.334275989999995], [13.52629278, 48.334275989999995]]]}}, {"type": "Feature", "properties": {"id": "ftw-austria-013", "country": "austria", "source": "fields-of-the-world", "area_ha": 6.0608}, "geometry": {"type": "Polygon", "coordinates": [[[13.525427916, 48.341248955999994], [13.525427916, 48.34130301], [13.524779268, 48.34130301], [13.524779268, 48.34135706399999], [13.520995488, 48.34135706399999], [13.520995488, 48.341411117999996], [13.520400894, 48.341411117999996], [13.520400894, 48.34146517199999], [13.52034684, 48.34146517199999], [13.52034684, 48.34157327999999], [13.520292786, 48.34157327999999], [13.520292786, 48.341627333999995], [13.520238732000001, 48.341627333999995], [13.520238732000001, 48.341681388], [13.520184678000001, 48.341681388], [13.520184678000001, 48.341735441999994], [13.520130624, 48.341735441999994], [13.520130624, 48.341789496], [13.52007657, 48.341789496], [13.52007657, 48.34184354999999], [13.520022516000001, 48.34184354999999], [13.520022516000001, 48.341897603999996], [13.519968462000001, 48.341897603999996], [13.519968462000001, 48.34195165799999], [13.519914408, 48.34195165799999], [13.519914408, 48.342005711999995], [13.519860354, 48.342005711999995], [13.519860354, 48.34205976599999], [13.5198063, 48.34205976599999], [13.5198063, 48.342113819999994], [13.519752246000001, 48.342113819999994], [13.519752246000001, 48.342167874], [13.519698192, 48.342167874], [13.519698192, 48.342221927999994], [13.519644138, 48.342221927999994], [13.519644138, 48.342275982], [13.519590084, 48.342275982], [13.519590084, 48.34243814399999], [13.519536030000001, 48.34243814399999], [13.519536030000001, 48.342870575999996], [13.519590084, 48.342870575999996], [13.519590084, 48.343032738], [13.519644138, 48.343032738], [13.519644138, 48.343086791999994], [13.521211704, 48.343086791999994], [13.521211704, 48.342870575999996], [13.52142792, 48.342870575999996], [13.52142792, 48.34281652199999], [13.521806298000001, 48.34281652199999], [13.521806298000001, 48.342762468], [13.522184676, 48.342762468], [13.522184676, 48.34270841399999], [13.522346838, 48.34270841399999], [13.522346838, 48.34265436], [13.522509000000001, 48.34265436], [13.522509000000001, 48.342600305999994], [13.522833324, 48.342600305999994], [13.522833324, 48.342546252], [13.523157648, 48.342546252], [13.523157648, 48.342492197999995], [13.523481972, 48.342492197999995], [13.523481972, 48.34243814399999], [13.523806296, 48.34243814399999], [13.523806296, 48.342384089999996], [13.524130620000001, 48.342384089999996], [13.524130620000001, 48.34233003599999], [13.524454944, 48.34233003599999], [13.524454944, 48.342275982], [13.525157646, 48.342275982], [13.525157646, 48.342221927999994], [13.525536024, 48.342221927999994], [13.525536024, 48.341248955999994], [13.525427916, 48.341248955999994]]]}}, {"type": "Feature", "properties": {"id": "ftw-belgium-000", "country": "belgium", "source": "fields-of-the-world", "area_ha": 0.209}, "geometry": {"type": "Polygon", "coordinates": [[[3.22143822, 51.028795818], [3.22143822, 51.028849871999995], [3.221384166, 51.028849871999995], [3.221384166, 51.028903926], [3.221330112, 51.028903926], [3.221330112, 51.028957979999994], [3.221276058, 51.028957979999994], [3.221276058, 51.029066088], [3.221222004, 51.029066088], [3.221222004, 51.029120142], [3.22116795, 51.029120142], [3.22116795, 51.029174196], [3.221222004, 51.029174196], [3.221222004, 51.029228249999996], [3.221330112, 51.029228249999996], [3.221330112, 51.029282304], [3.22143822, 51.029282304], [3.22143822, 51.029336357999995], [3.221546328, 51.029336357999995], [3.221546328, 51.029390412], [3.221654436, 51.029390412], [3.221654436, 51.029336357999995], [3.22170849, 51.029336357999995], [3.22170849, 51.029282304], [3.221762544, 51.029282304], [3.221762544, 51.029228249999996], [3.221816598, 51.029228249999996], [3.221816598, 51.029174196], [3.2218706520000002, 51.029174196], [3.2218706520000002, 51.029120142], [3.221924706, 51.029120142], [3.221924706, 51.029066088], [3.22197876, 51.029066088], [3.22197876, 51.029012034], [3.221924706, 51.029012034], [3.221924706, 51.028957979999994], [3.221816598, 51.028957979999994], [3.221816598, 51.028903926], [3.221654436, 51.028903926], [3.221654436, 51.028849871999995], [3.221492274, 51.028849871999995], [3.221492274, 51.028795818], [3.22143822, 51.028795818]]]}}, {"type": "Feature", "properties": {"id": "ftw-belgium-001", "country": "belgium", "source": "fields-of-the-world", "area_ha": 0.2833}, "geometry": {"type": "Polygon", "coordinates": [[[3.079470335117647, 51.21692175599999], [3.079470335117647, 51.216975809999994], [3.0793629337058825, 51.216975809999994], [3.0793629337058825, 51.217029864], [3.0792555322941175, 51.217029864], [3.0792555322941175, 51.21708391799999], [3.0790944301764704, 51.21708391799999], [3.0790944301764704, 51.217137971999996], [3.078987028764706, 51.217137971999996], [3.078987028764706, 51.21719202599999], [3.078825926647059, 51.21719202599999], [3.078825926647059, 51.217246079999995], [3.0786111238235296, 51.217246079999995], [3.0786111238235296, 51.217354187999995], [3.0786648245294117, 51.217354187999995], [3.0786648245294117, 51.21740824199999], [3.078718525235294, 51.21740824199999], [3.078718525235294, 51.217462295999994], [3.0787722259411763, 51.217462295999994], [3.0787722259411763, 51.21751635], [3.078825926647059, 51.21751635], [3.078825926647059, 51.21757040399999], [3.0789333280588234, 51.21757040399999], [3.0789333280588234, 51.217624457999996], [3.078987028764706, 51.217624457999996], [3.078987028764706, 51.21767851199999], [3.0790407294705884, 51.21767851199999], [3.0790407294705884, 51.217732565999995], [3.0790944301764704, 51.217732565999995], [3.0790944301764704, 51.21778661999999], [3.0792018315882355, 51.21778661999999], [3.0792018315882355, 51.21767851199999], [3.0792555322941175, 51.21767851199999], [3.0792555322941175, 51.21757040399999], [3.079309233, 51.21757040399999], [3.079309233, 51.217462295999994], [3.0793629337058825, 51.217462295999994], [3.0793629337058825, 51.21730013399999], [3.0794166344117646, 51.21730013399999], [3.0794166344117646, 51.21719202599999], [3.079470335117647, 51.21719202599999], [3.079470335117647, 51.21708391799999], [3.0795240358235296, 51.21708391799999], [3.0795240358235296, 51.216975809999994], [3.0795777365294117, 51.216975809999994], [3.0795777365294117, 51.21692175599999], [3.079470335117647, 51.21692175599999]]]}}, {"type": "Feature", "properties": {"id": "ftw-belgium-002", "country": "belgium", "source": "fields-of-the-world", "area_ha": 0.3959}, "geometry": {"type": "Polygon", "coordinates": [[[3.3937803900000003, 50.925858807352945], [3.3937803900000003, 50.92591250805882], [3.3936722820000003, 50.92591250805882], [3.3936722820000003, 50.925966208764706], [3.3936182280000002, 50.925966208764706], [3.3936182280000002, 50.92601990947059], [3.393564174, 50.92601990947059], [3.393564174, 50.92607361017647], [3.39351012, 50.92607361017647], [3.39351012, 50.92612731088236], [3.393456066, 50.92612731088236], [3.393456066, 50.926181011588234], [3.393402012, 50.926181011588234], [3.393402012, 50.926288413], [3.39351012, 50.926288413], [3.39351012, 50.926342113705886], [3.3936722820000003, 50.926342113705886], [3.3936722820000003, 50.92639581441177], [3.3937803900000003, 50.92639581441177], [3.3937803900000003, 50.926449515117646], [3.393942552, 50.926449515117646], [3.393942552, 50.92650321582353], [3.394104714, 50.92650321582353], [3.394104714, 50.926556916529414], [3.394212822, 50.926556916529414], [3.394212822, 50.9266106172353], [3.394266876, 50.9266106172353], [3.394266876, 50.926556916529414], [3.39432093, 50.926556916529414], [3.39432093, 50.926449515117646], [3.394374984, 50.926449515117646], [3.394374984, 50.92639581441177], [3.394429038, 50.92639581441177], [3.394429038, 50.926342113705886], [3.394483092, 50.926342113705886], [3.394483092, 50.926288413], [3.3945371460000002, 50.926288413], [3.3945371460000002, 50.92623471229412], [3.3946452540000003, 50.92623471229412], [3.3946452540000003, 50.92612731088236], [3.394483092, 50.92612731088236], [3.394483092, 50.92607361017647], [3.394374984, 50.92607361017647], [3.394374984, 50.92601990947059], [3.394212822, 50.92601990947059], [3.394212822, 50.925966208764706], [3.39405066, 50.925966208764706], [3.39405066, 50.92591250805882], [3.393942552, 50.92591250805882], [3.393942552, 50.925858807352945], [3.3937803900000003, 50.925858807352945]]]}}, {"type": "Feature", "properties": {"id": "ftw-belgium-003", "country": "belgium", "source": "fields-of-the-world", "area_ha": 0.5204}, "geometry": {"type": "Polygon", "coordinates": [[[3.216519306, 51.02203906799999], [3.216519306, 51.022147176], [3.216465252, 51.022147176], [3.216465252, 51.02220122999999], [3.216411198, 51.02220122999999], [3.216411198, 51.022255283999996], [3.216357144, 51.022255283999996], [3.216357144, 51.022363391999995], [3.2163030900000003, 51.022363391999995], [3.2163030900000003, 51.02241744599999], [3.2162490360000002, 51.02241744599999], [3.2162490360000002, 51.022471499999995], [3.216194982, 51.022471499999995], [3.216194982, 51.022579607999994], [3.216140928, 51.022579607999994], [3.216140928, 51.022633662], [3.216086874, 51.022633662], [3.216086874, 51.022741769999996], [3.21603282, 51.022741769999996], [3.21603282, 51.02279582399999], [3.215978766, 51.02279582399999], [3.215978766, 51.02290393199999], [3.215924712, 51.02290393199999], [3.215924712, 51.02301204], [3.215870658, 51.02301204], [3.215870658, 51.023066093999994], [3.215816604, 51.023066093999994], [3.215816604, 51.02317420199999], [3.215870658, 51.02317420199999], [3.215870658, 51.023228255999996], [3.216086874, 51.023228255999996], [3.216086874, 51.02328230999999], [3.216140928, 51.02328230999999], [3.216140928, 51.023228255999996], [3.216194982, 51.023228255999996], [3.216194982, 51.02317420199999], [3.2162490360000002, 51.02317420199999], [3.2162490360000002, 51.023066093999994], [3.2163030900000003, 51.023066093999994], [3.2163030900000003, 51.022957985999994], [3.216357144, 51.022957985999994], [3.216357144, 51.02290393199999], [3.216411198, 51.02290393199999], [3.216411198, 51.02279582399999], [3.216465252, 51.02279582399999], [3.216465252, 51.02268771599999], [3.216519306, 51.02268771599999], [3.216519306, 51.022633662], [3.216681468, 51.022633662], [3.216681468, 51.02268771599999], [3.21684363, 51.02268771599999], [3.21684363, 51.022633662], [3.216897684, 51.022633662], [3.216897684, 51.022525554], [3.216951738, 51.022525554], [3.216951738, 51.022471499999995], [3.217005792, 51.022471499999995], [3.217005792, 51.02241744599999], [3.217059846, 51.02241744599999], [3.217059846, 51.022363391999995], [3.2171139, 51.022363391999995], [3.2171139, 51.02230933799999], [3.217167954, 51.02230933799999], [3.217167954, 51.02220122999999], [3.2172220080000002, 51.02220122999999], [3.2172220080000002, 51.022147176], [3.2171139, 51.022147176], [3.2171139, 51.022093121999994], [3.216735522, 51.022093121999994], [3.216735522, 51.02203906799999], [3.216519306, 51.02203906799999]]]}}, {"type": "Feature", "properties": {"id": "ftw-belgium-004", "country": "belgium", "source": "fields-of-the-world", "area_ha": 0.7285}, "geometry": {"type": "Polygon", "coordinates": [[[3.394374984, 50.92526809958824], [3.394374984, 50.92532180029412], [3.39432093, 50.92532180029412], [3.39432093, 50.925375501000005], [3.394266876, 50.925375501000005], [3.394266876, 50.92542920170588], [3.394212822, 50.92542920170588], [3.394212822, 50.925482902411765], [3.394158768, 50.925482902411765], [3.394158768, 50.92553660311765], [3.394104714, 50.92553660311765], [3.394104714, 50.92559030382353], [3.39405066, 50.92559030382353], [3.39405066, 50.92564400452942], [3.393996606, 50.92564400452942], [3.393996606, 50.925697705235294], [3.393942552, 50.925697705235294], [3.393942552, 50.92580510664706], [3.39405066, 50.92580510664706], [3.39405066, 50.925858807352945], [3.394158768, 50.925858807352945], [3.394158768, 50.92591250805882], [3.394266876, 50.92591250805882], [3.394266876, 50.925966208764706], [3.394374984, 50.925966208764706], [3.394374984, 50.92601990947059], [3.394483092, 50.92601990947059], [3.394483092, 50.92607361017647], [3.3946452540000003, 50.92607361017647], [3.3946452540000003, 50.92612731088236], [3.3947533620000003, 50.92612731088236], [3.3947533620000003, 50.92607361017647], [3.394807416, 50.92607361017647], [3.394807416, 50.92601990947059], [3.39486147, 50.92601990947059], [3.39486147, 50.925966208764706], [3.394915524, 50.925966208764706], [3.394915524, 50.92591250805882], [3.395023632, 50.92591250805882], [3.395023632, 50.925858807352945], [3.395077686, 50.925858807352945], [3.395077686, 50.92580510664706], [3.39513174, 50.92580510664706], [3.39513174, 50.92575140594118], [3.395239848, 50.92575140594118], [3.395239848, 50.92580510664706], [3.395347956, 50.92580510664706], [3.395347956, 50.925858807352945], [3.395293902, 50.925858807352945], [3.395293902, 50.92591250805882], [3.395239848, 50.92591250805882], [3.395239848, 50.925966208764706], [3.395185794, 50.925966208764706], [3.395185794, 50.92607361017647], [3.39513174, 50.92607361017647], [3.39513174, 50.92612731088236], [3.395185794, 50.92612731088236], [3.395185794, 50.926181011588234], [3.39540201, 50.926181011588234], [3.39540201, 50.92623471229412], [3.3956182260000003, 50.92623471229412], [3.3956182260000003, 50.926288413], [3.3956722800000003, 50.926288413], [3.3956722800000003, 50.92612731088236], [3.395726334, 50.92612731088236], [3.395726334, 50.925482902411765], [3.3956722800000003, 50.925482902411765], [3.3956722800000003, 50.92532180029412], [3.3956182260000003, 50.92532180029412], [3.3956182260000003, 50.925375501000005], [3.3955101180000002, 50.925375501000005], [3.3955101180000002, 50.92542920170588], [3.395456064, 50.92542920170588], [3.395456064, 50.925482902411765], [3.39540201, 50.925482902411765], [3.39540201, 50.92553660311765], [3.395293902, 50.92553660311765], [3.395293902, 50.92559030382353], [3.395239848, 50.92559030382353], [3.395239848, 50.92564400452942], [3.39513174, 50.92564400452942], [3.39513174, 50.925697705235294], [3.395077686, 50.925697705235294], [3.395077686, 50.92564400452942], [3.394969578, 50.92564400452942], [3.394969578, 50.92559030382353], [3.39486147, 50.92559030382353], [3.39486147, 50.92553660311765], [3.3947533620000003, 50.92553660311765], [3.3947533620000003, 50.925482902411765], [3.3946993080000003, 50.925482902411765], [3.3946993080000003, 50.92542920170588], [3.3945912000000003, 50.92542920170588], [3.3945912000000003, 50.925375501000005], [3.3945371460000002, 50.925375501000005], [3.3945371460000002, 50.92532180029412], [3.394429038, 50.92532180029412], [3.394429038, 50.92526809958824], [3.394374984, 50.92526809958824]]]}}, {"type": "Feature", "properties": {"id": "ftw-belgium-005", "country": "belgium", "source": "fields-of-the-world", "area_ha": 0.9112}, "geometry": {"type": "Polygon", "coordinates": [[[3.2135463360000003, 51.025768793999994], [3.2135463360000003, 51.025822848], [3.2134922820000003, 51.025822848], [3.2134922820000003, 51.025930955999996], [3.2134382280000002, 51.025930955999996], [3.2134382280000002, 51.026039063999995], [3.213384174, 51.026039063999995], [3.213384174, 51.026147171999995], [3.21333012, 51.026147171999995], [3.21333012, 51.026255279999994], [3.213276066, 51.026255279999994], [3.213276066, 51.026309334], [3.21333012, 51.026309334], [3.21333012, 51.02636338799999], [3.2134922820000003, 51.02636338799999], [3.2134922820000003, 51.026417441999996], [3.213708498, 51.026417441999996], [3.213708498, 51.026471496], [3.21387066, 51.026471496], [3.21387066, 51.026525549999995], [3.213978768, 51.026525549999995], [3.213978768, 51.026579604], [3.21414093, 51.026579604], [3.21414093, 51.026633657999994], [3.214249038, 51.026633657999994], [3.214249038, 51.026687712], [3.2144112000000002, 51.026687712], [3.2144112000000002, 51.026741765999994], [3.214627416, 51.026741765999994], [3.214627416, 51.02679582], [3.214789578, 51.02679582], [3.214789578, 51.02684987399999], [3.214897686, 51.02684987399999], [3.214897686, 51.02679582], [3.21495174, 51.02679582], [3.21495174, 51.026741765999994], [3.215005794, 51.026741765999994], [3.215005794, 51.026687712], [3.215113902, 51.026687712], [3.215113902, 51.026633657999994], [3.215167956, 51.026633657999994], [3.215167956, 51.026579604], [3.21522201, 51.026579604], [3.21522201, 51.026525549999995], [3.215276064, 51.026525549999995], [3.215276064, 51.026471496], [3.2153301180000002, 51.026471496], [3.2153301180000002, 51.026417441999996], [3.215438226, 51.026417441999996], [3.215438226, 51.02636338799999], [3.21549228, 51.02636338799999], [3.21549228, 51.026309334], [3.215276064, 51.026309334], [3.215276064, 51.026255279999994], [3.215113902, 51.026255279999994], [3.215113902, 51.026201226], [3.214897686, 51.026201226], [3.214897686, 51.026147171999995], [3.214735524, 51.026147171999995], [3.214735524, 51.026093118], [3.214519308, 51.026093118], [3.214519308, 51.026039063999995], [3.214357146, 51.026039063999995], [3.214357146, 51.02598501], [3.214194984, 51.02598501], [3.214194984, 51.025930955999996], [3.213978768, 51.025930955999996], [3.213978768, 51.02587690199999], [3.213816606, 51.02587690199999], [3.213816606, 51.025822848], [3.21360039, 51.025822848], [3.21360039, 51.025768793999994], [3.2135463360000003, 51.025768793999994]]]}}, {"type": "Feature", "properties": {"id": "ftw-belgium-006", "country": "belgium", "source": "fields-of-the-world", "area_ha": 1.1363}, "geometry": {"type": "Polygon", "coordinates": [[[3.219167952, 51.01857961199999], [3.219167952, 51.01863366599999], [3.21819498, 51.01863366599999], [3.21819498, 51.018687719999996], [3.217978764, 51.018687719999996], [3.217978764, 51.01874177399999], [3.218032818, 51.01874177399999], [3.218032818, 51.018903935999994], [3.218086872, 51.018903935999994], [3.218086872, 51.01912015199999], [3.2181409260000002, 51.01912015199999], [3.2181409260000002, 51.019282313999994], [3.21819498, 51.019282313999994], [3.21819498, 51.019552583999996], [3.218519304, 51.019552583999996], [3.218519304, 51.01949852999999], [3.21927606, 51.01949852999999], [3.21927606, 51.01944447599999], [3.219654438, 51.01944447599999], [3.219654438, 51.019282313999994], [3.219600384, 51.019282313999994], [3.219600384, 51.019174205999995], [3.21954633, 51.019174205999995], [3.21954633, 51.019066097999996], [3.219708492, 51.019066097999996], [3.219708492, 51.01901204399999], [3.219924708, 51.01901204399999], [3.219924708, 51.01895798999999], [3.219978762, 51.01895798999999], [3.219978762, 51.01884988199999], [3.219924708, 51.01884988199999], [3.219924708, 51.01863366599999], [3.219870654, 51.01863366599999], [3.219870654, 51.01857961199999], [3.219167952, 51.01857961199999]]]}}, {"type": "Feature", "properties": {"id": "ftw-belgium-007", "country": "belgium", "source": "fields-of-the-world", "area_ha": 1.4928}, "geometry": {"type": "Polygon", "coordinates": [[[3.21954633, 51.02636338799999], [3.21954633, 51.026417441999996], [3.219492276, 51.026417441999996], [3.219492276, 51.026471496], [3.219384168, 51.026471496], [3.219384168, 51.026525549999995], [3.219330114, 51.026525549999995], [3.219330114, 51.026579604], [3.219222006, 51.026579604], [3.219222006, 51.026633657999994], [3.219167952, 51.026633657999994], [3.219167952, 51.026687712], [3.2190598440000002, 51.026687712], [3.2190598440000002, 51.026741765999994], [3.21900579, 51.026741765999994], [3.21900579, 51.02679582], [3.218951736, 51.02679582], [3.218951736, 51.02684987399999], [3.218843628, 51.02684987399999], [3.218843628, 51.026903927999996], [3.218789574, 51.026903927999996], [3.218789574, 51.026957982], [3.218681466, 51.026957982], [3.218681466, 51.027012035999995], [3.218627412, 51.027012035999995], [3.218627412, 51.02706609], [3.218519304, 51.02706609], [3.218519304, 51.027120143999994], [3.21846525, 51.027120143999994], [3.21846525, 51.027174198], [3.218411196, 51.027174198], [3.218411196, 51.02722825199999], [3.218303088, 51.02722825199999], [3.218303088, 51.027282306], [3.218249034, 51.027282306], [3.218249034, 51.02733636], [3.21819498, 51.02733636], [3.21819498, 51.027390413999996], [3.218086872, 51.027390413999996], [3.218086872, 51.027444468], [3.21819498, 51.027444468], [3.21819498, 51.027498521999995], [3.218303088, 51.027498521999995], [3.218303088, 51.027552576], [3.218411196, 51.027552576], [3.218411196, 51.027606629999994], [3.218519304, 51.027606629999994], [3.218519304, 51.027660684], [3.218627412, 51.027660684], [3.218627412, 51.027714738], [3.21873552, 51.027714738], [3.21873552, 51.027768791999996], [3.218897682, 51.027768791999996], [3.218897682, 51.027822846], [3.21900579, 51.027822846], [3.21900579, 51.027876899999995], [3.2191138980000003, 51.027876899999995], [3.2191138980000003, 51.027930954], [3.219167952, 51.027930954], [3.219167952, 51.027876899999995], [3.21927606, 51.027876899999995], [3.21927606, 51.027822846], [3.219330114, 51.027822846], [3.219330114, 51.027768791999996], [3.219438222, 51.027768791999996], [3.219438222, 51.027714738], [3.21954633, 51.027714738], [3.21954633, 51.027660684], [3.219600384, 51.027660684], [3.219600384, 51.027606629999994], [3.219708492, 51.027606629999994], [3.219708492, 51.027552576], [3.219762546, 51.027552576], [3.219762546, 51.027498521999995], [3.219870654, 51.027498521999995], [3.219870654, 51.027444468], [3.219924708, 51.027444468], [3.219924708, 51.027390413999996], [3.2200328160000002, 51.027390413999996], [3.2200328160000002, 51.02733636], [3.22008687, 51.02733636], [3.22008687, 51.027282306], [3.220194978, 51.027282306], [3.220194978, 51.02722825199999], [3.220249032, 51.02722825199999], [3.220249032, 51.027174198], [3.22035714, 51.027174198], [3.22035714, 51.027120143999994], [3.220411194, 51.027120143999994], [3.220411194, 51.02706609], [3.220519302, 51.02706609], [3.220519302, 51.027012035999995], [3.22062741, 51.027012035999995], [3.22062741, 51.026957982], [3.220681464, 51.026957982], [3.220681464, 51.026903927999996], [3.220573356, 51.026903927999996], [3.220573356, 51.02684987399999], [3.220465248, 51.02684987399999], [3.220465248, 51.02679582], [3.22035714, 51.02679582], [3.22035714, 51.026741765999994], [3.220249032, 51.026741765999994], [3.220249032, 51.026687712], [3.220140924, 51.026687712], [3.220140924, 51.026633657999994], [3.2200328160000002, 51.026633657999994], [3.2200328160000002, 51.026579604], [3.219924708, 51.026579604], [3.219924708, 51.026525549999995], [3.2198166, 51.026525549999995], [3.2198166, 51.026471496], [3.219708492, 51.026471496], [3.219708492, 51.026417441999996], [3.219600384, 51.026417441999996], [3.219600384, 51.02636338799999], [3.21954633, 51.02636338799999]]]}}, {"type": "Feature", "properties": {"id": "ftw-belgium-008", "country": "belgium", "source": "fields-of-the-world", "area_ha": 1.8859}, "geometry": {"type": "Polygon", "coordinates": [[[3.21927606, 51.027876899999995], [3.21927606, 51.027930954], [3.219167952, 51.027930954], [3.219167952, 51.027985007999995], [3.2191138980000003, 51.027985007999995], [3.2191138980000003, 51.028039062], [3.21900579, 51.028039062], [3.21900579, 51.028093115999994], [3.218951736, 51.028093115999994], [3.218951736, 51.02814717], [3.218843628, 51.02814717], [3.218843628, 51.028201224], [3.218789574, 51.028201224], [3.218789574, 51.028255277999996], [3.21873552, 51.028255277999996], [3.21873552, 51.028309332], [3.218627412, 51.028309332], [3.218627412, 51.028363385999995], [3.218573358, 51.028363385999995], [3.218573358, 51.02841744], [3.21846525, 51.02841744], [3.21846525, 51.028471493999994], [3.218411196, 51.028471493999994], [3.218411196, 51.028525548], [3.218303088, 51.028525548], [3.218303088, 51.02857960199999], [3.218249034, 51.02857960199999], [3.218249034, 51.028633656], [3.21819498, 51.028633656], [3.21819498, 51.02868771], [3.218086872, 51.02868771], [3.218086872, 51.028741763999996], [3.218032818, 51.028741763999996], [3.218032818, 51.028795818], [3.217978764, 51.028795818], [3.217978764, 51.028849871999995], [3.21792471, 51.028849871999995], [3.21792471, 51.028903926], [3.217870656, 51.028903926], [3.217870656, 51.028957979999994], [3.217762548, 51.028957979999994], [3.217762548, 51.029012034], [3.217708494, 51.029012034], [3.217708494, 51.029066088], [3.21765444, 51.029066088], [3.21765444, 51.029120142], [3.217600386, 51.029120142], [3.217600386, 51.029174196], [3.217492278, 51.029174196], [3.217492278, 51.029228249999996], [3.217438224, 51.029228249999996], [3.217438224, 51.029282304], [3.217492278, 51.029282304], [3.217492278, 51.029336357999995], [3.217600386, 51.029336357999995], [3.217600386, 51.029390412], [3.218411196, 51.029390412], [3.218411196, 51.029444466], [3.219222006, 51.029444466], [3.219222006, 51.029390412], [3.21927606, 51.029390412], [3.21927606, 51.029336357999995], [3.219384168, 51.029336357999995], [3.219384168, 51.029282304], [3.219438222, 51.029282304], [3.219438222, 51.029228249999996], [3.21954633, 51.029228249999996], [3.21954633, 51.029174196], [3.219600384, 51.029174196], [3.219600384, 51.029120142], [3.219654438, 51.029120142], [3.219654438, 51.029066088], [3.219708492, 51.029066088], [3.219708492, 51.029012034], [3.219762546, 51.029012034], [3.219762546, 51.028957979999994], [3.219870654, 51.028957979999994], [3.219870654, 51.028903926], [3.219924708, 51.028903926], [3.219924708, 51.028849871999995], [3.219978762, 51.028849871999995], [3.219978762, 51.028795818], [3.2200328160000002, 51.028795818], [3.2200328160000002, 51.028741763999996], [3.22008687, 51.028741763999996], [3.22008687, 51.02868771], [3.220194978, 51.02868771], [3.220194978, 51.028633656], [3.220249032, 51.028633656], [3.220249032, 51.02857960199999], [3.220303086, 51.02857960199999], [3.220303086, 51.028525548], [3.22035714, 51.028525548], [3.22035714, 51.02841744], [3.220249032, 51.02841744], [3.220249032, 51.028363385999995], [3.220140924, 51.028363385999995], [3.220140924, 51.028309332], [3.2200328160000002, 51.028309332], [3.2200328160000002, 51.028255277999996], [3.219924708, 51.028255277999996], [3.219924708, 51.028201224], [3.2198166, 51.028201224], [3.2198166, 51.02814717], [3.219708492, 51.02814717], [3.219708492, 51.028093115999994], [3.219600384, 51.028093115999994], [3.219600384, 51.028039062], [3.219492276, 51.028039062], [3.219492276, 51.027985007999995], [3.219384168, 51.027985007999995], [3.219384168, 51.027930954], [3.219330114, 51.027930954], [3.219330114, 51.027876899999995], [3.21927606, 51.027876899999995]]]}}, {"type": "Feature", "properties": {"id": "ftw-belgium-009", "country": "belgium", "source": "fields-of-the-world", "area_ha": 2.2134}, "geometry": {"type": "Polygon", "coordinates": [[[3.216194982, 51.02020123199999], [3.216194982, 51.020255285999994], [3.2162490360000002, 51.020255285999994], [3.2162490360000002, 51.020417447999996], [3.2163030900000003, 51.020417447999996], [3.2163030900000003, 51.02047150199999], [3.216357144, 51.02047150199999], [3.216357144, 51.02057960999999], [3.216411198, 51.02057960999999], [3.216411198, 51.020633663999995], [3.216465252, 51.020633663999995], [3.216465252, 51.02068771799999], [3.216519306, 51.02068771799999], [3.216519306, 51.020795826], [3.21657336, 51.020795826], [3.21657336, 51.02084987999999], [3.216627414, 51.02084987999999], [3.216627414, 51.020903933999996], [3.216681468, 51.020903933999996], [3.216681468, 51.021012041999995], [3.216735522, 51.021012041999995], [3.216735522, 51.02106609599999], [3.216789576, 51.02106609599999], [3.216789576, 51.021120149999994], [3.21684363, 51.021120149999994], [3.21684363, 51.021228257999994], [3.216897684, 51.021228257999994], [3.216897684, 51.021282312], [3.216951738, 51.021282312], [3.216951738, 51.02133636599999], [3.217005792, 51.02133636599999], [3.217005792, 51.021390419999996], [3.217059846, 51.021390419999996], [3.217059846, 51.021498527999995], [3.218681466, 51.021498527999995], [3.218681466, 51.021390419999996], [3.21873552, 51.021390419999996], [3.21873552, 51.02133636599999], [3.218789574, 51.02133636599999], [3.218789574, 51.021282312], [3.218843628, 51.021282312], [3.218843628, 51.02117420399999], [3.218897682, 51.02117420399999], [3.218897682, 51.021120149999994], [3.218951736, 51.021120149999994], [3.218951736, 51.02106609599999], [3.21900579, 51.02106609599999], [3.21900579, 51.02095798799999], [3.2190598440000002, 51.02095798799999], [3.2190598440000002, 51.020903933999996], [3.2191138980000003, 51.020903933999996], [3.2191138980000003, 51.02084987999999], [3.219167952, 51.02084987999999], [3.219167952, 51.020741771999994], [3.219222006, 51.020741771999994], [3.219222006, 51.020633663999995], [3.219167952, 51.020633663999995], [3.219167952, 51.02057960999999], [3.2191138980000003, 51.02057960999999], [3.2191138980000003, 51.020525555999996], [3.2190598440000002, 51.020525555999996], [3.2190598440000002, 51.020417447999996], [3.21900579, 51.020417447999996], [3.21900579, 51.02036339399999], [3.218519304, 51.02036339399999], [3.218519304, 51.02030933999999], [3.217600386, 51.02030933999999], [3.217600386, 51.020255285999994], [3.216357144, 51.020255285999994], [3.216357144, 51.02020123199999], [3.216194982, 51.02020123199999]]]}}, {"type": "Feature", "properties": {"id": "ftw-belgium-010", "country": "belgium", "source": "fields-of-the-world", "area_ha": 2.6906}, "geometry": {"type": "Polygon", "coordinates": [[[3.2153301180000002, 51.020255285999994], [3.2153301180000002, 51.02030933999999], [3.215167956, 51.02030933999999], [3.215167956, 51.02036339399999], [3.215059848, 51.02036339399999], [3.215059848, 51.020417447999996], [3.21495174, 51.020417447999996], [3.21495174, 51.020525555999996], [3.215005794, 51.020525555999996], [3.215005794, 51.020633663999995], [3.215059848, 51.020633663999995], [3.215059848, 51.020741771999994], [3.215113902, 51.020741771999994], [3.215113902, 51.02084987999999], [3.215167956, 51.02084987999999], [3.215167956, 51.020903933999996], [3.214843632, 51.020903933999996], [3.214843632, 51.02084987999999], [3.214303092, 51.02084987999999], [3.214303092, 51.020795826], [3.213978768, 51.020795826], [3.213978768, 51.02084987999999], [3.213924714, 51.02084987999999], [3.213924714, 51.020903933999996], [3.21387066, 51.020903933999996], [3.21387066, 51.02095798799999], [3.213816606, 51.02095798799999], [3.213816606, 51.021012041999995], [3.213762552, 51.021012041999995], [3.213762552, 51.02106609599999], [3.213708498, 51.02106609599999], [3.213708498, 51.02117420399999], [3.213654444, 51.02117420399999], [3.213654444, 51.021228257999994], [3.21360039, 51.021228257999994], [3.21360039, 51.021282312], [3.2135463360000003, 51.021282312], [3.2135463360000003, 51.02133636599999], [3.2134922820000003, 51.02133636599999], [3.2134922820000003, 51.021390419999996], [3.213708498, 51.021390419999996], [3.213708498, 51.02144447399999], [3.213978768, 51.02144447399999], [3.213978768, 51.021498527999995], [3.214194984, 51.021498527999995], [3.214194984, 51.02155258199999], [3.2144652540000003, 51.02155258199999], [3.2144652540000003, 51.021606635999994], [3.214789578, 51.021606635999994], [3.214789578, 51.02166068999999], [3.215113902, 51.02166068999999], [3.215113902, 51.02171474399999], [3.215546334, 51.02171474399999], [3.215546334, 51.021768798], [3.21576255, 51.021768798], [3.21576255, 51.02182285199999], [3.216194982, 51.02182285199999], [3.216194982, 51.021876905999996], [3.216681468, 51.021876905999996], [3.216681468, 51.02193095999999], [3.216951738, 51.02193095999999], [3.216951738, 51.021985013999995], [3.2172220080000002, 51.021985013999995], [3.2172220080000002, 51.02203906799999], [3.21738417, 51.02203906799999], [3.21738417, 51.02193095999999], [3.217330116, 51.02193095999999], [3.217330116, 51.021876905999996], [3.217276062, 51.021876905999996], [3.217276062, 51.02182285199999], [3.2172220080000002, 51.02182285199999], [3.2172220080000002, 51.021768798], [3.217167954, 51.021768798], [3.217167954, 51.02166068999999], [3.2171139, 51.02166068999999], [3.2171139, 51.021606635999994], [3.217059846, 51.021606635999994], [3.217059846, 51.02155258199999], [3.217005792, 51.02155258199999], [3.217005792, 51.021498527999995], [3.216951738, 51.021498527999995], [3.216951738, 51.02144447399999], [3.216897684, 51.02144447399999], [3.216897684, 51.02133636599999], [3.21684363, 51.02133636599999], [3.21684363, 51.021282312], [3.216789576, 51.021282312], [3.216789576, 51.021228257999994], [3.216735522, 51.021228257999994], [3.216735522, 51.021120149999994], [3.216681468, 51.021120149999994], [3.216681468, 51.02106609599999], [3.216627414, 51.02106609599999], [3.216627414, 51.02095798799999], [3.21657336, 51.02095798799999], [3.21657336, 51.020903933999996], [3.216519306, 51.020903933999996], [3.216519306, 51.02084987999999], [3.216465252, 51.02084987999999], [3.216465252, 51.020741771999994], [3.216411198, 51.020741771999994], [3.216411198, 51.02068771799999], [3.216357144, 51.02068771799999], [3.216357144, 51.020633663999995], [3.2163030900000003, 51.020633663999995], [3.2163030900000003, 51.020525555999996], [3.2162490360000002, 51.020525555999996], [3.2162490360000002, 51.02047150199999], [3.216194982, 51.02047150199999], [3.216194982, 51.020417447999996], [3.216140928, 51.020417447999996], [3.216140928, 51.02036339399999], [3.215978766, 51.02036339399999], [3.215978766, 51.02030933999999], [3.215654442, 51.02030933999999], [3.215654442, 51.020255285999994], [3.2153301180000002, 51.020255285999994]]]}}, {"type": "Feature", "properties": {"id": "ftw-belgium-011", "country": "belgium", "source": "fields-of-the-world", "area_ha": 3.0686}, "geometry": {"type": "Polygon", "coordinates": [[[3.0856459162941174, 51.21659743199999], [3.0856459162941174, 51.216651485999996], [3.0853237120588237, 51.216651485999996], [3.0853237120588237, 51.21670553999999], [3.0850015078235296, 51.21670553999999], [3.0850015078235296, 51.216759593999996], [3.0846793035882354, 51.216759593999996], [3.0846793035882354, 51.21681364799999], [3.0845182014705883, 51.21681364799999], [3.0845182014705883, 51.216867701999995], [3.084464500764706, 51.216867701999995], [3.084464500764706, 51.216975809999994], [3.0844108000588237, 51.216975809999994], [3.0844108000588237, 51.21708391799999], [3.0843570993529412, 51.21708391799999], [3.0843570993529412, 51.21719202599999], [3.0843033986470587, 51.21719202599999], [3.0843033986470587, 51.217354187999995], [3.0842496979411766, 51.217354187999995], [3.0842496979411766, 51.217462295999994], [3.084195997235294, 51.217462295999994], [3.084195997235294, 51.21757040399999], [3.0841422965294116, 51.21757040399999], [3.0841422965294116, 51.217732565999995], [3.0840885958235296, 51.217732565999995], [3.0840885958235296, 51.217840673999994], [3.084034895117647, 51.217840673999994], [3.084034895117647, 51.21794878199999], [3.0839811944117645, 51.21794878199999], [3.0839811944117645, 51.218110943999996], [3.0839274937058825, 51.218110943999996], [3.0839274937058825, 51.218219051999995], [3.083873793, 51.218219051999995], [3.083873793, 51.218381214], [3.0838200922941175, 51.218381214], [3.0838200922941175, 51.218489321999996], [3.0837663915882354, 51.218489321999996], [3.0837663915882354, 51.218597429999996], [3.083712690882353, 51.218597429999996], [3.083712690882353, 51.218759592], [3.0836589901764704, 51.218759592], [3.0836589901764704, 51.2188677], [3.0836052894705883, 51.2188677], [3.0836052894705883, 51.218975807999996], [3.083551588764706, 51.218975807999996], [3.083551588764706, 51.219083915999995], [3.0836589901764704, 51.219083915999995], [3.0836589901764704, 51.21913796999999], [3.083873793, 51.21913796999999], [3.083873793, 51.219192023999994], [3.0840885958235296, 51.219192023999994], [3.0840885958235296, 51.219246078], [3.0843033986470587, 51.219246078], [3.0843033986470587, 51.219300131999994], [3.0845182014705883, 51.219300131999994], [3.0845182014705883, 51.219354186], [3.0847330042941175, 51.219354186], [3.0847330042941175, 51.21940823999999], [3.0848404057058825, 51.21940823999999], [3.0848404057058825, 51.219354186], [3.0848941064117645, 51.219354186], [3.0848941064117645, 51.219300131999994], [3.084947807117647, 51.219300131999994], [3.084947807117647, 51.219192023999994], [3.0850015078235296, 51.219192023999994], [3.0850015078235296, 51.21913796999999], [3.0850552085294116, 51.21913796999999], [3.0850552085294116, 51.219083915999995], [3.085108909235294, 51.219083915999995], [3.085108909235294, 51.21902986199999], [3.0851626099411766, 51.21902986199999], [3.0851626099411766, 51.218975807999996], [3.0852163106470587, 51.218975807999996], [3.0852163106470587, 51.2188677], [3.085270011352941, 51.2188677], [3.085270011352941, 51.218813645999994], [3.0853237120588237, 51.218813645999994], [3.0853237120588237, 51.218759592], [3.085377412764706, 51.218759592], [3.085377412764706, 51.21865148399999], [3.0854311134705883, 51.21865148399999], [3.0854311134705883, 51.21854337599999], [3.085484814176471, 51.21854337599999], [3.085484814176471, 51.21843526799999], [3.085538514882353, 51.21843526799999], [3.085538514882353, 51.218273106], [3.0855922155882354, 51.218273106], [3.0855922155882354, 51.218110943999996], [3.0856459162941174, 51.218110943999996], [3.0856459162941174, 51.217894728], [3.085699617, 51.217894728], [3.085699617, 51.217732565999995], [3.0857533177058825, 51.217732565999995], [3.0857533177058825, 51.21751635], [3.0858070184117645, 51.21751635], [3.0858070184117645, 51.217029864], [3.0857533177058825, 51.217029864], [3.0857533177058825, 51.21659743199999], [3.0856459162941174, 51.21659743199999]]]}}, {"type": "Feature", "properties": {"id": "ftw-belgium-012", "country": "belgium", "source": "fields-of-the-world", "area_ha": 3.2987}, "geometry": {"type": "Polygon", "coordinates": [[[3.39621282, 50.92070353958824], [3.39621282, 50.920757240294115], [3.396158766, 50.920757240294115], [3.396158766, 50.92086464170588], [3.396104712, 50.92086464170588], [3.396104712, 50.92097204311765], [3.395834442, 50.92097204311765], [3.395834442, 50.92107944452941], [3.395780388, 50.92107944452941], [3.395780388, 50.92118684594118], [3.395726334, 50.92118684594118], [3.395726334, 50.92145534947059], [3.3956722800000003, 50.92145534947059], [3.3956722800000003, 50.92167015229412], [3.395726334, 50.92167015229412], [3.395726334, 50.92177755370588], [3.395780388, 50.92177755370588], [3.395780388, 50.921831254411764], [3.39594255, 50.921831254411764], [3.39594255, 50.92188495511765], [3.396104712, 50.92188495511765], [3.396104712, 50.92193865582353], [3.396320928, 50.92193865582353], [3.396320928, 50.921992356529415], [3.3964830900000003, 50.921992356529415], [3.3964830900000003, 50.92204605723529], [3.396645252, 50.92204605723529], [3.396645252, 50.922099757941176], [3.396807414, 50.922099757941176], [3.396807414, 50.92215345864706], [3.396915522, 50.92215345864706], [3.396915522, 50.92220715935294], [3.39702363, 50.92220715935294], [3.39702363, 50.92226086005883], [3.397185792, 50.92226086005883], [3.397185792, 50.922314560764704], [3.3974020080000003, 50.922314560764704], [3.3974020080000003, 50.92236826147059], [3.39756417, 50.92236826147059], [3.39756417, 50.92242196217647], [3.397726332, 50.92242196217647], [3.397726332, 50.922475662882356], [3.397942548, 50.922475662882356], [3.397942548, 50.92252936358824], [3.39810471, 50.92252936358824], [3.39810471, 50.922583064294116], [3.398266872, 50.922583064294116], [3.398266872, 50.922636765], [3.3984830880000003, 50.922636765], [3.3984830880000003, 50.922690465705884], [3.39864525, 50.922690465705884], [3.39864525, 50.92274416641177], [3.398753358, 50.92274416641177], [3.398753358, 50.922690465705884], [3.398807412, 50.922690465705884], [3.398807412, 50.922583064294116], [3.398861466, 50.922583064294116], [3.398861466, 50.92252936358824], [3.39891552, 50.92252936358824], [3.39891552, 50.922475662882356], [3.398969574, 50.922475662882356], [3.398969574, 50.92242196217647], [3.399023628, 50.92242196217647], [3.399023628, 50.922314560764704], [3.399077682, 50.922314560764704], [3.399077682, 50.92226086005883], [3.399131736, 50.92226086005883], [3.399131736, 50.92220715935294], [3.39918579, 50.92220715935294], [3.39918579, 50.92215345864706], [3.3992398440000002, 50.92215345864706], [3.3992398440000002, 50.92204605723529], [3.3992938980000003, 50.92204605723529], [3.3992938980000003, 50.921992356529415], [3.3993479520000003, 50.921992356529415], [3.3993479520000003, 50.92193865582353], [3.3994020060000003, 50.92193865582353], [3.3994020060000003, 50.92188495511765], [3.39945606, 50.92188495511765], [3.39945606, 50.92177755370588], [3.399510114, 50.92177755370588], [3.399510114, 50.92167015229412], [3.3993479520000003, 50.92167015229412], [3.3993479520000003, 50.921616451588235], [3.39918579, 50.921616451588235], [3.39918579, 50.92156275088235], [3.399023628, 50.92156275088235], [3.399023628, 50.92150905017647], [3.398807412, 50.92150905017647], [3.398807412, 50.92145534947059], [3.39864525, 50.92145534947059], [3.39864525, 50.92140164876471], [3.3984830880000003, 50.92140164876471], [3.3984830880000003, 50.92134794805882], [3.3983209260000002, 50.92134794805882], [3.3983209260000002, 50.92129424735294], [3.398158764, 50.92129424735294], [3.398158764, 50.921240546647056], [3.397996602, 50.921240546647056], [3.397996602, 50.92118684594118], [3.39783444, 50.92118684594118], [3.39783444, 50.921133145235295], [3.397618224, 50.921133145235295], [3.397618224, 50.92107944452941], [3.3974560620000003, 50.92107944452941], [3.3974560620000003, 50.92102574382353], [3.3972939, 50.92102574382353], [3.3972939, 50.92097204311765], [3.397131738, 50.92097204311765], [3.397131738, 50.92091834241177], [3.396969576, 50.92091834241177], [3.396969576, 50.92086464170588], [3.39675336, 50.92086464170588], [3.39675336, 50.920810941], [3.3965371440000003, 50.920810941], [3.3965371440000003, 50.920757240294115], [3.396320928, 50.920757240294115], [3.396320928, 50.92070353958824], [3.39621282, 50.92070353958824]]]}}, {"type": "Feature", "properties": {"id": "ftw-belgium-013", "country": "belgium", "source": "fields-of-the-world", "area_ha": 5.3747}, "geometry": {"type": "Polygon", "coordinates": [[[3.0834978880588237, 51.21913796999999], [3.0834978880588237, 51.219192023999994], [3.0834441873529412, 51.219192023999994], [3.0834441873529412, 51.219246078], [3.0833904866470587, 51.219246078], [3.0833904866470587, 51.219300131999994], [3.0833367859411767, 51.219300131999994], [3.0833367859411767, 51.219354186], [3.083283085235294, 51.219354186], [3.083283085235294, 51.21940823999999], [3.0832293845294116, 51.21940823999999], [3.0832293845294116, 51.219462293999996], [3.083121983117647, 51.219462293999996], [3.083121983117647, 51.21951634799999], [3.0830682824117646, 51.21951634799999], [3.0830682824117646, 51.219570401999995], [3.0830145817058825, 51.219570401999995], [3.0830145817058825, 51.219624456], [3.082960881, 51.219624456], [3.082960881, 51.219678509999994], [3.0829071802941175, 51.219678509999994], [3.0829071802941175, 51.219732564], [3.0828534795882354, 51.219732564], [3.0828534795882354, 51.21978661799999], [3.0826923774705883, 51.21978661799999], [3.0826923774705883, 51.219840672], [3.082638676764706, 51.219840672], [3.082638676764706, 51.21989472599999], [3.0825849760588238, 51.21989472599999], [3.0825849760588238, 51.219948779999996], [3.0825312753529412, 51.219948779999996], [3.0825312753529412, 51.220002834], [3.0824775746470587, 51.220002834], [3.0824775746470587, 51.220056887999995], [3.0824238739411767, 51.220056887999995], [3.0824238739411767, 51.220110942], [3.082370173235294, 51.220110942], [3.082370173235294, 51.220164995999994], [3.0823164725294117, 51.220164995999994], [3.0823164725294117, 51.22021905], [3.0822627718235296, 51.22021905], [3.0822627718235296, 51.22027310399999], [3.082209071117647, 51.22027310399999], [3.082209071117647, 51.220327157999996], [3.0821553704117646, 51.220327157999996], [3.0821553704117646, 51.22038121199999], [3.0821016697058825, 51.22038121199999], [3.0821016697058825, 51.220435265999996], [3.082047969, 51.220435265999996], [3.082047969, 51.22048932], [3.0819942682941175, 51.22048932], [3.0819942682941175, 51.220597428], [3.0819405675882354, 51.220597428], [3.0819405675882354, 51.220705536], [3.081886866882353, 51.220705536], [3.081886866882353, 51.22075958999999], [3.0818331661764704, 51.22075958999999], [3.0818331661764704, 51.22086769799999], [3.0817794654705883, 51.22086769799999], [3.0817794654705883, 51.220921751999995], [3.081725764764706, 51.220921751999995], [3.081725764764706, 51.221029859999994], [3.0816720640588238, 51.221029859999994], [3.0816720640588238, 51.221137967999994], [3.0816183633529413, 51.221137967999994], [3.0816183633529413, 51.221192022], [3.0815646626470587, 51.221192022], [3.0815646626470587, 51.221300129999996], [3.0815109619411767, 51.221300129999996], [3.0815109619411767, 51.221408237999995], [3.081457261235294, 51.221408237999995], [3.081457261235294, 51.221462292], [3.0814035605294117, 51.221462292], [3.0814035605294117, 51.221516345999994], [3.0813498598235296, 51.221516345999994], [3.0813498598235296, 51.2215704], [3.081296159117647, 51.2215704], [3.081296159117647, 51.221678508], [3.0812424584117646, 51.221678508], [3.0812424584117646, 51.221732562], [3.0811887577058825, 51.221732562], [3.0811887577058825, 51.221786615999996], [3.081135057, 51.221786615999996], [3.081135057, 51.22184067], [3.0810813562941175, 51.22184067], [3.0810813562941175, 51.221948778], [3.0810276555882354, 51.221948778], [3.0810276555882354, 51.222056886], [3.080973954882353, 51.222056886], [3.080973954882353, 51.222164993999996], [3.0809202541764704, 51.222164993999996], [3.0809202541764704, 51.222273101999996], [3.0808665534705884, 51.222273101999996], [3.0808665534705884, 51.222381209999995], [3.080812852764706, 51.222381209999995], [3.080812852764706, 51.222489317999994], [3.0807591520588233, 51.222489317999994], [3.0807591520588233, 51.22259742599999], [3.0807054513529413, 51.22259742599999], [3.0807054513529413, 51.222705534], [3.0807591520588233, 51.222705534], [3.0807591520588233, 51.222759587999995], [3.080812852764706, 51.222759587999995], [3.080812852764706, 51.222813642], [3.0808665534705884, 51.222813642], [3.0808665534705884, 51.222867695999994], [3.0809202541764704, 51.222867695999994], [3.0809202541764704, 51.22292175], [3.080973954882353, 51.22292175], [3.080973954882353, 51.223029858], [3.0810276555882354, 51.223029858], [3.0810276555882354, 51.223083912], [3.0810813562941175, 51.223083912], [3.0810813562941175, 51.223137965999996], [3.081135057, 51.223137965999996], [3.081135057, 51.223246073999995], [3.0811887577058825, 51.223246073999995], [3.0811887577058825, 51.223300128], [3.0812424584117646, 51.223300128], [3.0812424584117646, 51.223354181999994], [3.081296159117647, 51.223354181999994], [3.081296159117647, 51.22346229], [3.0814035605294117, 51.22346229], [3.0814035605294117, 51.223408236], [3.0815109619411767, 51.223408236], [3.0815109619411767, 51.223354181999994], [3.0816183633529413, 51.223354181999994], [3.0816183633529413, 51.223300128], [3.081725764764706, 51.223300128], [3.081725764764706, 51.223246073999995], [3.0817794654705883, 51.223246073999995], [3.0817794654705883, 51.22319202], [3.0818331661764704, 51.22319202], [3.0818331661764704, 51.223137965999996], [3.0819405675882354, 51.223137965999996], [3.0819405675882354, 51.223083912], [3.0819942682941175, 51.223083912], [3.0819942682941175, 51.223029858], [3.0821016697058825, 51.223029858], [3.0821016697058825, 51.222975803999994], [3.0821553704117646, 51.222975803999994], [3.0821553704117646, 51.22292175], [3.082209071117647, 51.22292175], [3.082209071117647, 51.222867695999994], [3.0823164725294117, 51.222867695999994], [3.0823164725294117, 51.222813642], [3.082370173235294, 51.222813642], [3.082370173235294, 51.222705534], [3.0824238739411767, 51.222705534], [3.0824238739411767, 51.222651479999996], [3.0824775746470587, 51.222651479999996], [3.0824775746470587, 51.22259742599999], [3.0825312753529412, 51.22259742599999], [3.0825312753529412, 51.222489317999994], [3.0825849760588238, 51.222489317999994], [3.0825849760588238, 51.222435264], [3.082638676764706, 51.222435264], [3.082638676764706, 51.222327156], [3.0826923774705883, 51.222327156], [3.0826923774705883, 51.222273101999996], [3.0827460781764704, 51.222273101999996], [3.0827460781764704, 51.222219048], [3.082799778882353, 51.222219048], [3.082799778882353, 51.22211093999999], [3.0828534795882354, 51.22211093999999], [3.0828534795882354, 51.222056886], [3.0829071802941175, 51.222056886], [3.0829071802941175, 51.221948778], [3.082960881, 51.221948778], [3.082960881, 51.221894723999995], [3.0830145817058825, 51.221894723999995], [3.0830145817058825, 51.22184067], [3.0830682824117646, 51.22184067], [3.0830682824117646, 51.221732562], [3.083121983117647, 51.221732562], [3.083121983117647, 51.221678508], [3.0831756838235296, 51.221678508], [3.0831756838235296, 51.2215704], [3.0832293845294116, 51.2215704], [3.0832293845294116, 51.221516345999994], [3.083283085235294, 51.221516345999994], [3.083283085235294, 51.221462292], [3.0833367859411767, 51.221462292], [3.0833367859411767, 51.221354184], [3.0833904866470587, 51.221354184], [3.0833904866470587, 51.221300129999996], [3.0834441873529412, 51.221300129999996], [3.0834441873529412, 51.221192022], [3.0834978880588237, 51.221192022], [3.0834978880588237, 51.221137967999994], [3.083551588764706, 51.221137967999994], [3.083551588764706, 51.221083914], [3.0836052894705883, 51.221083914], [3.0836052894705883, 51.220975806], [3.0836589901764704, 51.220975806], [3.0836589901764704, 51.220921751999995], [3.083712690882353, 51.220921751999995], [3.083712690882353, 51.220813643999996], [3.0837663915882354, 51.220813643999996], [3.0837663915882354, 51.22075958999999], [3.0838200922941175, 51.22075958999999], [3.0838200922941175, 51.220705536], [3.083873793, 51.220705536], [3.083873793, 51.220597428], [3.0839274937058825, 51.220597428], [3.0839274937058825, 51.220543373999995], [3.0839811944117645, 51.220543373999995], [3.0839811944117645, 51.220435265999996], [3.084034895117647, 51.220435265999996], [3.084034895117647, 51.22038121199999], [3.0840885958235296, 51.22038121199999], [3.0840885958235296, 51.220327157999996], [3.0841422965294116, 51.220327157999996], [3.0841422965294116, 51.22021905], [3.084195997235294, 51.22021905], [3.084195997235294, 51.220164995999994], [3.0843033986470587, 51.220164995999994], [3.0843033986470587, 51.220056887999995], [3.0843570993529412, 51.220056887999995], [3.0843570993529412, 51.220002834], [3.0844108000588237, 51.220002834], [3.0844108000588237, 51.21989472599999], [3.084464500764706, 51.21989472599999], [3.084464500764706, 51.21978661799999], [3.0845182014705883, 51.21978661799999], [3.0845182014705883, 51.219732564], [3.084571902176471, 51.219732564], [3.084571902176471, 51.219678509999994], [3.084625602882353, 51.219678509999994], [3.084625602882353, 51.219624456], [3.0846793035882354, 51.219624456], [3.0846793035882354, 51.21951634799999], [3.0847330042941175, 51.21951634799999], [3.0847330042941175, 51.219462293999996], [3.0846793035882354, 51.219462293999996], [3.0846793035882354, 51.21940823999999], [3.084464500764706, 51.21940823999999], [3.084464500764706, 51.219354186], [3.0842496979411766, 51.219354186], [3.0842496979411766, 51.219300131999994], [3.084034895117647, 51.219300131999994], [3.084034895117647, 51.219246078], [3.0838200922941175, 51.219246078], [3.0838200922941175, 51.219192023999994], [3.0836052894705883, 51.219192023999994], [3.0836052894705883, 51.21913796999999], [3.0834978880588237, 51.21913796999999]]]}}, {"type": "Feature", "properties": {"id": "ftw-brazil-000", "country": "brazil", "source": "fields-of-the-world", "area_ha": 17.1382}, "geometry": {"type": "Polygon", "coordinates": [[[-45.993485537999995, -12.116726622], [-45.993485537999995, -12.116618513999999], [-45.993539592, -12.116618513999999], [-45.993539592, -12.116510406], [-45.993593646, -12.116510406], [-45.993593646, -12.116456351999998], [-45.9936477, -12.116456351999998], [-45.9936477, -12.116348244], [-45.993701754, -12.116348244], [-45.993701754, -12.116240136], [-45.993755807999996, -12.116240136], [-45.993755807999996, -12.116132027999999], [-45.993809862, -12.116132027999999], [-45.993809862, -12.116077974], [-45.993863915999995, -12.116077974], [-45.993863915999995, -12.115969865999999], [-45.99391797, -12.115969865999999], [-45.99391797, -12.115861758], [-45.993972024, -12.115861758], [-45.993972024, -12.115807704], [-45.994026078, -12.115807704], [-45.994026078, -12.115699595999999], [-45.994080132, -12.115699595999999], [-45.994080132, -12.115591488], [-45.994134186, -12.115591488], [-45.994134186, -12.115483379999999], [-45.99418824, -12.115483379999999], [-45.99418824, -12.115429326], [-45.994242293999996, -12.115429326], [-45.994242293999996, -12.115321218], [-45.994296348, -12.115321218], [-45.994296348, -12.11521311], [-45.994350401999995, -12.11521311], [-45.994350401999995, -12.115159056], [-45.994404456, -12.115159056], [-45.994404456, -12.115050947999999], [-45.99445851, -12.115050947999999], [-45.99445851, -12.11494284], [-45.994512564, -12.11494284], [-45.994512564, -12.114834731999998], [-45.994404456, -12.114834731999998], [-45.994404456, -12.114780677999999], [-45.994026078, -12.114780677999999], [-45.994026078, -12.114726624], [-45.9936477, -12.114726624], [-45.9936477, -12.11467257], [-45.993269321999996, -12.11467257], [-45.993269321999996, -12.114618516], [-45.992890943999996, -12.114618516], [-45.992890943999996, -12.114564461999999], [-45.992458512, -12.114564461999999], [-45.992458512, -12.114510408], [-45.992080134, -12.114510408], [-45.992080134, -12.114456354], [-45.991701756, -12.114456354], [-45.991701756, -12.1144023], [-45.991323378, -12.1144023], [-45.991323378, -12.114348245999999], [-45.990944999999996, -12.114348245999999], [-45.990944999999996, -12.114294192], [-45.990566621999996, -12.114294192], [-45.990566621999996, -12.114240138], [-45.990188243999995, -12.114240138], [-45.990188243999995, -12.114186084], [-45.989809865999995, -12.114186084], [-45.989809865999995, -12.114132029999999], [-45.989431487999994, -12.114132029999999], [-45.989431487999994, -12.114077975999999], [-45.988999056, -12.114077975999999], [-45.988999056, -12.114023922], [-45.988620678, -12.114023922], [-45.988620678, -12.113969868], [-45.988242299999996, -12.113969868], [-45.988242299999996, -12.113915813999999], [-45.987863921999995, -12.113915813999999], [-45.987863921999995, -12.113861759999999], [-45.98770175999999, -12.113861759999999], [-45.98770175999999, -12.113915813999999], [-45.987647706, -12.113915813999999], [-45.987647706, -12.114023922], [-45.987593651999994, -12.114023922], [-45.987593651999994, -12.114132029999999], [-45.987539598, -12.114132029999999], [-45.987539598, -12.114240138], [-45.987485543999995, -12.114240138], [-45.987485543999995, -12.114348245999999], [-45.98743148999999, -12.114348245999999], [-45.98743148999999, -12.114456354], [-45.987377435999996, -12.114456354], [-45.987377435999996, -12.114564461999999], [-45.98732338199999, -12.114564461999999], [-45.98732338199999, -12.11467257], [-45.987269328, -12.11467257], [-45.987269328, -12.114780677999999], [-45.98721527399999, -12.114780677999999], [-45.98721527399999, -12.11494284], [-45.98716122, -12.11494284], [-45.98716122, -12.115050947999999], [-45.987107165999994, -12.115050947999999], [-45.987107165999994, -12.115159056], [-45.987053112, -12.115159056], [-45.987053112, -12.115267163999999], [-45.986999057999995, -12.115267163999999], [-45.986999057999995, -12.115375272], [-45.98694500399999, -12.115375272], [-45.98694500399999, -12.115483379999999], [-45.986890949999996, -12.115483379999999], [-45.986890949999996, -12.115591488], [-45.98683689599999, -12.115591488], [-45.98683689599999, -12.115699595999999], [-45.986782842, -12.115699595999999], [-45.986782842, -12.115807704], [-45.98672878799999, -12.115807704], [-45.98672878799999, -12.115861758], [-45.986890949999996, -12.115861758], [-45.986890949999996, -12.115915811999999], [-45.98732338199999, -12.115915811999999], [-45.98732338199999, -12.115969865999999], [-45.987755813999996, -12.115969865999999], [-45.987755813999996, -12.11602392], [-45.98818824599999, -12.11602392], [-45.98818824599999, -12.116077974], [-45.988620678, -12.116077974], [-45.988620678, -12.116132027999999], [-45.988999056, -12.116132027999999], [-45.988999056, -12.116186081999999], [-45.989431487999994, -12.116186081999999], [-45.989431487999994, -12.116240136], [-45.98986392, -12.116240136], [-45.98986392, -12.11629419], [-45.990296351999994, -12.11629419], [-45.990296351999994, -12.116348244], [-45.990728784, -12.116348244], [-45.990728784, -12.116402297999999], [-45.991161215999995, -12.116402297999999], [-45.991161215999995, -12.116456351999998], [-45.991539593999995, -12.116456351999998], [-45.991539593999995, -12.116510406], [-45.991972026, -12.116510406], [-45.991972026, -12.11656446], [-45.992404457999996, -12.11656446], [-45.992404457999996, -12.116618513999999], [-45.99283689, -12.116618513999999], [-45.99283689, -12.116672567999998], [-45.993269321999996, -12.116672567999998], [-45.993269321999996, -12.116726622], [-45.993485537999995, -12.116726622]]]}}, {"type": "Feature", "properties": {"id": "ftw-cambodia-000", "country": "cambodia", "source": "fields-of-the-world", "area_ha": 0.2002}, "geometry": {"type": "Polygon", "coordinates": [[[103.48789651199999, 13.569283728], [103.48789651199999, 13.569337782], [103.48773435, 13.569337782], [103.48773435, 13.569391836], [103.48757218799999, 13.569391836], [103.48757218799999, 13.569608052], [103.48762624199999, 13.569608052], [103.48762624199999, 13.569716159999999], [103.487680296, 13.569716159999999], [103.487680296, 13.569824268], [103.48773435, 13.569824268], [103.48773435, 13.569770214], [103.48789651199999, 13.569770214], [103.48789651199999, 13.569716159999999], [103.48800462, 13.569716159999999], [103.48800462, 13.569662106], [103.48805867399999, 13.569662106], [103.48805867399999, 13.569608052], [103.48800462, 13.569608052], [103.48800462, 13.569391836], [103.487950566, 13.569391836], [103.487950566, 13.569283728], [103.48789651199999, 13.569283728]]]}}, {"type": "Feature", "properties": {"id": "ftw-cambodia-001", "country": "cambodia", "source": "fields-of-the-world", "area_ha": 0.2136}, "geometry": {"type": "Polygon", "coordinates": [[[105.355264014, 11.79082746017647], [105.355264014, 11.791262718529412], [105.35520996, 11.791262718529412], [105.35520996, 11.791697976882352], [105.355264014, 11.791697976882352], [105.355264014, 11.791643569588235], [105.355426176, 11.791643569588235], [105.355426176, 11.791208311235293], [105.35548023, 11.791208311235293], [105.35548023, 11.79082746017647], [105.355264014, 11.79082746017647]]]}}, {"type": "Feature", "properties": {"id": "ftw-cambodia-002", "country": "cambodia", "source": "fields-of-the-world", "area_ha": 0.2349}, "geometry": {"type": "Polygon", "coordinates": [[[105.366345084, 11.802361806529412], [105.366345084, 11.802525028411765], [105.36629103, 11.802525028411765], [105.36629103, 11.802688250294118], [105.366669408, 11.802688250294118], [105.366669408, 11.802742657588235], [105.366993732, 11.802742657588235], [105.366993732, 11.802470621117646], [105.366777516, 11.802470621117646], [105.366777516, 11.802416213823529], [105.366399138, 11.802416213823529], [105.366399138, 11.802361806529412], [105.366345084, 11.802361806529412]]]}}, {"type": "Feature", "properties": {"id": "ftw-cambodia-003", "country": "cambodia", "source": "fields-of-the-world", "area_ha": 0.2528}, "geometry": {"type": "Polygon", "coordinates": [[[103.499301906, 13.576148585999999], [103.499301906, 13.57620264], [103.498977582, 13.57620264], [103.498977582, 13.576256694], [103.498599204, 13.576256694], [103.498599204, 13.576310748], [103.498382988, 13.576310748], [103.498382988, 13.576364801999999], [103.49843704199999, 13.576364801999999], [103.49843704199999, 13.57647291], [103.498761366, 13.57647291], [103.498761366, 13.576526964], [103.498923528, 13.576526964], [103.498923528, 13.57647291], [103.498977582, 13.57647291], [103.498977582, 13.576418855999998], [103.499139744, 13.576418855999998], [103.499139744, 13.576364801999999], [103.499464068, 13.576364801999999], [103.499464068, 13.576256694], [103.499410014, 13.576256694], [103.499410014, 13.576148585999999], [103.499301906, 13.576148585999999]]]}}, {"type": "Feature", "properties": {"id": "ftw-cambodia-004", "country": "cambodia", "source": "fields-of-the-world", "area_ha": 0.2774}, "geometry": {"type": "Polygon", "coordinates": [[[103.48659921599999, 13.578256691999998], [103.48659921599999, 13.5783648], [103.48665326999999, 13.5783648], [103.48665326999999, 13.579121555999999], [103.48681543199999, 13.579121555999999], [103.48681543199999, 13.579013448], [103.486761378, 13.579013448], [103.486761378, 13.578797232], [103.487031648, 13.578797232], [103.487031648, 13.578635069999999], [103.486977594, 13.578635069999999], [103.486977594, 13.578256691999998], [103.48659921599999, 13.578256691999998]]]}}, {"type": "Feature", "properties": {"id": "ftw-cambodia-005", "country": "cambodia", "source": "fields-of-the-world", "area_ha": 0.2954}, "geometry": {"type": "Polygon", "coordinates": [[[105.359750496, 11.799804663705881], [105.359750496, 11.80029432935294], [105.359696442, 11.80029432935294], [105.359696442, 11.80072958770588], [105.359966712, 11.80072958770588], [105.359966712, 11.800185514764705], [105.360020766, 11.800185514764705], [105.360020766, 11.799804663705881], [105.359750496, 11.799804663705881]]]}}, {"type": "Feature", "properties": {"id": "ftw-cambodia-006", "country": "cambodia", "source": "fields-of-the-world", "area_ha": 0.3271}, "geometry": {"type": "Polygon", "coordinates": [[[102.92461779599999, 13.206058866], [102.92461779599999, 13.206112919999999], [102.92445563399998, 13.206112919999999], [102.92445563399998, 13.206275082], [102.92450968799999, 13.206275082], [102.92450968799999, 13.206707514], [102.92456374199999, 13.206707514], [102.92456374199999, 13.206869676], [102.92472590399998, 13.206869676], [102.92472590399998, 13.206815621999999], [102.92494211999998, 13.206815621999999], [102.92494211999998, 13.206707514], [102.924888066, 13.206707514], [102.924888066, 13.206437244], [102.92483401199999, 13.206437244], [102.92483401199999, 13.206166974], [102.92477995799999, 13.206166974], [102.92477995799999, 13.206058866], [102.92461779599999, 13.206058866]]]}}, {"type": "Feature", "properties": {"id": "ftw-cambodia-007", "country": "cambodia", "source": "fields-of-the-world", "area_ha": 0.3582}, "geometry": {"type": "Polygon", "coordinates": [[[103.492923534, 13.578040476], [103.492923534, 13.57809453], [103.492707318, 13.57809453], [103.492707318, 13.578148584], [103.49254515599999, 13.578148584], [103.49254515599999, 13.578202637999999], [103.49232894, 13.578202637999999], [103.49232894, 13.578310746], [103.492382994, 13.578310746], [103.492382994, 13.578472907999998], [103.492437048, 13.578472907999998], [103.492437048, 13.578581016], [103.492491102, 13.578581016], [103.492491102, 13.578635069999999], [103.49254515599999, 13.578635069999999], [103.49254515599999, 13.578581016], [103.49276137199999, 13.578581016], [103.49276137199999, 13.578526962], [103.492977588, 13.578526962], [103.492977588, 13.578472907999998], [103.493085696, 13.578472907999998], [103.493085696, 13.578418853999999], [103.49313975, 13.578418853999999], [103.49313975, 13.5783648], [103.493085696, 13.5783648], [103.493085696, 13.578148584], [103.49303164199999, 13.578148584], [103.49303164199999, 13.57809453], [103.492977588, 13.57809453], [103.492977588, 13.578040476], [103.492923534, 13.578040476]]]}}, {"type": "Feature", "properties": {"id": "ftw-cambodia-008", "country": "cambodia", "source": "fields-of-the-world", "area_ha": 0.4058}, "geometry": {"type": "Polygon", "coordinates": [[[105.367155894, 11.794853599941176], [105.367155894, 11.795071229117646], [105.36710184, 11.795071229117646], [105.36710184, 11.795560894764705], [105.367047786, 11.795560894764705], [105.367047786, 11.795778523941175], [105.36742616400001, 11.795778523941175], [105.36742616400001, 11.795560894764705], [105.367480218, 11.795560894764705], [105.367480218, 11.795125636411765], [105.367534272, 11.795125636411765], [105.367534272, 11.794962414529412], [105.367480218, 11.794962414529412], [105.367480218, 11.794908007235293], [105.367264002, 11.794908007235293], [105.367264002, 11.794853599941176], [105.367155894, 11.794853599941176]]]}}, {"type": "Feature", "properties": {"id": "ftw-cambodia-009", "country": "cambodia", "source": "fields-of-the-world", "area_ha": 0.453}, "geometry": {"type": "Polygon", "coordinates": [[[103.48784245799999, 13.568581026], [103.48784245799999, 13.56863508], [103.487680296, 13.56863508], [103.487680296, 13.568689134], [103.48757218799999, 13.568689134], [103.48757218799999, 13.568743188], [103.48741002599999, 13.568743188], [103.48741002599999, 13.568797241999999], [103.48735597199999, 13.568797241999999], [103.48735597199999, 13.569013457999999], [103.48741002599999, 13.569013457999999], [103.48741002599999, 13.569283728], [103.48746408, 13.569283728], [103.48746408, 13.569391836], [103.48757218799999, 13.569391836], [103.48757218799999, 13.569337782], [103.48773435, 13.569337782], [103.48773435, 13.569283728], [103.48789651199999, 13.569283728], [103.48789651199999, 13.569229673999999], [103.48800462, 13.569229673999999], [103.48800462, 13.56917562], [103.48805867399999, 13.56917562], [103.48805867399999, 13.569121566], [103.48800462, 13.569121566], [103.48800462, 13.56890535], [103.487950566, 13.56890535], [103.487950566, 13.568689134], [103.48789651199999, 13.568689134], [103.48789651199999, 13.568581026], [103.48784245799999, 13.568581026]]]}}, {"type": "Feature", "properties": {"id": "ftw-cambodia-010", "country": "cambodia", "source": "fields-of-the-world", "area_ha": 0.4987}, "geometry": {"type": "Polygon", "coordinates": [[[103.498328934, 13.574472912], [103.498328934, 13.574526965999999], [103.498058664, 13.574526965999999], [103.498058664, 13.574689128], [103.49800461, 13.574689128], [103.49800461, 13.575175613999999], [103.498382988, 13.575175613999999], [103.498382988, 13.57512156], [103.498707312, 13.57512156], [103.498707312, 13.574959397999999], [103.498653258, 13.574959397999999], [103.498653258, 13.574635074], [103.498599204, 13.574635074], [103.498599204, 13.574472912], [103.498328934, 13.574472912]]]}}, {"type": "Feature", "properties": {"id": "ftw-cambodia-011", "country": "cambodia", "source": "fields-of-the-world", "area_ha": 0.5698}, "geometry": {"type": "Polygon", "coordinates": [[[102.92223941999998, 13.194166986], [102.92223941999998, 13.19503185], [102.92250968999998, 13.19503185], [102.92250968999998, 13.195085904], [102.92277995999999, 13.195085904], [102.92277995999999, 13.194653472], [102.92283401399999, 13.194653472], [102.92283401399999, 13.194275094], [102.92272590599998, 13.194275094], [102.92272590599998, 13.19422104], [102.92229347399999, 13.19422104], [102.92229347399999, 13.194166986], [102.92223941999998, 13.194166986]]]}}, {"type": "Feature", "properties": {"id": "ftw-cambodia-012", "country": "cambodia", "source": "fields-of-the-world", "area_ha": 0.6621}, "geometry": {"type": "Polygon", "coordinates": [[[105.359480226, 11.794962414529412], [105.359480226, 11.795343265588235], [105.359426172, 11.795343265588235], [105.359426172, 11.796050560411764], [105.359372118, 11.796050560411764], [105.359372118, 11.79637700417647], [105.359588334, 11.79637700417647], [105.359588334, 11.796431411470587], [105.359750496, 11.796431411470587], [105.359750496, 11.796104967705881], [105.35980455, 11.796104967705881], [105.35980455, 11.795343265588235], [105.359858604, 11.795343265588235], [105.359858604, 11.794962414529412], [105.359480226, 11.794962414529412]]]}}, {"type": "Feature", "properties": {"id": "ftw-cambodia-013", "country": "cambodia", "source": "fields-of-the-world", "area_ha": 0.9321}, "geometry": {"type": "Polygon", "coordinates": [[[102.92780698199999, 13.197085902], [102.92780698199999, 13.197572388], [102.927861036, 13.197572388], [102.927861036, 13.198112928], [102.928077252, 13.198112928], [102.928077252, 13.198166982], [102.928563738, 13.198166982], [102.928563738, 13.197085902], [102.92780698199999, 13.197085902]]]}}, {"type": "Feature", "properties": {"id": "ftw-corsica-000", "country": "corsica", "source": "fields-of-the-world", "area_ha": 0.7278}, "geometry": {"type": "Polygon", "coordinates": [[[9.38584647, 41.976300366], [9.38584647, 41.97635441999999], [9.385630254, 41.97635441999999], [9.385630254, 41.976408473999996], [9.385414038, 41.976408473999996], [9.385414038, 41.976462528], [9.385197822, 41.976462528], [9.385197822, 41.976516581999995], [9.385035660000002, 41.976516581999995], [9.385035660000002, 41.976840906], [9.385089714000001, 41.976840906], [9.385089714000001, 41.977489553999995], [9.385143768, 41.977489553999995], [9.385143768, 41.977813878], [9.385197822, 41.977813878], [9.385197822, 41.977759823999996], [9.385414038, 41.977759823999996], [9.385414038, 41.97770577], [9.385522146000001, 41.97770577], [9.385522146000001, 41.977597661999994], [9.385468092, 41.977597661999994], [9.385468092, 41.977327392], [9.385414038, 41.977327392], [9.385414038, 41.977003067999995], [9.385359984, 41.977003067999995], [9.385359984, 41.976786852], [9.385468092, 41.976786852], [9.385468092, 41.97673279799999], [9.385684308, 41.97673279799999], [9.385684308, 41.976678744], [9.385900524, 41.976678744], [9.385900524, 41.976624689999994], [9.38611674, 41.976624689999994], [9.38611674, 41.976570636], [9.386278902, 41.976570636], [9.386278902, 41.976516581999995], [9.386495118000001, 41.976516581999995], [9.386495118000001, 41.976462528], [9.386711334000001, 41.976462528], [9.386711334000001, 41.97635441999999], [9.386603226, 41.97635441999999], [9.386603226, 41.976300366], [9.38584647, 41.976300366]]]}}, {"type": "Feature", "properties": {"id": "ftw-corsica-001", "country": "corsica", "source": "fields-of-the-world", "area_ha": 0.7978}, "geometry": {"type": "Polygon", "coordinates": [[[9.391576194, 41.967921995999994], [9.391576194, 41.96797604999999], [9.391197816, 41.96797604999999], [9.391197816, 41.96803010399999], [9.390819438000001, 41.96803010399999], [9.390819438000001, 41.96808415799999], [9.390387006000001, 41.96808415799999], [9.390387006000001, 41.96813821199999], [9.390008628, 41.96813821199999], [9.390008628, 41.968192265999996], [9.389630250000002, 41.968192265999996], [9.389630250000002, 41.96824631999999], [9.389468088000001, 41.96824631999999], [9.389468088000001, 41.968300373999995], [9.389522142, 41.968300373999995], [9.389522142, 41.96851658999999], [9.389576196, 41.96851658999999], [9.389576196, 41.968570643999996], [9.389846466, 41.968570643999996], [9.389846466, 41.96851658999999], [9.390387006000001, 41.96851658999999], [9.390387006000001, 41.96846253599999], [9.390927546, 41.96846253599999], [9.390927546, 41.968408481999994], [9.391468086, 41.968408481999994], [9.391468086, 41.96835442799999], [9.39179241, 41.96835442799999], [9.39179241, 41.96808415799999], [9.391738356000001, 41.96808415799999], [9.391738356000001, 41.967921995999994], [9.391576194, 41.967921995999994]]]}}, {"type": "Feature", "properties": {"id": "ftw-corsica-002", "country": "corsica", "source": "fields-of-the-world", "area_ha": 0.83}, "geometry": {"type": "Polygon", "coordinates": [[[9.393197814, 41.968786859999994], [9.393197814, 41.96884091399999], [9.392873490000001, 41.96884091399999], [9.392873490000001, 41.968894967999994], [9.392549166, 41.968894967999994], [9.392549166, 41.96894902199999], [9.392387004, 41.96894902199999], [9.392387004, 41.969057129999996], [9.392441058000001, 41.969057129999996], [9.392441058000001, 41.969273345999994], [9.392495112, 41.969273345999994], [9.392495112, 41.969543615999996], [9.392549166, 41.969543615999996], [9.392549166, 41.96959766999999], [9.392711328, 41.96959766999999], [9.392711328, 41.969543615999996], [9.392873490000001, 41.969543615999996], [9.392873490000001, 41.96948956199999], [9.393197814, 41.96948956199999], [9.393197814, 41.96943550799999], [9.3936843, 41.96943550799999], [9.3936843, 41.96938145399999], [9.39395457, 41.96938145399999], [9.39395457, 41.969165237999995], [9.393900516, 41.969165237999995], [9.393900516, 41.96894902199999], [9.393846462, 41.96894902199999], [9.393846462, 41.96884091399999], [9.393630246, 41.96884091399999], [9.393630246, 41.968894967999994], [9.393468084, 41.968894967999994], [9.393468084, 41.968786859999994], [9.393197814, 41.968786859999994]]]}}, {"type": "Feature", "properties": {"id": "ftw-corsica-003", "country": "corsica", "source": "fields-of-the-world", "area_ha": 1.0018}, "geometry": {"type": "Polygon", "coordinates": [[[9.385414038, 41.973867936], [9.385414038, 41.973921989999994], [9.385305930000001, 41.973921989999994], [9.385305930000001, 41.973976044], [9.384603228000001, 41.973976044], [9.384603228000001, 41.974786853999994], [9.386062686, 41.974786853999994], [9.386062686, 41.9747328], [9.386008632000001, 41.9747328], [9.386008632000001, 41.97451658399999], [9.385954578000002, 41.97451658399999], [9.385954578000002, 41.974408475999994], [9.385900524, 41.974408475999994], [9.385900524, 41.974300367999994], [9.38584647, 41.974300367999994], [9.38584647, 41.974192259999995], [9.385792416000001, 41.974192259999995], [9.385792416000001, 41.974084151999996], [9.385738362000001, 41.974084151999996], [9.385738362000001, 41.973976044], [9.385684308, 41.973976044], [9.385684308, 41.973867936], [9.385414038, 41.973867936]]]}}, {"type": "Feature", "properties": {"id": "ftw-corsica-004", "country": "corsica", "source": "fields-of-the-world", "area_ha": 1.1844}, "geometry": {"type": "Polygon", "coordinates": [[[9.382332960000001, 41.974840908], [9.382332960000001, 41.975327394], [9.382819446000001, 41.975327394], [9.382819446000001, 41.97538144799999], [9.382927554, 41.97538144799999], [9.382927554, 41.975435501999996], [9.382981608000001, 41.975435501999996], [9.382981608000001, 41.975489556], [9.383035662000001, 41.975489556], [9.383035662000001, 41.975543609999995], [9.383089716, 41.975543609999995], [9.383089716, 41.975597664], [9.384332958000002, 41.975597664], [9.384332958000002, 41.97489496199999], [9.383359986, 41.97489496199999], [9.383359986, 41.974840908], [9.382332960000001, 41.974840908]]]}}, {"type": "Feature", "properties": {"id": "ftw-corsica-005", "country": "corsica", "source": "fields-of-the-world", "area_ha": 1.2462}, "geometry": {"type": "Polygon", "coordinates": [[[9.38449512, 41.97489496199999], [9.38449512, 41.975921987999996], [9.385251876000002, 41.975921987999996], [9.385251876000002, 41.97586793399999], [9.385576200000001, 41.97586793399999], [9.385576200000001, 41.97581388], [9.385684308, 41.97581388], [9.385684308, 41.975759825999994], [9.385792416000001, 41.975759825999994], [9.385792416000001, 41.975705772], [9.385900524, 41.975705772], [9.385900524, 41.975651717999995], [9.385954578000002, 41.975651717999995], [9.385954578000002, 41.975597664], [9.386008632000001, 41.975597664], [9.386008632000001, 41.975543609999995], [9.38584647, 41.975543609999995], [9.38584647, 41.975489556], [9.385684308, 41.975489556], [9.385684308, 41.975435501999996], [9.385630254, 41.975435501999996], [9.385630254, 41.97538144799999], [9.385684308, 41.97538144799999], [9.385684308, 41.975273339999994], [9.385738362000001, 41.975273339999994], [9.385738362000001, 41.975219286], [9.386008632000001, 41.975219286], [9.386008632000001, 41.97489496199999], [9.38449512, 41.97489496199999]]]}}, {"type": "Feature", "properties": {"id": "ftw-corsica-006", "country": "corsica", "source": "fields-of-the-world", "area_ha": 1.4771}, "geometry": {"type": "Polygon", "coordinates": [[[9.386927550000001, 41.976408473999996], [9.386927550000001, 41.976462528], [9.386711334000001, 41.976462528], [9.386711334000001, 41.976516581999995], [9.386495118000001, 41.976516581999995], [9.386495118000001, 41.976570636], [9.386278902, 41.976570636], [9.386278902, 41.976624689999994], [9.38611674, 41.976624689999994], [9.38611674, 41.976678744], [9.385900524, 41.976678744], [9.385900524, 41.97673279799999], [9.385684308, 41.97673279799999], [9.385684308, 41.976786852], [9.385468092, 41.976786852], [9.385468092, 41.976840906], [9.385414038, 41.976840906], [9.385414038, 41.977003067999995], [9.385468092, 41.977003067999995], [9.385468092, 41.977273337999996], [9.385522146000001, 41.977273337999996], [9.385522146000001, 41.977597661999994], [9.385576200000001, 41.977597661999994], [9.385576200000001, 41.97770577], [9.385630254, 41.97770577], [9.385630254, 41.977651716], [9.38584647, 41.977651716], [9.38584647, 41.977597661999994], [9.386062686, 41.977597661999994], [9.386062686, 41.977543608], [9.386278902, 41.977543608], [9.386278902, 41.977489553999995], [9.386441064000001, 41.977489553999995], [9.386441064000001, 41.9774355], [9.386603226, 41.9774355], [9.386603226, 41.977381445999995], [9.386765388, 41.977381445999995], [9.386765388, 41.977327392], [9.386927550000001, 41.977327392], [9.386927550000001, 41.977273337999996], [9.387035658, 41.977273337999996], [9.387035658, 41.977219284], [9.387143766000001, 41.977219284], [9.387143766000001, 41.97716523], [9.38719782, 41.97716523], [9.38719782, 41.977057122], [9.387251874, 41.977057122], [9.387251874, 41.976949014], [9.387305928, 41.976949014], [9.387305928, 41.976894959999996], [9.387359982000001, 41.976894959999996], [9.387359982000001, 41.976678744], [9.387414036000001, 41.976678744], [9.387414036000001, 41.976624689999994], [9.387359982000001, 41.976624689999994], [9.387359982000001, 41.976462528], [9.387305928, 41.976462528], [9.387305928, 41.976408473999996], [9.386927550000001, 41.976408473999996]]]}}, {"type": "Feature", "properties": {"id": "ftw-corsica-007", "country": "corsica", "source": "fields-of-the-world", "area_ha": 1.5819}, "geometry": {"type": "Polygon", "coordinates": [[[9.382332960000001, 41.973921989999994], [9.382332960000001, 41.973976044], [9.382278906000002, 41.973976044], [9.382278906000002, 41.974786853999994], [9.38449512, 41.974786853999994], [9.38449512, 41.974408475999994], [9.384549174, 41.974408475999994], [9.384549174, 41.973976044], [9.384278904, 41.973976044], [9.384278904, 41.97403009799999], [9.384170796000001, 41.97403009799999], [9.384170796000001, 41.974084151999996], [9.384062688, 41.974084151999996], [9.384062688, 41.97413820599999], [9.383846472, 41.97413820599999], [9.383846472, 41.974084151999996], [9.383576202, 41.974084151999996], [9.383576202, 41.97403009799999], [9.3828735, 41.97403009799999], [9.3828735, 41.973976044], [9.382711338000002, 41.973976044], [9.382711338000002, 41.973921989999994], [9.382332960000001, 41.973921989999994]]]}}, {"type": "Feature", "properties": {"id": "ftw-corsica-008", "country": "corsica", "source": "fields-of-the-world", "area_ha": 3.0352}, "geometry": {"type": "Polygon", "coordinates": [[[9.391468086, 41.968408481999994], [9.391468086, 41.96846253599999], [9.390927546, 41.96846253599999], [9.390927546, 41.96851658999999], [9.390387006000001, 41.96851658999999], [9.390387006000001, 41.968570643999996], [9.389846466, 41.968570643999996], [9.389846466, 41.96862469799999], [9.389576196, 41.96862469799999], [9.389576196, 41.968678751999995], [9.389630250000002, 41.968678751999995], [9.389630250000002, 41.968894967999994], [9.389684304000001, 41.968894967999994], [9.389684304000001, 41.969165237999995], [9.389738358, 41.969165237999995], [9.389738358, 41.96938145399999], [9.389792412, 41.96938145399999], [9.389792412, 41.96948956199999], [9.389900520000001, 41.96948956199999], [9.389900520000001, 41.969543615999996], [9.390062682, 41.969543615999996], [9.390062682, 41.96959766999999], [9.39017079, 41.96959766999999], [9.39017079, 41.969651723999995], [9.390332952000001, 41.969651723999995], [9.390332952000001, 41.96970577799999], [9.390657276, 41.96970577799999], [9.390657276, 41.969759831999994], [9.390873492, 41.969759831999994], [9.390873492, 41.96981388599999], [9.391089708, 41.96981388599999], [9.391089708, 41.96986793999999], [9.391251870000001, 41.96986793999999], [9.391251870000001, 41.96997604799999], [9.391359978, 41.96997604799999], [9.391359978, 41.969921993999996], [9.391576194, 41.969921993999996], [9.391576194, 41.96986793999999], [9.391684302, 41.96986793999999], [9.391684302, 41.96981388599999], [9.392224842000001, 41.96981388599999], [9.392224842000001, 41.969759831999994], [9.392387004, 41.969759831999994], [9.392387004, 41.96970577799999], [9.392495112, 41.96970577799999], [9.392495112, 41.969543615999996], [9.392441058000001, 41.969543615999996], [9.392441058000001, 41.96932739999999], [9.392387004, 41.96932739999999], [9.392387004, 41.969057129999996], [9.39233295, 41.969057129999996], [9.39233295, 41.96894902199999], [9.392278896, 41.96894902199999], [9.392278896, 41.968894967999994], [9.392224842000001, 41.968894967999994], [9.392224842000001, 41.968786859999994], [9.392170788000001, 41.968786859999994], [9.392170788000001, 41.96862469799999], [9.392116734, 41.96862469799999], [9.392116734, 41.968570643999996], [9.39206268, 41.968570643999996], [9.39206268, 41.96851658999999], [9.391954572000001, 41.96851658999999], [9.391954572000001, 41.96846253599999], [9.391900518, 41.96846253599999], [9.391900518, 41.968408481999994], [9.391468086, 41.968408481999994]]]}}, {"type": "Feature", "properties": {"id": "ftw-croatia-000", "country": "croatia", "source": "fields-of-the-world", "area_ha": 0.2002}, "geometry": {"type": "Polygon", "coordinates": [[[16.61061402, 46.142980883999996], [16.61061402, 46.14303493799999], [16.610505911999997, 46.14303493799999], [16.610505911999997, 46.143088991999996], [16.610451857999998, 46.143088991999996], [16.610451857999998, 46.14314304599999], [16.610397803999998, 46.14314304599999], [16.610397803999998, 46.143197099999995], [16.610289696, 46.143197099999995], [16.610289696, 46.143251154], [16.610235642, 46.143251154], [16.610235642, 46.143359262], [16.610181588, 46.143359262], [16.610181588, 46.14362953199999], [16.610235642, 46.14362953199999], [16.610235642, 46.14373764], [16.61034375, 46.14373764], [16.61034375, 46.143683585999995], [16.610397803999998, 46.143683585999995], [16.610397803999998, 46.14362953199999], [16.610451857999998, 46.14362953199999], [16.610451857999998, 46.143575477999995], [16.610505911999997, 46.143575477999995], [16.610505911999997, 46.14352142399999], [16.610559966, 46.14352142399999], [16.610559966, 46.143467369999996], [16.61061402, 46.143467369999996], [16.61061402, 46.14341331599999], [16.610668074, 46.14341331599999], [16.610668074, 46.143359262], [16.610722128, 46.143359262], [16.610722128, 46.143305207999994], [16.610776182, 46.143305207999994], [16.610776182, 46.143251154], [16.610830235999998, 46.143251154], [16.610830235999998, 46.143197099999995], [16.610884289999998, 46.143197099999995], [16.610884289999998, 46.143088991999996], [16.610776182, 46.143088991999996], [16.610776182, 46.14303493799999], [16.610668074, 46.14303493799999], [16.610668074, 46.142980883999996], [16.61061402, 46.142980883999996]], [[16.610451857999998, 46.143251154], [16.610559966, 46.143251154], [16.610559966, 46.143305207999994], [16.61061402, 46.143305207999994], [16.61061402, 46.143359262], [16.610559966, 46.143359262], [16.610559966, 46.14341331599999], [16.610505911999997, 46.14341331599999], [16.610505911999997, 46.143467369999996], [16.610397803999998, 46.143467369999996], [16.610397803999998, 46.14341331599999], [16.61034375, 46.14341331599999], [16.61034375, 46.143359262], [16.610397803999998, 46.143359262], [16.610397803999998, 46.143305207999994], [16.610451857999998, 46.143305207999994], [16.610451857999998, 46.143251154]]]}}, {"type": "Feature", "properties": {"id": "ftw-croatia-001", "country": "croatia", "source": "fields-of-the-world", "area_ha": 0.226}, "geometry": {"type": "Polygon", "coordinates": [[[16.597532951999998, 45.96658466399999], [16.597532951999998, 45.96663871799999], [16.597478898, 45.96663871799999], [16.597478898, 45.966800879999994], [16.597424844, 45.966800879999994], [16.597424844, 45.96690898799999], [16.59737079, 45.96690898799999], [16.59737079, 45.96701709599999], [16.597316736, 45.96701709599999], [16.597316736, 45.96712520399999], [16.597262682, 45.96712520399999], [16.597262682, 45.96723331199999], [16.597208627999997, 45.96723331199999], [16.597208627999997, 45.96734141999999], [16.597154573999997, 45.96734141999999], [16.597154573999997, 45.96744952799999], [16.597100519999998, 45.96744952799999], [16.597100519999998, 45.96750358199999], [16.597262682, 45.96750358199999], [16.597262682, 45.96744952799999], [16.59737079, 45.96744952799999], [16.59737079, 45.96750358199999], [16.597424844, 45.96750358199999], [16.597424844, 45.96744952799999], [16.597478898, 45.96744952799999], [16.597478898, 45.96734141999999], [16.597532951999998, 45.96734141999999], [16.597532951999998, 45.96723331199999], [16.597587005999998, 45.96723331199999], [16.597587005999998, 45.96707114999999], [16.597641059999997, 45.96707114999999], [16.597641059999997, 45.96696304199999], [16.597695114, 45.96696304199999], [16.597695114, 45.96685493399999], [16.597749168, 45.96685493399999], [16.597749168, 45.96674682599999], [16.597803222, 45.96674682599999], [16.597803222, 45.96669277199999], [16.597749168, 45.96669277199999], [16.597749168, 45.96663871799999], [16.597587005999998, 45.96663871799999], [16.597587005999998, 45.96658466399999], [16.597532951999998, 45.96658466399999]]]}}, {"type": "Feature", "properties": {"id": "ftw-croatia-002", "country": "croatia", "source": "fields-of-the-world", "area_ha": 0.2661}, "geometry": {"type": "Polygon", "coordinates": [[[16.601857272, 45.975071142], [16.601857272, 45.97512519599999], [16.601695109999998, 45.97512519599999], [16.601695109999998, 45.97517925], [16.601532948, 45.97517925], [16.601532948, 45.97523330399999], [16.601478894, 45.97523330399999], [16.601478894, 45.975287357999996], [16.60142484, 45.975287357999996], [16.60142484, 45.97534141199999], [16.601370785999997, 45.97534141199999], [16.601370785999997, 45.97544952], [16.601316731999997, 45.97544952], [16.601316731999997, 45.97561168199999], [16.601262677999998, 45.97561168199999], [16.601262677999998, 45.97571978999999], [16.601370785999997, 45.97571978999999], [16.601370785999997, 45.975665735999996], [16.601532948, 45.975665735999996], [16.601532948, 45.97561168199999], [16.601641056, 45.97561168199999], [16.601641056, 45.975557628], [16.601803217999997, 45.975557628], [16.601803217999997, 45.975503573999994], [16.60196538, 45.975503573999994], [16.60196538, 45.97544952], [16.602073488, 45.97544952], [16.602073488, 45.975395465999995], [16.602181595999998, 45.975395465999995], [16.602181595999998, 45.975287357999996], [16.602127541999998, 45.975287357999996], [16.602127541999998, 45.97523330399999], [16.602073488, 45.97523330399999], [16.602073488, 45.97517925], [16.602019434, 45.97517925], [16.602019434, 45.97512519599999], [16.60196538, 45.97512519599999], [16.60196538, 45.975071142], [16.601857272, 45.975071142]]]}}, {"type": "Feature", "properties": {"id": "ftw-croatia-003", "country": "croatia", "source": "fields-of-the-world", "area_ha": 0.3013}, "geometry": {"type": "Polygon", "coordinates": [[[16.998865883999997, 46.07522525488236], [16.998865883999997, 46.07533265629413], [16.998811829999998, 46.07533265629413], [16.998811829999998, 46.075493758411774], [16.998757775999998, 46.075493758411774], [16.998757775999998, 46.07560115982354], [16.998703722, 46.07560115982354], [16.998703722, 46.0757085612353], [16.998649667999995, 46.0757085612353], [16.998649667999995, 46.075869663352954], [16.998595613999996, 46.075869663352954], [16.998595613999996, 46.0760307654706], [16.998541559999996, 46.0760307654706], [16.998541559999996, 46.07619186758824], [16.998487505999996, 46.07619186758824], [16.998487505999996, 46.076352969705894], [16.998433451999997, 46.076352969705894], [16.998433451999997, 46.07656777252942], [16.998379397999997, 46.07656777252942], [16.998379397999997, 46.076621473235306], [16.998541559999996, 46.076621473235306], [16.998541559999996, 46.07656777252942], [16.998649667999995, 46.07656777252942], [16.998649667999995, 46.0760307654706], [16.998703722, 46.0760307654706], [16.998703722, 46.07592336405883], [16.998757775999998, 46.07592336405883], [16.998757775999998, 46.075869663352954], [16.998865883999997, 46.075869663352954], [16.998865883999997, 46.07581596264707], [16.999028045999996, 46.07581596264707], [16.999028045999996, 46.075762261941186], [16.999136153999995, 46.075762261941186], [16.999136153999995, 46.07581596264707], [16.999244261999998, 46.07581596264707], [16.999244261999998, 46.0757085612353], [16.999190207999998, 46.0757085612353], [16.999190207999998, 46.07554745911766], [16.999136153999995, 46.07554745911766], [16.999136153999995, 46.075386357000006], [16.999082099999995, 46.075386357000006], [16.999082099999995, 46.075278955588246], [16.998973991999996, 46.075278955588246], [16.998973991999996, 46.07522525488236], [16.998865883999997, 46.07522525488236]]]}}, {"type": "Feature", "properties": {"id": "ftw-croatia-004", "country": "croatia", "source": "fields-of-the-world", "area_ha": 0.3304}, "geometry": {"type": "Polygon", "coordinates": [[[16.613154557999998, 46.143575477999995], [16.613154557999998, 46.14362953199999], [16.612938342, 46.14362953199999], [16.612938342, 46.143791693999994], [16.612992396, 46.143791693999994], [16.612992396, 46.14389980199999], [16.61304645, 46.14389980199999], [16.61304645, 46.14400790999999], [16.613100504, 46.14400790999999], [16.613100504, 46.144116018], [16.613154557999998, 46.144116018], [16.613154557999998, 46.144224126], [16.613208611999998, 46.144224126], [16.613208611999998, 46.144332234], [16.613262665999997, 46.144332234], [16.613262665999997, 46.144440341999996], [16.61331672, 46.144440341999996], [16.61331672, 46.144548449999995], [16.613370774, 46.144548449999995], [16.613370774, 46.144656557999994], [16.613424828, 46.144656557999994], [16.613424828, 46.14476466599999], [16.613478882, 46.14476466599999], [16.613478882, 46.14487277399999], [16.613532936, 46.14487277399999], [16.613532936, 46.144980882], [16.613586989999998, 46.144980882], [16.613586989999998, 46.145034935999995], [16.613641043999998, 46.145034935999995], [16.613641043999998, 46.144980882], [16.613803206, 46.144980882], [16.613803206, 46.144926827999996], [16.613749151999997, 46.144926827999996], [16.613749151999997, 46.144818719999996], [16.613695097999997, 46.144818719999996], [16.613695097999997, 46.144710612], [16.613641043999998, 46.144710612], [16.613641043999998, 46.144548449999995], [16.613586989999998, 46.144548449999995], [16.613586989999998, 46.144440341999996], [16.613532936, 46.144440341999996], [16.613532936, 46.144332234], [16.613478882, 46.144332234], [16.613478882, 46.144170071999994], [16.613424828, 46.144170071999994], [16.613424828, 46.144061963999995], [16.613370774, 46.144061963999995], [16.613370774, 46.143953855999996], [16.61331672, 46.143953855999996], [16.61331672, 46.143791693999994], [16.613262665999997, 46.143791693999994], [16.613262665999997, 46.14362953199999], [16.613208611999998, 46.14362953199999], [16.613208611999998, 46.143575477999995], [16.613154557999998, 46.143575477999995]]]}}, {"type": "Feature", "properties": {"id": "ftw-croatia-005", "country": "croatia", "source": "fields-of-the-world", "area_ha": 0.368}, "geometry": {"type": "Polygon", "coordinates": [[[16.611803207999998, 46.13773764599999], [16.611803207999998, 46.13784575399999], [16.611857261999997, 46.13784575399999], [16.611857261999997, 46.13800791599999], [16.611911315999997, 46.13800791599999], [16.611911315999997, 46.13811602399999], [16.61196537, 46.13811602399999], [16.61196537, 46.13822413199999], [16.612019424, 46.13822413199999], [16.612019424, 46.13838629399999], [16.612073478, 46.13838629399999], [16.612073478, 46.13849440199999], [16.612127532, 46.13849440199999], [16.612127532, 46.13860250999999], [16.612181586, 46.13860250999999], [16.612181586, 46.13871061799999], [16.612235639999998, 46.13871061799999], [16.612235639999998, 46.13881872599999], [16.612289693999998, 46.13881872599999], [16.612289693999998, 46.138926833999996], [16.612343747999997, 46.138926833999996], [16.612343747999997, 46.139034941999995], [16.612397802, 46.139034941999995], [16.612397802, 46.139143049999994], [16.612614018, 46.139143049999994], [16.612614018, 46.13908899599999], [16.612722125999998, 46.13908899599999], [16.612722125999998, 46.139034941999995], [16.612668071999998, 46.139034941999995], [16.612668071999998, 46.138926833999996], [16.612614018, 46.138926833999996], [16.612614018, 46.13881872599999], [16.612559964, 46.13881872599999], [16.612559964, 46.13871061799999], [16.61250591, 46.13871061799999], [16.61250591, 46.13860250999999], [16.612451856, 46.13860250999999], [16.612451856, 46.13849440199999], [16.612397802, 46.13849440199999], [16.612397802, 46.13838629399999], [16.612343747999997, 46.13838629399999], [16.612343747999997, 46.138278185999994], [16.612289693999998, 46.138278185999994], [16.612289693999998, 46.138170077999995], [16.612235639999998, 46.138170077999995], [16.612235639999998, 46.138061969999995], [16.612181586, 46.138061969999995], [16.612181586, 46.13795386199999], [16.612127532, 46.13795386199999], [16.612127532, 46.13784575399999], [16.612073478, 46.13784575399999], [16.612073478, 46.13773764599999], [16.611803207999998, 46.13773764599999]]]}}, {"type": "Feature", "properties": {"id": "ftw-croatia-006", "country": "croatia", "source": "fields-of-the-world", "area_ha": 0.4033}, "geometry": {"type": "Polygon", "coordinates": [[[17.003892905999997, 46.07517155417648], [17.003892905999997, 46.07522525488236], [17.003730743999995, 46.07522525488236], [17.003730743999995, 46.075278955588246], [17.003568581999996, 46.075278955588246], [17.003568581999996, 46.07533265629413], [17.003406419999997, 46.07533265629413], [17.003406419999997, 46.075386357000006], [17.003190203999996, 46.075386357000006], [17.003190203999996, 46.07544005770589], [17.002973987999997, 46.07544005770589], [17.002973987999997, 46.075493758411774], [17.002757771999995, 46.075493758411774], [17.002757771999995, 46.07554745911766], [17.002541555999997, 46.07554745911766], [17.002541555999997, 46.07560115982354], [17.002379393999995, 46.07560115982354], [17.002379393999995, 46.07565486052942], [17.002217231999996, 46.07565486052942], [17.002217231999996, 46.0757085612353], [17.002001015999998, 46.0757085612353], [17.002001015999998, 46.07581596264707], [17.002055069999997, 46.07581596264707], [17.002055069999997, 46.07592336405883], [17.002109123999997, 46.07592336405883], [17.002109123999997, 46.075977064764714], [17.002163177999996, 46.075977064764714], [17.002163177999996, 46.07592336405883], [17.002325339999995, 46.07592336405883], [17.002325339999995, 46.075869663352954], [17.002487501999997, 46.075869663352954], [17.002487501999997, 46.07581596264707], [17.002649663999996, 46.07581596264707], [17.002649663999996, 46.075762261941186], [17.002811825999995, 46.075762261941186], [17.002811825999995, 46.0757085612353], [17.002973987999997, 46.0757085612353], [17.002973987999997, 46.07565486052942], [17.003190203999996, 46.07565486052942], [17.003190203999996, 46.07560115982354], [17.003406419999997, 46.07560115982354], [17.003406419999997, 46.07554745911766], [17.003622635999996, 46.07554745911766], [17.003622635999996, 46.075493758411774], [17.003784797999998, 46.075493758411774], [17.003784797999998, 46.07544005770589], [17.003946959999997, 46.07544005770589], [17.003946959999997, 46.075386357000006], [17.004109121999996, 46.075386357000006], [17.004109121999996, 46.075278955588246], [17.004055067999996, 46.075278955588246], [17.004055067999996, 46.07522525488236], [17.004001013999996, 46.07522525488236], [17.004001013999996, 46.07517155417648], [17.003892905999997, 46.07517155417648]]]}}, {"type": "Feature", "properties": {"id": "ftw-croatia-007", "country": "croatia", "source": "fields-of-the-world", "area_ha": 0.4525}, "geometry": {"type": "Polygon", "coordinates": [[[16.928721809999995, 45.90134148599999], [16.928721809999995, 45.901395539999996], [16.928505593999997, 45.901395539999996], [16.928505593999997, 45.901449594], [16.928289377999995, 45.901449594], [16.928289377999995, 45.901503647999995], [16.928073161999997, 45.901503647999995], [16.928073161999997, 45.901557702], [16.927910999999998, 45.901557702], [16.927910999999998, 45.901611755999994], [16.927694783999996, 45.901611755999994], [16.927694783999996, 45.90166581], [16.927478567999998, 45.90166581], [16.927478567999998, 45.90171986399999], [16.927262351999996, 45.90171986399999], [16.927262351999996, 45.901773917999996], [16.927208297999996, 45.901773917999996], [16.927208297999996, 45.901827972], [16.927262351999996, 45.901827972], [16.927262351999996, 45.901990133999995], [16.927316405999996, 45.901990133999995], [16.927316405999996, 45.902044188], [16.927370459999995, 45.902044188], [16.927370459999995, 45.901990133999995], [16.927640729999997, 45.901990133999995], [16.927640729999997, 45.90193608], [16.927856946, 45.90193608], [16.927856946, 45.901882025999996], [16.928181269999996, 45.901882025999996], [16.928181269999996, 45.901827972], [16.928343432, 45.901827972], [16.928343432, 45.901773917999996], [16.928559647999997, 45.901773917999996], [16.928559647999997, 45.90171986399999], [16.928721809999995, 45.90171986399999], [16.928721809999995, 45.90166581], [16.928938025999997, 45.90166581], [16.928938025999997, 45.901557702], [16.928883971999998, 45.901557702], [16.928883971999998, 45.901449594], [16.928829917999998, 45.901449594], [16.928829917999998, 45.90134148599999], [16.928721809999995, 45.90134148599999]]]}}, {"type": "Feature", "properties": {"id": "ftw-croatia-008", "country": "croatia", "source": "fields-of-the-world", "area_ha": 0.5104}, "geometry": {"type": "Polygon", "coordinates": [[[17.001568583999997, 46.07329202947059], [17.001568583999997, 46.07334573017648], [17.001298313999996, 46.07334573017648], [17.001298313999996, 46.07339943088236], [17.001028043999998, 46.07339943088236], [17.001028043999998, 46.073453131588245], [17.000703719999997, 46.073453131588245], [17.000703719999997, 46.07350683229413], [17.000487503999995, 46.07350683229413], [17.000487503999995, 46.073560533000006], [17.000109125999998, 46.073560533000006], [17.000109125999998, 46.07361423370589], [16.999946963999996, 46.07361423370589], [16.999946963999996, 46.07366793441177], [16.999838855999997, 46.07366793441177], [16.999838855999997, 46.07372163511766], [16.999730747999998, 46.07372163511766], [16.999730747999998, 46.07377533582354], [16.999568585999995, 46.07377533582354], [16.999568585999995, 46.07382903652942], [16.999460477999996, 46.07382903652942], [16.999460477999996, 46.0738827372353], [16.999514531999996, 46.0738827372353], [16.999514531999996, 46.073936437941185], [16.999568585999995, 46.073936437941185], [16.999568585999995, 46.07404383935295], [16.99962264, 46.07404383935295], [16.99962264, 46.07409754005883], [16.999676693999998, 46.07409754005883], [16.999676693999998, 46.07404383935295], [16.999784801999997, 46.07404383935295], [16.999784801999997, 46.07399013864707], [16.999892909999996, 46.07399013864707], [16.999892909999996, 46.073936437941185], [17.000055071999995, 46.073936437941185], [17.000055071999995, 46.0738827372353], [17.000163179999998, 46.0738827372353], [17.000163179999998, 46.07382903652942], [17.000379395999996, 46.07382903652942], [17.000379395999996, 46.07377533582354], [17.000595611999998, 46.07377533582354], [17.000595611999998, 46.07372163511766], [17.000973989999995, 46.07372163511766], [17.000973989999995, 46.07366793441177], [17.001406421999995, 46.07366793441177], [17.001406421999995, 46.07361423370589], [17.001622637999997, 46.07361423370589], [17.001622637999997, 46.073560533000006], [17.001730745999996, 46.073560533000006], [17.001730745999996, 46.07339943088236], [17.001676691999997, 46.07339943088236], [17.001676691999997, 46.07329202947059], [17.001568583999997, 46.07329202947059]]]}}, {"type": "Feature", "properties": {"id": "ftw-croatia-009", "country": "croatia", "source": "fields-of-the-world", "area_ha": 0.5908}, "geometry": {"type": "Polygon", "coordinates": [[[16.928127215999996, 45.90220635], [16.928127215999996, 45.902260403999996], [16.927802891999995, 45.902260403999996], [16.927802891999995, 45.902314458], [16.927532621999998, 45.902314458], [16.927532621999998, 45.902368511999995], [16.927424514, 45.902368511999995], [16.927424514, 45.902530674], [16.927478567999998, 45.902530674], [16.927478567999998, 45.902638782], [16.927856946, 45.902638782], [16.927856946, 45.902800944], [16.927910999999998, 45.902800944], [16.927910999999998, 45.902854997999995], [16.928073161999997, 45.902854997999995], [16.928073161999997, 45.902800944], [16.928613701999996, 45.902800944], [16.928613701999996, 45.902746889999996], [16.928883971999998, 45.902746889999996], [16.928883971999998, 45.902638782], [16.928829917999998, 45.902638782], [16.928829917999998, 45.902476619999995], [16.928775864, 45.902476619999995], [16.928775864, 45.902260403999996], [16.928829917999998, 45.902260403999996], [16.928829917999998, 45.90220635], [16.928127215999996, 45.90220635]]]}}, {"type": "Feature", "properties": {"id": "ftw-croatia-010", "country": "croatia", "source": "fields-of-the-world", "area_ha": 0.6623}, "geometry": {"type": "Polygon", "coordinates": [[[16.995838859999996, 46.07399013864707], [16.995838859999996, 46.07409754005883], [16.995892913999995, 46.07409754005883], [16.995892913999995, 46.074151240764714], [16.995946968, 46.074151240764714], [16.995946968, 46.0742049414706], [16.996001021999998, 46.0742049414706], [16.996001021999998, 46.074312342882365], [16.996055075999998, 46.074312342882365], [16.996055075999998, 46.07436604358824], [16.996109129999997, 46.07436604358824], [16.996109129999997, 46.074419744294126], [16.996163183999997, 46.074419744294126], [16.996163183999997, 46.07452714570589], [16.996217237999996, 46.07452714570589], [16.996217237999996, 46.07458084641177], [16.996271291999996, 46.07458084641177], [16.996271291999996, 46.074634547117654], [16.996325345999995, 46.074634547117654], [16.996325345999995, 46.07474194852942], [16.996379399999995, 46.07474194852942], [16.996379399999995, 46.074795649235305], [16.996433453999998, 46.074795649235305], [16.996433453999998, 46.07484934994118], [16.996487507999998, 46.07484934994118], [16.996487507999998, 46.07495675135295], [16.996541561999997, 46.07495675135295], [16.996541561999997, 46.075010452058834], [16.996595615999997, 46.075010452058834], [16.996595615999997, 46.07506415276472], [16.996649669999996, 46.07506415276472], [16.996649669999996, 46.07517155417648], [16.996703723999996, 46.07517155417648], [16.996703723999996, 46.07522525488236], [16.996757777999996, 46.07522525488236], [16.996757777999996, 46.075278955588246], [16.996811831999995, 46.075278955588246], [16.996811831999995, 46.07533265629413], [16.996919939999998, 46.07533265629413], [16.996919939999998, 46.075386357000006], [16.997028047999997, 46.075386357000006], [16.997028047999997, 46.07533265629413], [16.997136155999996, 46.07533265629413], [16.997136155999996, 46.075386357000006], [16.997190209999996, 46.075386357000006], [16.997190209999996, 46.07544005770589], [16.997244263999995, 46.07544005770589], [16.997244263999995, 46.07554745911766], [16.997298317999995, 46.07554745911766], [16.997298317999995, 46.07560115982354], [16.997352371999998, 46.07560115982354], [16.997352371999998, 46.0757085612353], [16.997406425999998, 46.0757085612353], [16.997406425999998, 46.075762261941186], [16.997460479999997, 46.075762261941186], [16.997460479999997, 46.075869663352954], [16.997514533999997, 46.075869663352954], [16.997514533999997, 46.07592336405883], [16.997568587999996, 46.07592336405883], [16.997568587999996, 46.0760307654706], [16.997622641999996, 46.0760307654706], [16.997622641999996, 46.07613816688236], [16.997676695999996, 46.07613816688236], [16.997676695999996, 46.07624556829413], [16.997730749999995, 46.07624556829413], [16.997730749999995, 46.07629926900001], [16.997784804, 46.07629926900001], [16.997784804, 46.07619186758824], [16.997838857999998, 46.07619186758824], [16.997838857999998, 46.07608446617648], [16.997892911999998, 46.07608446617648], [16.997892911999998, 46.0760307654706], [16.997838857999998, 46.0760307654706], [16.997838857999998, 46.07592336405883], [16.997784804, 46.07592336405883], [16.997784804, 46.075869663352954], [16.997730749999995, 46.075869663352954], [16.997730749999995, 46.075762261941186], [16.997676695999996, 46.075762261941186], [16.997676695999996, 46.0757085612353], [16.997622641999996, 46.0757085612353], [16.997622641999996, 46.07565486052942], [16.997568587999996, 46.07565486052942], [16.997568587999996, 46.07554745911766], [16.997514533999997, 46.07554745911766], [16.997514533999997, 46.075493758411774], [16.997460479999997, 46.075493758411774], [16.997460479999997, 46.075386357000006], [16.997406425999998, 46.075386357000006], [16.997406425999998, 46.075278955588246], [16.997514533999997, 46.075278955588246], [16.997514533999997, 46.07517155417648], [16.997460479999997, 46.07517155417648], [16.997460479999997, 46.075117853470594], [16.997352371999998, 46.075117853470594], [16.997352371999998, 46.07506415276472], [16.997244263999995, 46.07506415276472], [16.997244263999995, 46.075010452058834], [16.997136155999996, 46.075010452058834], [16.997136155999996, 46.07495675135295], [16.997082101999997, 46.07495675135295], [16.997082101999997, 46.074903050647066], [16.996973993999998, 46.074903050647066], [16.996973993999998, 46.07484934994118], [16.996919939999998, 46.07484934994118], [16.996919939999998, 46.074795649235305], [16.996811831999995, 46.074795649235305], [16.996811831999995, 46.07474194852942], [16.996703723999996, 46.07474194852942], [16.996703723999996, 46.07468824782354], [16.996649669999996, 46.07468824782354], [16.996649669999996, 46.074634547117654], [16.996541561999997, 46.074634547117654], [16.996541561999997, 46.07458084641177], [16.996487507999998, 46.07458084641177], [16.996487507999998, 46.07452714570589], [16.996433453999998, 46.07452714570589], [16.996433453999998, 46.07447344500001], [16.996379399999995, 46.07447344500001], [16.996379399999995, 46.074419744294126], [16.996325345999995, 46.074419744294126], [16.996325345999995, 46.07436604358824], [16.996271291999996, 46.07436604358824], [16.996271291999996, 46.074312342882365], [16.996217237999996, 46.074312342882365], [16.996217237999996, 46.07425864217648], [16.996163183999997, 46.07425864217648], [16.996163183999997, 46.0742049414706], [16.996109129999997, 46.0742049414706], [16.996109129999997, 46.074151240764714], [16.996055075999998, 46.074151240764714], [16.996055075999998, 46.07409754005883], [16.996001021999998, 46.07409754005883], [16.996001021999998, 46.07404383935295], [16.995946968, 46.07404383935295], [16.995946968, 46.07399013864707], [16.995838859999996, 46.07399013864707]]]}}, {"type": "Feature", "properties": {"id": "ftw-croatia-011", "country": "croatia", "source": "fields-of-the-world", "area_ha": 0.7893}, "geometry": {"type": "Polygon", "coordinates": [[[17.004109121999996, 46.06915707511765], [17.004109121999996, 46.069210775823535], [17.004001013999996, 46.069210775823535], [17.004001013999996, 46.06926447652942], [17.003892905999997, 46.06926447652942], [17.003892905999997, 46.0693181772353], [17.003784797999998, 46.0693181772353], [17.003784797999998, 46.06937187794119], [17.003676689999995, 46.06937187794119], [17.003676689999995, 46.06942557864706], [17.003730743999995, 46.06942557864706], [17.003730743999995, 46.06953298005883], [17.003784797999998, 46.06953298005883], [17.003784797999998, 46.0696403814706], [17.003838851999998, 46.0696403814706], [17.003838851999998, 46.06980148358824], [17.003892905999997, 46.06980148358824], [17.003892905999997, 46.07001628641177], [17.003946959999997, 46.07001628641177], [17.003946959999997, 46.070177388529416], [17.004001013999996, 46.070177388529416], [17.004001013999996, 46.07033849064707], [17.004055067999996, 46.07033849064707], [17.004055067999996, 46.070553293470596], [17.004109121999996, 46.070553293470596], [17.004109121999996, 46.070768096294124], [17.004163175999995, 46.070768096294124], [17.004163175999995, 46.07087549770589], [17.004433445999997, 46.07087549770589], [17.004433445999997, 46.07082179700001], [17.004649661999995, 46.07082179700001], [17.004649661999995, 46.07071439558824], [17.004595607999995, 46.07071439558824], [17.004595607999995, 46.07044589205883], [17.004541553999996, 46.07044589205883], [17.004541553999996, 46.070284789941184], [17.004487499999996, 46.070284789941184], [17.004487499999996, 46.070177388529416], [17.004433445999997, 46.070177388529416], [17.004433445999997, 46.06996258570589], [17.004379391999997, 46.06996258570589], [17.004379391999997, 46.06980148358824], [17.004487499999996, 46.06980148358824], [17.004487499999996, 46.06974778288236], [17.004541553999996, 46.06974778288236], [17.004541553999996, 46.069586680764715], [17.004487499999996, 46.069586680764715], [17.004487499999996, 46.06947927935295], [17.004433445999997, 46.06947927935295], [17.004433445999997, 46.06937187794119], [17.004379391999997, 46.06937187794119], [17.004379391999997, 46.06926447652942], [17.004325337999997, 46.06926447652942], [17.004325337999997, 46.06915707511765], [17.004109121999996, 46.06915707511765]]]}}, {"type": "Feature", "properties": {"id": "ftw-croatia-012", "country": "croatia", "source": "fields-of-the-world", "area_ha": 0.9541}, "geometry": {"type": "Polygon", "coordinates": [[[16.602559974, 45.971341415999994], [16.602559974, 45.97139546999999], [16.60250592, 45.97139546999999], [16.60250592, 45.97144952399999], [16.602559974, 45.97144952399999], [16.602559974, 45.97155763199999], [16.602614027999998, 45.97155763199999], [16.602614027999998, 45.971611685999996], [16.602668081999997, 45.971611685999996], [16.602668081999997, 45.97166573999999], [16.602722135999997, 45.97166573999999], [16.602722135999997, 45.97177384799999], [16.60277619, 45.97177384799999], [16.60277619, 45.971827901999994], [16.602830244, 45.971827901999994], [16.602830244, 45.97193600999999], [16.602884298, 45.97193600999999], [16.602884298, 45.971990063999996], [16.602938352, 45.971990063999996], [16.602938352, 45.97204411799999], [16.602992406, 45.97204411799999], [16.602992406, 45.97215222599999], [16.603100513999998, 45.97215222599999], [16.603100513999998, 45.972098171999995], [16.60331673, 45.972098171999995], [16.60331673, 45.97204411799999], [16.603424838, 45.97204411799999], [16.603424838, 45.972098171999995], [16.603478892, 45.972098171999995], [16.603478892, 45.97215222599999], [16.604019431999998, 45.97215222599999], [16.604019431999998, 45.972098171999995], [16.60439781, 45.972098171999995], [16.60439781, 45.97204411799999], [16.604343756, 45.97204411799999], [16.604343756, 45.97193600999999], [16.604289702, 45.97193600999999], [16.604289702, 45.97177384799999], [16.604235648, 45.97177384799999], [16.604235648, 45.97155763199999], [16.604181594, 45.97155763199999], [16.604181594, 45.97139546999999], [16.602722135999997, 45.97139546999999], [16.602722135999997, 45.971341415999994], [16.602559974, 45.971341415999994]]]}}, {"type": "Feature", "properties": {"id": "ftw-croatia-013", "country": "croatia", "source": "fields-of-the-world", "area_ha": 1.4618}, "geometry": {"type": "Polygon", "coordinates": [[[16.61196537, 46.14227818199999], [16.61196537, 46.142332235999994], [16.611586992, 46.142332235999994], [16.611586992, 46.14238629], [16.611262668, 46.14238629], [16.611262668, 46.14244034399999], [16.611100506, 46.14244034399999], [16.611100506, 46.14254845199999], [16.61115456, 46.14254845199999], [16.61115456, 46.14265655999999], [16.611208614, 46.14265655999999], [16.611208614, 46.142710613999995], [16.611262668, 46.142710613999995], [16.611262668, 46.142818721999994], [16.611316721999998, 46.142818721999994], [16.611316721999998, 46.142872776], [16.611370775999998, 46.142872776], [16.611370775999998, 46.14292682999999], [16.611424829999997, 46.14292682999999], [16.611424829999997, 46.142980883999996], [16.611478884, 46.142980883999996], [16.611478884, 46.143088991999996], [16.611532938, 46.143088991999996], [16.611532938, 46.14314304599999], [16.611641046, 46.14314304599999], [16.611641046, 46.143197099999995], [16.6116951, 46.143197099999995], [16.6116951, 46.143251154], [16.611749153999998, 46.143251154], [16.611749153999998, 46.143305207999994], [16.611857261999997, 46.143305207999994], [16.611857261999997, 46.143359262], [16.611911315999997, 46.143359262], [16.611911315999997, 46.14341331599999], [16.612019424, 46.14341331599999], [16.612019424, 46.143467369999996], [16.612073478, 46.143467369999996], [16.612073478, 46.14352142399999], [16.612235639999998, 46.14352142399999], [16.612235639999998, 46.143575477999995], [16.612343747999997, 46.143575477999995], [16.612343747999997, 46.14362953199999], [16.612397802, 46.14362953199999], [16.612397802, 46.14373764], [16.612451856, 46.14373764], [16.612451856, 46.143791693999994], [16.61250591, 46.143791693999994], [16.61250591, 46.143845748], [16.612559964, 46.143845748], [16.612559964, 46.14389980199999], [16.612614018, 46.14389980199999], [16.612614018, 46.143953855999996], [16.612668071999998, 46.143953855999996], [16.612668071999998, 46.14400790999999], [16.612722125999998, 46.14400790999999], [16.612722125999998, 46.144061963999995], [16.612776179999997, 46.144061963999995], [16.612776179999997, 46.144170071999994], [16.612830233999997, 46.144170071999994], [16.612830233999997, 46.144224126], [16.612884288, 46.144224126], [16.612884288, 46.14427817999999], [16.612938342, 46.14427817999999], [16.612938342, 46.14438628799999], [16.612992396, 46.14438628799999], [16.612992396, 46.144494396], [16.61304645, 46.144494396], [16.61304645, 46.144602504], [16.613100504, 46.144602504], [16.613100504, 46.14476466599999], [16.613154557999998, 46.14476466599999], [16.613154557999998, 46.14487277399999], [16.613208611999998, 46.14487277399999], [16.613208611999998, 46.145034935999995], [16.613262665999997, 46.145034935999995], [16.613262665999997, 46.145143043999994], [16.61331672, 46.145143043999994], [16.61331672, 46.145197098], [16.613370774, 46.145197098], [16.613370774, 46.145305205999996], [16.613532936, 46.145305205999996], [16.613532936, 46.14525115199999], [16.613749151999997, 46.14525115199999], [16.613749151999997, 46.145197098], [16.613803206, 46.145197098], [16.613803206, 46.14508899], [16.613749151999997, 46.14508899], [16.613749151999997, 46.145034935999995], [16.613695097999997, 46.145034935999995], [16.613695097999997, 46.14508899], [16.613532936, 46.14508899], [16.613532936, 46.145034935999995], [16.613478882, 46.145034935999995], [16.613478882, 46.144926827999996], [16.613424828, 46.144926827999996], [16.613424828, 46.144818719999996], [16.613370774, 46.144818719999996], [16.613370774, 46.144710612], [16.61331672, 46.144710612], [16.61331672, 46.144602504], [16.613262665999997, 46.144602504], [16.613262665999997, 46.144494396], [16.613208611999998, 46.144494396], [16.613208611999998, 46.14438628799999], [16.613154557999998, 46.14438628799999], [16.613154557999998, 46.14427817999999], [16.613100504, 46.14427817999999], [16.613100504, 46.144170071999994], [16.61304645, 46.144170071999994], [16.61304645, 46.144061963999995], [16.612992396, 46.144061963999995], [16.612992396, 46.143953855999996], [16.612938342, 46.143953855999996], [16.612938342, 46.143845748], [16.612884288, 46.143845748], [16.612884288, 46.14373764], [16.612830233999997, 46.14373764], [16.612830233999997, 46.14362953199999], [16.612776179999997, 46.14362953199999], [16.612776179999997, 46.14352142399999], [16.612722125999998, 46.14352142399999], [16.612722125999998, 46.14341331599999], [16.612668071999998, 46.14341331599999], [16.612668071999998, 46.143305207999994], [16.612614018, 46.143305207999994], [16.612614018, 46.143197099999995], [16.612559964, 46.143197099999995], [16.612559964, 46.143088991999996], [16.61250591, 46.143088991999996], [16.61250591, 46.142980883999996], [16.612451856, 46.142980883999996], [16.612451856, 46.142872776], [16.612397802, 46.142872776], [16.612397802, 46.142764668], [16.612343747999997, 46.142764668], [16.612343747999997, 46.14265655999999], [16.612289693999998, 46.14265655999999], [16.612289693999998, 46.14254845199999], [16.612235639999998, 46.14254845199999], [16.612235639999998, 46.14244034399999], [16.612181586, 46.14244034399999], [16.612181586, 46.142332235999994], [16.612127532, 46.142332235999994], [16.612127532, 46.14227818199999], [16.61196537, 46.14227818199999]]]}}, {"type": "Feature", "properties": {"id": "ftw-denmark-000", "country": "denmark", "source": "fields-of-the-world", "area_ha": 3.2028}, "geometry": {"type": "Polygon", "coordinates": [[[10.239953724000001, 57.23021303999999], [10.239953724000001, 57.23026709399999], [10.239845616, 57.23026709399999], [10.239845616, 57.23032114799999], [10.239791562, 57.23032114799999], [10.239791562, 57.23037520199999], [10.239683454000001, 57.23037520199999], [10.239683454000001, 57.23042925599999], [10.239575346, 57.23042925599999], [10.239575346, 57.23048330999999], [10.239521292000001, 57.23048330999999], [10.239521292000001, 57.230537363999986], [10.239413184, 57.230537363999986], [10.239413184, 57.23059141799999], [10.23935913, 57.23059141799999], [10.23935913, 57.23064547199999], [10.239305076, 57.23064547199999], [10.239305076, 57.23069952599999], [10.239251022000001, 57.23069952599999], [10.239251022000001, 57.23075357999999], [10.239196968, 57.23075357999999], [10.239196968, 57.23080763399999], [10.239142914, 57.23080763399999], [10.239142914, 57.23086168799999], [10.23908886, 57.23086168799999], [10.23908886, 57.230915741999986], [10.239034806000001, 57.230915741999986], [10.239034806000001, 57.23096979599999], [10.238980752000002, 57.23096979599999], [10.238980752000002, 57.23107790399999], [10.238926698, 57.23107790399999], [10.238926698, 57.23113195799999], [10.238872644, 57.23113195799999], [10.238872644, 57.23118601199999], [10.238818590000001, 57.23118601199999], [10.238818590000001, 57.23124006599999], [10.238764536000001, 57.23124006599999], [10.238764536000001, 57.23129411999999], [10.238710482, 57.23129411999999], [10.238710482, 57.23134817399999], [10.238602374000001, 57.23134817399999], [10.238602374000001, 57.23140222799999], [10.238494266, 57.23140222799999], [10.238494266, 57.23145628199999], [10.238332104000001, 57.23145628199999], [10.238332104000001, 57.23151033599999], [10.238169942, 57.23151033599999], [10.238169942, 57.23156438999999], [10.237953726, 57.23156438999999], [10.237953726, 57.23161844399999], [10.23773751, 57.23161844399999], [10.23773751, 57.23167249799999], [10.237575348, 57.23167249799999], [10.237575348, 57.23172655199999], [10.23746724, 57.23172655199999], [10.23746724, 57.23178060599999], [10.237359132000002, 57.23178060599999], [10.237359132000002, 57.23183465999999], [10.237305078, 57.23183465999999], [10.237305078, 57.23188871399999], [10.237196970000001, 57.23188871399999], [10.237196970000001, 57.23194276799999], [10.237142916000002, 57.23194276799999], [10.237142916000002, 57.23199682199999], [10.237088862, 57.23199682199999], [10.237088862, 57.23205087599999], [10.236980754000001, 57.23205087599999], [10.236980754000001, 57.23210492999999], [10.236926700000001, 57.23210492999999], [10.236926700000001, 57.23215898399999], [10.236872646, 57.23215898399999], [10.236872646, 57.23221303799999], [10.236818592, 57.23221303799999], [10.236818592, 57.23226709199999], [10.236710484000001, 57.23226709199999], [10.236710484000001, 57.23232114599999], [10.23665643, 57.23232114599999], [10.23665643, 57.23237519999999], [10.236602376, 57.23237519999999], [10.236602376, 57.23242925399999], [10.236548322, 57.23242925399999], [10.236548322, 57.23248330799999], [10.236440214000002, 57.23248330799999], [10.236440214000002, 57.23259141599999], [10.236602376, 57.23259141599999], [10.236602376, 57.23264546999999], [10.236764538000001, 57.23264546999999], [10.236764538000001, 57.23269952399999], [10.236872646, 57.23269952399999], [10.236872646, 57.23275357799999], [10.237034808, 57.23275357799999], [10.237034808, 57.23280763199999], [10.237251024, 57.23280763199999], [10.237251024, 57.23286168599999], [10.23746724, 57.23286168599999], [10.23746724, 57.23291573999999], [10.237629402000001, 57.23291573999999], [10.237629402000001, 57.23296979399999], [10.237791564, 57.23296979399999], [10.237791564, 57.23302384799999], [10.237953726, 57.23302384799999], [10.237953726, 57.23307790199999], [10.238115888000001, 57.23307790199999], [10.238115888000001, 57.233131955999994], [10.238440212, 57.233131955999994], [10.238440212, 57.23307790199999], [10.238494266, 57.23307790199999], [10.238494266, 57.23302384799999], [10.238548320000001, 57.23302384799999], [10.238548320000001, 57.23296979399999], [10.238602374000001, 57.23296979399999], [10.238602374000001, 57.23291573999999], [10.238656428, 57.23291573999999], [10.238656428, 57.23286168599999], [10.238764536000001, 57.23286168599999], [10.238764536000001, 57.23280763199999], [10.238818590000001, 57.23280763199999], [10.238818590000001, 57.23275357799999], [10.238872644, 57.23275357799999], [10.238872644, 57.23269952399999], [10.238926698, 57.23269952399999], [10.238926698, 57.23264546999999], [10.238980752000002, 57.23264546999999], [10.238980752000002, 57.23259141599999], [10.239034806000001, 57.23259141599999], [10.239034806000001, 57.23253736199999], [10.23908886, 57.23253736199999], [10.23908886, 57.23248330799999], [10.239142914, 57.23248330799999], [10.239142914, 57.23242925399999], [10.239196968, 57.23242925399999], [10.239196968, 57.23237519999999], [10.239251022000001, 57.23237519999999], [10.239251022000001, 57.23232114599999], [10.239305076, 57.23232114599999], [10.239305076, 57.23226709199999], [10.23935913, 57.23226709199999], [10.23935913, 57.23221303799999], [10.239413184, 57.23221303799999], [10.239413184, 57.23215898399999], [10.239467238000001, 57.23215898399999], [10.239467238000001, 57.23199682199999], [10.239521292000001, 57.23199682199999], [10.239521292000001, 57.23183465999999], [10.239575346, 57.23183465999999], [10.239575346, 57.23161844399999], [10.2396294, 57.23161844399999], [10.2396294, 57.23151033599999], [10.239683454000001, 57.23151033599999], [10.239683454000001, 57.23145628199999], [10.239737508000001, 57.23145628199999], [10.239737508000001, 57.23140222799999], [10.239845616, 57.23140222799999], [10.239845616, 57.23134817399999], [10.240007778, 57.23134817399999], [10.240007778, 57.23140222799999], [10.240061832, 57.23140222799999], [10.240061832, 57.23134817399999], [10.240223994, 57.23134817399999], [10.240223994, 57.23129411999999], [10.240278048, 57.23129411999999], [10.240278048, 57.23124006599999], [10.240332102, 57.23124006599999], [10.240332102, 57.23118601199999], [10.240386156000001, 57.23118601199999], [10.240386156000001, 57.23113195799999], [10.240440210000001, 57.23113195799999], [10.240440210000001, 57.23107790399999], [10.240494264, 57.23107790399999], [10.240494264, 57.23102384999999], [10.240548318, 57.23102384999999], [10.240548318, 57.23096979599999], [10.240602372000001, 57.23096979599999], [10.240602372000001, 57.230915741999986], [10.240656426000001, 57.230915741999986], [10.240656426000001, 57.23080763399999], [10.240548318, 57.23080763399999], [10.240548318, 57.23075357999999], [10.240440210000001, 57.23075357999999], [10.240440210000001, 57.23069952599999], [10.240386156000001, 57.23069952599999], [10.240386156000001, 57.23059141799999], [10.240332102, 57.23059141799999], [10.240332102, 57.230537363999986], [10.240386156000001, 57.230537363999986], [10.240386156000001, 57.23048330999999], [10.240494264, 57.23048330999999], [10.240494264, 57.23037520199999], [10.240386156000001, 57.23037520199999], [10.240386156000001, 57.23032114799999], [10.240278048, 57.23032114799999], [10.240278048, 57.23026709399999], [10.240169940000001, 57.23026709399999], [10.240169940000001, 57.23021303999999], [10.239953724000001, 57.23021303999999]]]}}, {"type": "Feature", "properties": {"id": "ftw-denmark-001", "country": "denmark", "source": "fields-of-the-world", "area_ha": 3.8286}, "geometry": {"type": "Polygon", "coordinates": [[[10.237521294, 57.22972655399999], [10.237521294, 57.22978060799999], [10.237196970000001, 57.22978060799999], [10.237196970000001, 57.22983466199999], [10.236980754000001, 57.22983466199999], [10.236980754000001, 57.22988871599999], [10.236872646, 57.22988871599999], [10.236872646, 57.22994276999999], [10.236764538000001, 57.22994276999999], [10.236764538000001, 57.22999682399999], [10.236710484000001, 57.22999682399999], [10.236710484000001, 57.230050877999986], [10.23665643, 57.230050877999986], [10.23665643, 57.23010493199999], [10.236548322, 57.23010493199999], [10.236548322, 57.23015898599999], [10.236440214000002, 57.23015898599999], [10.236440214000002, 57.23021303999999], [10.236278052000001, 57.23021303999999], [10.236278052000001, 57.23026709399999], [10.236169944, 57.23026709399999], [10.236169944, 57.23032114799999], [10.236061836000001, 57.23032114799999], [10.236061836000001, 57.23048330999999], [10.23611589, 57.23048330999999], [10.23611589, 57.23075357999999], [10.236007782000001, 57.23075357999999], [10.236007782000001, 57.23080763399999], [10.235899674, 57.23080763399999], [10.235899674, 57.23086168799999], [10.235791566000001, 57.23086168799999], [10.235791566000001, 57.23102384999999], [10.235845620000001, 57.23102384999999], [10.235845620000001, 57.23113195799999], [10.235899674, 57.23113195799999], [10.235899674, 57.23124006599999], [10.235953728, 57.23124006599999], [10.235953728, 57.23134817399999], [10.236007782000001, 57.23134817399999], [10.236007782000001, 57.23145628199999], [10.236061836000001, 57.23145628199999], [10.236061836000001, 57.23151033599999], [10.23611589, 57.23151033599999], [10.23611589, 57.23161844399999], [10.236169944, 57.23161844399999], [10.236169944, 57.23172655199999], [10.236223998000002, 57.23172655199999], [10.236223998000002, 57.23188871399999], [10.236169944, 57.23188871399999], [10.236169944, 57.23194276799999], [10.236007782000001, 57.23194276799999], [10.236007782000001, 57.23188871399999], [10.235899674, 57.23188871399999], [10.235899674, 57.23183465999999], [10.235791566000001, 57.23183465999999], [10.235791566000001, 57.23178060599999], [10.235683458, 57.23178060599999], [10.235683458, 57.23167249799999], [10.235629404, 57.23167249799999], [10.235629404, 57.23156438999999], [10.235575350000001, 57.23156438999999], [10.235575350000001, 57.23140222799999], [10.235521296000002, 57.23140222799999], [10.235521296000002, 57.23129411999999], [10.235467242, 57.23129411999999], [10.235467242, 57.23113195799999], [10.235413188, 57.23113195799999], [10.235413188, 57.23102384999999], [10.235251026, 57.23102384999999], [10.235251026, 57.23107790399999], [10.235196972, 57.23107790399999], [10.235196972, 57.23113195799999], [10.235142918000001, 57.23113195799999], [10.235142918000001, 57.23118601199999], [10.23503481, 57.23118601199999], [10.23503481, 57.23124006599999], [10.234980756, 57.23124006599999], [10.234980756, 57.23129411999999], [10.234926702000001, 57.23129411999999], [10.234926702000001, 57.23134817399999], [10.234818594, 57.23134817399999], [10.234818594, 57.23140222799999], [10.23476454, 57.23140222799999], [10.23476454, 57.23145628199999], [10.234710486, 57.23145628199999], [10.234710486, 57.23151033599999], [10.234602378000002, 57.23151033599999], [10.234602378000002, 57.23156438999999], [10.234548324, 57.23156438999999], [10.234548324, 57.23161844399999], [10.23449427, 57.23161844399999], [10.23449427, 57.23167249799999], [10.234386162000002, 57.23167249799999], [10.234386162000002, 57.23172655199999], [10.234332108, 57.23172655199999], [10.234332108, 57.23178060599999], [10.234278054, 57.23178060599999], [10.234278054, 57.23183465999999], [10.234224000000001, 57.23183465999999], [10.234224000000001, 57.23188871399999], [10.234440216000001, 57.23188871399999], [10.234440216000001, 57.23194276799999], [10.234602378000002, 57.23194276799999], [10.234602378000002, 57.23199682199999], [10.234818594, 57.23199682199999], [10.234818594, 57.23205087599999], [10.234980756, 57.23205087599999], [10.234980756, 57.23210492999999], [10.235196972, 57.23210492999999], [10.235196972, 57.23215898399999], [10.235305080000002, 57.23215898399999], [10.235305080000002, 57.23210492999999], [10.235359134000001, 57.23210492999999], [10.235359134000001, 57.23205087599999], [10.235413188, 57.23205087599999], [10.235413188, 57.23199682199999], [10.235521296000002, 57.23199682199999], [10.235521296000002, 57.23194276799999], [10.235575350000001, 57.23194276799999], [10.235575350000001, 57.23188871399999], [10.235683458, 57.23188871399999], [10.235683458, 57.23194276799999], [10.235845620000001, 57.23194276799999], [10.235845620000001, 57.23199682199999], [10.236007782000001, 57.23199682199999], [10.236007782000001, 57.23205087599999], [10.236169944, 57.23205087599999], [10.236169944, 57.23210492999999], [10.236332106, 57.23210492999999], [10.236332106, 57.23215898399999], [10.236494268000001, 57.23215898399999], [10.236494268000001, 57.23221303799999], [10.236602376, 57.23221303799999], [10.236602376, 57.23215898399999], [10.236710484000001, 57.23215898399999], [10.236710484000001, 57.23210492999999], [10.236764538000001, 57.23210492999999], [10.236764538000001, 57.23205087599999], [10.236872646, 57.23205087599999], [10.236872646, 57.23199682199999], [10.236980754000001, 57.23199682199999], [10.236980754000001, 57.23194276799999], [10.237034808, 57.23194276799999], [10.237034808, 57.23188871399999], [10.237142916000002, 57.23188871399999], [10.237142916000002, 57.23183465999999], [10.237196970000001, 57.23183465999999], [10.237196970000001, 57.23178060599999], [10.237305078, 57.23178060599999], [10.237305078, 57.23172655199999], [10.237359132000002, 57.23172655199999], [10.237359132000002, 57.23167249799999], [10.237413186000001, 57.23167249799999], [10.237413186000001, 57.23161844399999], [10.237521294, 57.23161844399999], [10.237521294, 57.23156438999999], [10.237575348, 57.23156438999999], [10.237575348, 57.23151033599999], [10.237683456000001, 57.23151033599999], [10.237683456000001, 57.23145628199999], [10.23773751, 57.23145628199999], [10.23773751, 57.23140222799999], [10.237791564, 57.23140222799999], [10.237791564, 57.23118601199999], [10.23773751, 57.23118601199999], [10.23773751, 57.23102384999999], [10.237791564, 57.23102384999999], [10.237791564, 57.23080763399999], [10.237845618000001, 57.23080763399999], [10.237845618000001, 57.23069952599999], [10.237899672000001, 57.23069952599999], [10.237899672000001, 57.23059141799999], [10.237953726, 57.23059141799999], [10.237953726, 57.230537363999986], [10.23800778, 57.230537363999986], [10.23800778, 57.23048330999999], [10.238115888000001, 57.23048330999999], [10.238115888000001, 57.23042925599999], [10.238223996, 57.23042925599999], [10.238223996, 57.23037520199999], [10.238386158, 57.23037520199999], [10.238386158, 57.23032114799999], [10.238602374000001, 57.23032114799999], [10.238602374000001, 57.23026709399999], [10.238926698, 57.23026709399999], [10.238926698, 57.23032114799999], [10.239034806000001, 57.23032114799999], [10.239034806000001, 57.23048330999999], [10.238980752000002, 57.23048330999999], [10.238980752000002, 57.230537363999986], [10.238926698, 57.230537363999986], [10.238926698, 57.23059141799999], [10.238872644, 57.23059141799999], [10.238872644, 57.23069952599999], [10.238818590000001, 57.23069952599999], [10.238818590000001, 57.23080763399999], [10.238926698, 57.23080763399999], [10.238926698, 57.230915741999986], [10.238980752000002, 57.230915741999986], [10.238980752000002, 57.23086168799999], [10.239034806000001, 57.23086168799999], [10.239034806000001, 57.23080763399999], [10.23908886, 57.23080763399999], [10.23908886, 57.23075357999999], [10.239142914, 57.23075357999999], [10.239142914, 57.23069952599999], [10.239251022000001, 57.23069952599999], [10.239251022000001, 57.23064547199999], [10.239305076, 57.23064547199999], [10.239305076, 57.23059141799999], [10.23935913, 57.23059141799999], [10.23935913, 57.230537363999986], [10.239413184, 57.230537363999986], [10.239413184, 57.23048330999999], [10.239521292000001, 57.23048330999999], [10.239521292000001, 57.23042925599999], [10.239575346, 57.23042925599999], [10.239575346, 57.23037520199999], [10.239683454000001, 57.23037520199999], [10.239683454000001, 57.23032114799999], [10.239791562, 57.23032114799999], [10.239791562, 57.23026709399999], [10.239845616, 57.23026709399999], [10.239845616, 57.23021303999999], [10.239953724000001, 57.23021303999999], [10.239953724000001, 57.23015898599999], [10.239845616, 57.23015898599999], [10.239845616, 57.23010493199999], [10.239737508000001, 57.23010493199999], [10.239737508000001, 57.230050877999986], [10.2396294, 57.230050877999986], [10.2396294, 57.22999682399999], [10.239521292000001, 57.22999682399999], [10.239521292000001, 57.22994276999999], [10.239413184, 57.22994276999999], [10.239413184, 57.22988871599999], [10.239305076, 57.22988871599999], [10.239305076, 57.22983466199999], [10.239196968, 57.22983466199999], [10.239196968, 57.22978060799999], [10.239034806000001, 57.22978060799999], [10.239034806000001, 57.22972655399999], [10.237521294, 57.22972655399999]]]}}, {"type": "Feature", "properties": {"id": "ftw-estonia-000", "country": "estonia", "source": "fields-of-the-world", "area_ha": 1.2966}, "geometry": {"type": "Polygon", "coordinates": [[[25.178569416, 58.83041546735295], [25.178569416, 58.83046916805883], [25.178461308, 58.83046916805883], [25.178461308, 58.830576569470594], [25.178407254, 58.830576569470594], [25.178407254, 58.83063027017648], [25.1783532, 58.83063027017648], [25.1783532, 58.83079137229413], [25.178245092, 58.83079137229413], [25.178245092, 58.83089877370589], [25.178191038, 58.83089877370589], [25.178191038, 58.830952474411774], [25.178136983999998, 58.830952474411774], [25.178136983999998, 58.83100617511766], [25.17808293, 58.83100617511766], [25.17808293, 58.8311672772353], [25.178136983999998, 58.8311672772353], [25.178136983999998, 58.831220977941186], [25.178245092, 58.831220977941186], [25.178245092, 58.83127467864707], [25.178299146, 58.83127467864707], [25.178299146, 58.831328379352954], [25.178407254, 58.831328379352954], [25.178407254, 58.83138208005883], [25.178515362, 58.83138208005883], [25.178515362, 58.831435780764714], [25.178569416, 58.831435780764714], [25.178569416, 58.8314894814706], [25.178677524, 58.8314894814706], [25.178677524, 58.83154318217648], [25.178731578, 58.83154318217648], [25.178731578, 58.831596882882366], [25.178785632, 58.831596882882366], [25.178785632, 58.83165058358824], [25.178839686, 58.83165058358824], [25.178839686, 58.831704284294126], [25.17889374, 58.831704284294126], [25.17889374, 58.83175798500001], [25.179001848, 58.83175798500001], [25.179001848, 58.831811685705894], [25.17970455, 58.831811685705894], [25.17970455, 58.83175798500001], [25.180299144, 58.83175798500001], [25.180299144, 58.831704284294126], [25.180623468, 58.831704284294126], [25.180623468, 58.83165058358824], [25.180731576, 58.83165058358824], [25.180731576, 58.831596882882366], [25.18078563, 58.831596882882366], [25.18078563, 58.83154318217648], [25.180731576, 58.83154318217648], [25.180731576, 58.8314894814706], [25.180677522, 58.8314894814706], [25.180677522, 58.831435780764714], [25.180569414, 58.831435780764714], [25.180569414, 58.83138208005883], [25.180407252, 58.83138208005883], [25.180407252, 58.831328379352954], [25.180353198, 58.831328379352954], [25.180353198, 58.83127467864707], [25.18024509, 58.83127467864707], [25.18024509, 58.831220977941186], [25.180136982, 58.831220977941186], [25.180136982, 58.8311672772353], [25.180082928, 58.8311672772353], [25.180082928, 58.83111357652942], [25.179974819999998, 58.83111357652942], [25.179974819999998, 58.83105987582354], [25.179866712, 58.83105987582354], [25.179866712, 58.83100617511766], [25.179812658, 58.83100617511766], [25.179812658, 58.830952474411774], [25.17970455, 58.830952474411774], [25.17970455, 58.83089877370589], [25.179542388, 58.83089877370589], [25.179542388, 58.830845073000006], [25.17943428, 58.830845073000006], [25.17943428, 58.83079137229413], [25.179326172, 58.83079137229413], [25.179326172, 58.830737671588246], [25.179272118, 58.830737671588246], [25.179272118, 58.83068397088236], [25.179109956, 58.83068397088236], [25.179109956, 58.83063027017648], [25.179001848, 58.83063027017648], [25.179001848, 58.830576569470594], [25.17889374, 58.830576569470594], [25.17889374, 58.83052286876472], [25.178839686, 58.83052286876472], [25.178839686, 58.83046916805883], [25.178731578, 58.83046916805883], [25.178731578, 58.83041546735295], [25.178569416, 58.83041546735295]]]}}, {"type": "Feature", "properties": {"id": "ftw-estonia-001", "country": "estonia", "source": "fields-of-the-world", "area_ha": 1.3857}, "geometry": {"type": "Polygon", "coordinates": [[[25.373720430882354, 58.87713031199999], [25.373720430882354, 58.877184365999994], [25.37339822664706, 58.877184365999994], [25.37339822664706, 58.87723842], [25.373076022411766, 58.87723842], [25.373076022411766, 58.877292473999994], [25.37275381817647, 58.877292473999994], [25.37275381817647, 58.877346528], [25.372002008294118, 58.877346528], [25.372002008294118, 58.87740058199999], [25.371894606882353, 58.87740058199999], [25.371894606882353, 58.877454635999996], [25.37178720547059, 58.877454635999996], [25.37178720547059, 58.877724906], [25.371733504764705, 58.877724906], [25.371733504764705, 58.87788706799999], [25.371679804058825, 58.87788706799999], [25.371679804058825, 58.877941121999996], [25.371733504764705, 58.877941121999996], [25.371733504764705, 58.878103284], [25.37178720547059, 58.878103284], [25.37178720547059, 58.878157337999994], [25.371733504764705, 58.878157337999994], [25.371733504764705, 58.878211392], [25.371679804058825, 58.878211392], [25.371679804058825, 58.87826544599999], [25.373988934411766, 58.87826544599999], [25.373988934411766, 58.877724906], [25.373935233705883, 58.877724906], [25.373935233705883, 58.87713031199999], [25.373720430882354, 58.87713031199999]]]}}, {"type": "Feature", "properties": {"id": "ftw-estonia-002", "country": "estonia", "source": "fields-of-the-world", "area_ha": 3.7366}, "geometry": {"type": "Polygon", "coordinates": [[[24.74006535, 58.92635548799999], [24.74006535, 58.926409541999995], [24.739903188, 58.926409541999995], [24.739903188, 58.926463596], [24.739741025999997, 58.926463596], [24.739741025999997, 58.926517649999994], [24.739470756, 58.926517649999994], [24.739470756, 58.926571704], [24.739200485999998, 58.926571704], [24.739200485999998, 58.92662575799999], [24.739038324, 58.92662575799999], [24.739038324, 58.926679811999996], [24.738876161999997, 58.926679811999996], [24.738876161999997, 58.92673386599999], [24.738659946, 58.92673386599999], [24.738659946, 58.926787919999995], [24.738065352, 58.926787919999995], [24.738065352, 58.926841974], [24.737795081999998, 58.926841974], [24.737795081999998, 58.926896027999994], [24.737578866, 58.926896027999994], [24.737578866, 58.926950082], [24.737524811999997, 58.926950082], [24.737524811999997, 58.927004135999994], [24.737578866, 58.927004135999994], [24.737578866, 58.92705819], [24.73763292, 58.92705819], [24.73763292, 58.927166297999996], [24.737741028, 58.927166297999996], [24.737741028, 58.92722035199999], [24.737795081999998, 58.92722035199999], [24.737795081999998, 58.927274405999995], [24.737849135999998, 58.927274405999995], [24.737849135999998, 58.92732846], [24.737903189999997, 58.92732846], [24.737903189999997, 58.927382513999994], [24.738065352, 58.927382513999994], [24.738065352, 58.927436568], [24.738227514, 58.927436568], [24.738227514, 58.92749062199999], [24.738443729999997, 58.92749062199999], [24.738443729999997, 58.92759872999999], [24.738335621999997, 58.92759872999999], [24.738335621999997, 58.927652783999996], [24.73817346, 58.927652783999996], [24.73817346, 58.92770683799999], [24.738011298, 58.92770683799999], [24.738011298, 58.927760891999995], [24.737741028, 58.927760891999995], [24.737741028, 58.927814946], [24.737524811999997, 58.927814946], [24.737524811999997, 58.927868999999994], [24.737416703999997, 58.927868999999994], [24.737416703999997, 58.927923054], [24.737254542, 58.927923054], [24.737254542, 58.92797710799999], [24.737200488, 58.92797710799999], [24.737200488, 58.928031161999996], [24.737146434, 58.928031161999996], [24.737146434, 58.92808521599999], [24.737254542, 58.92808521599999], [24.737254542, 58.928139269999996], [24.737308596, 58.928139269999996], [24.737308596, 58.928193324], [24.737362649999998, 58.928193324], [24.737362649999998, 58.928247377999995], [24.737470757999997, 58.928247377999995], [24.737470757999997, 58.928301432], [24.737524811999997, 58.928301432], [24.737524811999997, 58.928355485999994], [24.737578866, 58.928355485999994], [24.737578866, 58.92840954], [24.737686974, 58.92840954], [24.737686974, 58.92846359399999], [24.737741028, 58.92846359399999], [24.737741028, 58.928517647999996], [24.737795081999998, 58.928517647999996], [24.737795081999998, 58.928571702], [24.737903189999997, 58.928571702], [24.737903189999997, 58.928625755999995], [24.737957243999997, 58.928625755999995], [24.737957243999997, 58.92867981], [24.738011298, 58.92867981], [24.738011298, 58.928733863999994], [24.738119406, 58.928733863999994], [24.738119406, 58.928787918], [24.738227514, 58.928787918], [24.738227514, 58.928733863999994], [24.738443729999997, 58.928733863999994], [24.738443729999997, 58.92867981], [24.738605892, 58.92867981], [24.738605892, 58.928625755999995], [24.738713999999998, 58.928625755999995], [24.738713999999998, 58.928571702], [24.738876161999997, 58.928571702], [24.738876161999997, 58.928517647999996], [24.739038324, 58.928517647999996], [24.739038324, 58.92846359399999], [24.739200485999998, 58.92846359399999], [24.739200485999998, 58.92840954], [24.739308593999997, 58.92840954], [24.739308593999997, 58.928355485999994], [24.739470756, 58.928355485999994], [24.739470756, 58.928301432], [24.739632917999998, 58.928301432], [24.739632917999998, 58.928247377999995], [24.739795079999997, 58.928247377999995], [24.739795079999997, 58.928193324], [24.739903188, 58.928193324], [24.739903188, 58.928139269999996], [24.74006535, 58.928139269999996], [24.74006535, 58.92808521599999], [24.740227511999997, 58.92808521599999], [24.740227511999997, 58.928031161999996], [24.74033562, 58.928031161999996], [24.74033562, 58.92797710799999], [24.740497782, 58.92797710799999], [24.740497782, 58.927923054], [24.740659943999997, 58.927923054], [24.740659943999997, 58.927868999999994], [24.740822106, 58.927868999999994], [24.740822106, 58.927814946], [24.740930214, 58.927814946], [24.740930214, 58.927760891999995], [24.741092375999997, 58.927760891999995], [24.741092375999997, 58.92770683799999], [24.741254538, 58.92770683799999], [24.741254538, 58.927652783999996], [24.7414167, 58.927652783999996], [24.7414167, 58.92759872999999], [24.741524807999998, 58.92759872999999], [24.741524807999998, 58.927544676], [24.74168697, 58.927544676], [24.74168697, 58.927436568], [24.741632915999997, 58.927436568], [24.741632915999997, 58.92732846], [24.741524807999998, 58.92732846], [24.741524807999998, 58.927274405999995], [24.7414167, 58.927274405999995], [24.7414167, 58.92722035199999], [24.741362646, 58.92722035199999], [24.741362646, 58.927166297999996], [24.741254538, 58.927166297999996], [24.741254538, 58.92711224399999], [24.741200483999997, 58.92711224399999], [24.741200483999997, 58.92705819], [24.741092375999997, 58.92705819], [24.741092375999997, 58.927004135999994], [24.741038321999998, 58.927004135999994], [24.741038321999998, 58.926950082], [24.740984268, 58.926950082], [24.740984268, 58.926896027999994], [24.74087616, 58.926896027999994], [24.74087616, 58.926841974], [24.740822106, 58.926841974], [24.740822106, 58.926787919999995], [24.740713997999997, 58.926787919999995], [24.740713997999997, 58.92673386599999], [24.740659943999997, 58.92673386599999], [24.740659943999997, 58.926679811999996], [24.740605889999998, 58.926679811999996], [24.740605889999998, 58.92662575799999], [24.740497782, 58.92662575799999], [24.740497782, 58.926571704], [24.740443728, 58.926571704], [24.740443728, 58.926517649999994], [24.740389674, 58.926517649999994], [24.740389674, 58.926463596], [24.740281565999997, 58.926463596], [24.740281565999997, 58.926409541999995], [24.740227511999997, 58.926409541999995], [24.740227511999997, 58.92635548799999], [24.74006535, 58.92635548799999]]]}}, {"type": "Feature", "properties": {"id": "ftw-estonia-003", "country": "estonia", "source": "fields-of-the-world", "area_ha": 4.0739}, "geometry": {"type": "Polygon", "coordinates": [[[24.74168697, 58.927544676], [24.74168697, 58.92759872999999], [24.741524807999998, 58.92759872999999], [24.741524807999998, 58.927652783999996], [24.7414167, 58.927652783999996], [24.7414167, 58.92770683799999], [24.741254538, 58.92770683799999], [24.741254538, 58.927760891999995], [24.741092375999997, 58.927760891999995], [24.741092375999997, 58.927814946], [24.740930214, 58.927814946], [24.740930214, 58.927868999999994], [24.740822106, 58.927868999999994], [24.740822106, 58.927923054], [24.740659943999997, 58.927923054], [24.740659943999997, 58.92797710799999], [24.740497782, 58.92797710799999], [24.740497782, 58.928031161999996], [24.74033562, 58.928031161999996], [24.74033562, 58.92808521599999], [24.740227511999997, 58.92808521599999], [24.740227511999997, 58.928139269999996], [24.74006535, 58.928139269999996], [24.74006535, 58.928193324], [24.739903188, 58.928193324], [24.739903188, 58.928247377999995], [24.739795079999997, 58.928247377999995], [24.739795079999997, 58.928301432], [24.739632917999998, 58.928301432], [24.739632917999998, 58.928355485999994], [24.739470756, 58.928355485999994], [24.739470756, 58.92840954], [24.739308593999997, 58.92840954], [24.739308593999997, 58.92846359399999], [24.739200485999998, 58.92846359399999], [24.739200485999998, 58.928517647999996], [24.739038324, 58.928517647999996], [24.739038324, 58.928571702], [24.738876161999997, 58.928571702], [24.738876161999997, 58.928625755999995], [24.738713999999998, 58.928625755999995], [24.738713999999998, 58.92867981], [24.738605892, 58.92867981], [24.738605892, 58.928733863999994], [24.738443729999997, 58.928733863999994], [24.738443729999997, 58.928787918], [24.738281567999998, 58.928787918], [24.738281567999998, 58.928896026], [24.738335621999997, 58.928896026], [24.738335621999997, 58.92895007999999], [24.738389675999997, 58.92895007999999], [24.738389675999997, 58.929004133999996], [24.738497784, 58.929004133999996], [24.738497784, 58.929058188], [24.738551838, 58.929058188], [24.738551838, 58.929112241999995], [24.738605892, 58.929112241999995], [24.738605892, 58.929166296], [24.738713999999998, 58.929166296], [24.738713999999998, 58.929220349999994], [24.738768053999998, 58.929220349999994], [24.738768053999998, 58.929274404], [24.738822107999997, 58.929274404], [24.738822107999997, 58.92932845799999], [24.738930216, 58.92932845799999], [24.738930216, 58.929382512], [24.73898427, 58.929382512], [24.73898427, 58.92943656599999], [24.739038324, 58.92943656599999], [24.739038324, 58.929490619999996], [24.739146432, 58.929490619999996], [24.739146432, 58.929544674], [24.739200485999998, 58.929544674], [24.739200485999998, 58.929598727999995], [24.739254539999997, 58.929598727999995], [24.739254539999997, 58.929652782], [24.739362647999997, 58.929652782], [24.739362647999997, 58.929706835999994], [24.739416702, 58.929706835999994], [24.739416702, 58.92976089], [24.739470756, 58.92976089], [24.739470756, 58.92981494399999], [24.739578864, 58.92981494399999], [24.739578864, 58.929868997999996], [24.739632917999998, 58.929868997999996], [24.739632917999998, 58.929923052], [24.739686971999998, 58.929923052], [24.739686971999998, 58.929977105999996], [24.739795079999997, 58.929977105999996], [24.739795079999997, 58.93003116], [24.739903188, 58.93003116], [24.739903188, 58.929977105999996], [24.740011296, 58.929977105999996], [24.740011296, 58.929923052], [24.740173457999997, 58.929923052], [24.740173457999997, 58.929868997999996], [24.740389674, 58.929868997999996], [24.740389674, 58.92981494399999], [24.740551835999998, 58.92981494399999], [24.740551835999998, 58.92976089], [24.740713997999997, 58.92976089], [24.740713997999997, 58.929706835999994], [24.740822106, 58.929706835999994], [24.740822106, 58.929652782], [24.740984268, 58.929652782], [24.740984268, 58.929598727999995], [24.741146429999997, 58.929598727999995], [24.741146429999997, 58.929544674], [24.741308592, 58.929544674], [24.741308592, 58.929490619999996], [24.7414167, 58.929490619999996], [24.7414167, 58.92943656599999], [24.741578861999997, 58.92943656599999], [24.741578861999997, 58.929382512], [24.741741024, 58.929382512], [24.741741024, 58.92932845799999], [24.741903186, 58.92932845799999], [24.741903186, 58.929274404], [24.742065347999997, 58.929274404], [24.742065347999997, 58.929220349999994], [24.74222751, 58.929220349999994], [24.74222751, 58.929166296], [24.742389671999998, 58.929166296], [24.742389671999998, 58.929112241999995], [24.742551833999997, 58.929112241999995], [24.742551833999997, 58.929058188], [24.742713996, 58.929058188], [24.742713996, 58.929004133999996], [24.742876157999998, 58.929004133999996], [24.742876157999998, 58.92895007999999], [24.743038319999997, 58.92895007999999], [24.743038319999997, 58.928896026], [24.743092374, 58.928896026], [24.743092374, 58.928841971999994], [24.742984265999997, 58.928841971999994], [24.742984265999997, 58.928787918], [24.742930211999997, 58.928787918], [24.742930211999997, 58.928733863999994], [24.742876157999998, 58.928733863999994], [24.742876157999998, 58.92867981], [24.74276805, 58.92867981], [24.74276805, 58.928625755999995], [24.742713996, 58.928625755999995], [24.742713996, 58.928571702], [24.742605888, 58.928571702], [24.742605888, 58.928517647999996], [24.742551833999997, 58.928517647999996], [24.742551833999997, 58.92846359399999], [24.742659942, 58.92846359399999], [24.742659942, 58.92840954], [24.74276805, 58.92840954], [24.74276805, 58.928355485999994], [24.742930211999997, 58.928355485999994], [24.742930211999997, 58.928301432], [24.743038319999997, 58.928301432], [24.743038319999997, 58.928247377999995], [24.742984265999997, 58.928247377999995], [24.742984265999997, 58.928193324], [24.742876157999998, 58.928193324], [24.742876157999998, 58.928139269999996], [24.742822104, 58.928139269999996], [24.742822104, 58.92808521599999], [24.742713996, 58.92808521599999], [24.742713996, 58.928031161999996], [24.742659942, 58.928031161999996], [24.742659942, 58.92797710799999], [24.742551833999997, 58.92797710799999], [24.742551833999997, 58.927923054], [24.742443725999998, 58.927923054], [24.742443725999998, 58.927868999999994], [24.742389671999998, 58.927868999999994], [24.742389671999998, 58.927814946], [24.742281564, 58.927814946], [24.742281564, 58.927760891999995], [24.742173456, 58.927760891999995], [24.742173456, 58.92770683799999], [24.742119401999997, 58.92770683799999], [24.742119401999997, 58.927652783999996], [24.742011293999997, 58.927652783999996], [24.742011293999997, 58.92759872999999], [24.741903186, 58.92759872999999], [24.741903186, 58.927544676], [24.74168697, 58.927544676]]]}}, {"type": "Feature", "properties": {"id": "ftw-estonia-004", "country": "estonia", "source": "fields-of-the-world", "area_ha": 5.4138}, "geometry": {"type": "Polygon", "coordinates": [[[24.739849134, 58.92013927799999], [24.739849134, 58.92019333199999], [24.739795079999997, 58.92019333199999], [24.739795079999997, 58.92030143999999], [24.739741025999997, 58.92030143999999], [24.739741025999997, 58.920409547999995], [24.739686971999998, 58.920409547999995], [24.739686971999998, 58.92057170999999], [24.739632917999998, 58.92057170999999], [24.739632917999998, 58.92073387199999], [24.739578864, 58.92073387199999], [24.739578864, 58.92095008799999], [24.73952481, 58.92095008799999], [24.73952481, 58.921004141999994], [24.739470756, 58.921004141999994], [24.739470756, 58.92116630399999], [24.739416702, 58.92116630399999], [24.739416702, 58.921382519999995], [24.739362647999997, 58.921382519999995], [24.739362647999997, 58.92154468199999], [24.739308593999997, 58.92154468199999], [24.739308593999997, 58.92181495199999], [24.739254539999997, 58.92181495199999], [24.739254539999997, 58.92203116799999], [24.739200485999998, 58.92203116799999], [24.739200485999998, 58.922139275999996], [24.739146432, 58.922139275999996], [24.739146432, 58.92230143799999], [24.739092378, 58.92230143799999], [24.739092378, 58.922355491999994], [24.739146432, 58.922355491999994], [24.739146432, 58.92240954599999], [24.739092378, 58.92240954599999], [24.739092378, 58.92246359999999], [24.739038324, 58.92246359999999], [24.739038324, 58.92257170799999], [24.739200485999998, 58.92257170799999], [24.739200485999998, 58.922625761999996], [24.739362647999997, 58.922625761999996], [24.739362647999997, 58.92267981599999], [24.74006535, 58.92267981599999], [24.74006535, 58.922733869999995], [24.740443728, 58.922733869999995], [24.740443728, 58.92278792399999], [24.740713997999997, 58.92278792399999], [24.740713997999997, 58.922841977999994], [24.741362646, 58.922841977999994], [24.741362646, 58.92289603199999], [24.741741024, 58.92289603199999], [24.741741024, 58.92295008599999], [24.742065347999997, 58.92295008599999], [24.742065347999997, 58.92289603199999], [24.74222751, 58.92289603199999], [24.74222751, 58.922841977999994], [24.742281564, 58.922841977999994], [24.742281564, 58.92278792399999], [24.742335618, 58.92278792399999], [24.742335618, 58.922733869999995], [24.742389671999998, 58.922733869999995], [24.742389671999998, 58.92267981599999], [24.742443725999998, 58.92267981599999], [24.742443725999998, 58.92257170799999], [24.742497779999997, 58.92257170799999], [24.742497779999997, 58.92240954599999], [24.742551833999997, 58.92240954599999], [24.742551833999997, 58.922247383999995], [24.742605888, 58.922247383999995], [24.742605888, 58.922139275999996], [24.742659942, 58.922139275999996], [24.742659942, 58.92197711399999], [24.742713996, 58.92197711399999], [24.742713996, 58.92181495199999], [24.74276805, 58.92181495199999], [24.74276805, 58.921652789999996], [24.742822104, 58.921652789999996], [24.742822104, 58.921490627999994], [24.742876157999998, 58.921490627999994], [24.742876157999998, 58.92132846599999], [24.742930211999997, 58.92132846599999], [24.742930211999997, 58.92116630399999], [24.742984265999997, 58.92116630399999], [24.742984265999997, 58.92105819599999], [24.743038319999997, 58.92105819599999], [24.743038319999997, 58.920896033999995], [24.743092374, 58.920896033999995], [24.743092374, 58.92073387199999], [24.743146428, 58.92073387199999], [24.743146428, 58.92057170999999], [24.743200482, 58.92057170999999], [24.743200482, 58.92046360199999], [24.74276805, 58.92046360199999], [24.74276805, 58.920409547999995], [24.7414167, 58.920409547999995], [24.7414167, 58.92035549399999], [24.741038321999998, 58.92035549399999], [24.741038321999998, 58.92030143999999], [24.740768052, 58.92030143999999], [24.740768052, 58.92024738599999], [24.74033562, 58.92024738599999], [24.74033562, 58.92019333199999], [24.740119403999998, 58.92019333199999], [24.740119403999998, 58.92013927799999], [24.739849134, 58.92013927799999]]]}}, {"type": "Feature", "properties": {"id": "ftw-finland-000", "country": "finland", "source": "fields-of-the-world", "area_ha": 0.2402}, "geometry": {"type": "Polygon", "coordinates": [[[23.243724504, 61.21242085782354], [23.243724504, 61.21247455852942], [23.243183963999996, 61.21247455852942], [23.243183963999996, 61.21258195994118], [23.243346126, 61.21258195994118], [23.243346126, 61.21263566064707], [23.243670449999996, 61.21263566064707], [23.243670449999996, 61.21268936135295], [23.244697476, 61.21268936135295], [23.244697476, 61.21263566064707], [23.245075853999996, 61.21263566064707], [23.245075853999996, 61.21258195994118], [23.245021799999996, 61.21258195994118], [23.245021799999996, 61.212528259235306], [23.244967745999997, 61.212528259235306], [23.244967745999997, 61.21247455852942], [23.244859637999998, 61.21247455852942], [23.244859637999998, 61.21242085782354], [23.243724504, 61.21242085782354]]]}}, {"type": "Feature", "properties": {"id": "ftw-finland-001", "country": "finland", "source": "fields-of-the-world", "area_ha": 0.2783}, "geometry": {"type": "Polygon", "coordinates": [[[23.241183965999998, 61.211185741588245], [23.241183965999998, 61.21123944229413], [23.241021804, 61.21123944229413], [23.241021804, 61.211293143000006], [23.24096775, 61.211293143000006], [23.24096775, 61.211400544411774], [23.240913695999996, 61.211400544411774], [23.240913695999996, 61.21145424511766], [23.240859641999997, 61.21145424511766], [23.240859641999997, 61.21150794582354], [23.240427209999996, 61.21150794582354], [23.240427209999996, 61.2116153472353], [23.240481264, 61.2116153472353], [23.240481264, 61.21172274864707], [23.240373155999997, 61.21172274864707], [23.240373155999997, 61.211883850764714], [23.240913695999996, 61.211883850764714], [23.240913695999996, 61.2119375514706], [23.241346127999996, 61.2119375514706], [23.241346127999996, 61.211293143000006], [23.241400182, 61.211293143000006], [23.241400182, 61.211185741588245], [23.241183965999998, 61.211185741588245]], [[23.24096775, 61.21150794582354], [23.241129911999998, 61.21150794582354], [23.241129911999998, 61.211669047941186], [23.241021804, 61.211669047941186], [23.241021804, 61.2116153472353], [23.240913695999996, 61.2116153472353], [23.240913695999996, 61.21156164652942], [23.24096775, 61.21156164652942], [23.24096775, 61.21150794582354]]]}}, {"type": "Feature", "properties": {"id": "ftw-finland-002", "country": "finland", "source": "fields-of-the-world", "area_ha": 0.3907}, "geometry": {"type": "Polygon", "coordinates": [[[23.240265047999998, 61.20253992794118], [23.240265047999998, 61.202593628647065], [23.239886669999997, 61.202593628647065], [23.239886669999997, 61.20264732935295], [23.239724508, 61.20264732935295], [23.239724508, 61.20270103005883], [23.2396164, 61.20270103005883], [23.2396164, 61.20275473076471], [23.239562346, 61.20275473076471], [23.239562346, 61.202808431470594], [23.239129914, 61.202808431470594], [23.239129914, 61.20286213217648], [23.238859643999998, 61.20286213217648], [23.238859643999998, 61.20291583288236], [23.238697482, 61.20291583288236], [23.238697482, 61.202969533588245], [23.238643428, 61.202969533588245], [23.238643428, 61.20302323429412], [23.238589373999996, 61.20302323429412], [23.238589373999996, 61.203076935000006], [23.238535319999997, 61.203076935000006], [23.238535319999997, 61.20313063570589], [23.238427211999998, 61.20313063570589], [23.238427211999998, 61.203291737823534], [23.238589373999996, 61.203291737823534], [23.238589373999996, 61.20323803711765], [23.23880559, 61.20323803711765], [23.23880559, 61.20318433641177], [23.238967751999997, 61.20318433641177], [23.238967751999997, 61.20313063570589], [23.239183968, 61.20313063570589], [23.239183968, 61.203076935000006], [23.239454237999997, 61.203076935000006], [23.239454237999997, 61.20302323429412], [23.239832615999998, 61.20302323429412], [23.239832615999998, 61.202969533588245], [23.240265047999998, 61.202969533588245], [23.240265047999998, 61.20291583288236], [23.240643426, 61.20291583288236], [23.240643426, 61.202808431470594], [23.240589372, 61.202808431470594], [23.240589372, 61.20275473076471], [23.240535318, 61.20275473076471], [23.240535318, 61.20264732935295], [23.240481264, 61.20264732935295], [23.240481264, 61.20253992794118], [23.240265047999998, 61.20253992794118]]]}}, {"type": "Feature", "properties": {"id": "ftw-finland-003", "country": "finland", "source": "fields-of-the-world", "area_ha": 0.6205}, "geometry": {"type": "Polygon", "coordinates": [[[23.242751531999996, 61.21048763241178], [23.242751531999996, 61.21054133311765], [23.242805586, 61.21054133311765], [23.242805586, 61.21059503382354], [23.242751531999996, 61.21059503382354], [23.242751531999996, 61.21064873452942], [23.242643423999997, 61.21064873452942], [23.242643423999997, 61.210702435235305], [23.242535315999998, 61.210702435235305], [23.242535315999998, 61.21064873452942], [23.242427208, 61.21064873452942], [23.242427208, 61.210702435235305], [23.242156937999997, 61.210702435235305], [23.242156937999997, 61.21064873452942], [23.241940722, 61.21064873452942], [23.241940722, 61.210702435235305], [23.241832613999996, 61.210702435235305], [23.241832613999996, 61.21075613594118], [23.241778559999997, 61.21075613594118], [23.241778559999997, 61.21086353735295], [23.241724505999997, 61.21086353735295], [23.241724505999997, 61.21097093876472], [23.241670451999997, 61.21097093876472], [23.241670451999997, 61.21113204088236], [23.241616397999998, 61.21113204088236], [23.241616397999998, 61.21145424511766], [23.241562344, 61.21145424511766], [23.241562344, 61.21150794582354], [23.242210991999997, 61.21150794582354], [23.242210991999997, 61.21145424511766], [23.242373154, 61.21145424511766], [23.242373154, 61.211400544411774], [23.242481262, 61.211400544411774], [23.242481262, 61.21134684370589], [23.242427208, 61.21134684370589], [23.242427208, 61.211293143000006], [23.242265045999996, 61.211293143000006], [23.242265045999996, 61.21134684370589], [23.242156937999997, 61.21134684370589], [23.242156937999997, 61.211400544411774], [23.242102883999998, 61.211400544411774], [23.242102883999998, 61.21134684370589], [23.241994776, 61.21134684370589], [23.241994776, 61.21123944229413], [23.242048829999998, 61.21123944229413], [23.242048829999998, 61.211185741588245], [23.242373154, 61.211185741588245], [23.242373154, 61.21123944229413], [23.242427208, 61.21123944229413], [23.242427208, 61.211185741588245], [23.242589369999997, 61.211185741588245], [23.242589369999997, 61.21123944229413], [23.242643423999997, 61.21123944229413], [23.242643423999997, 61.21134684370589], [23.243021801999998, 61.21134684370589], [23.243021801999998, 61.211293143000006], [23.243238018, 61.211293143000006], [23.243238018, 61.21086353735295], [23.243183963999996, 61.21086353735295], [23.243183963999996, 61.210809836647066], [23.243129909999997, 61.210809836647066], [23.243129909999997, 61.21075613594118], [23.243183963999996, 61.21075613594118], [23.243183963999996, 61.210702435235305], [23.243238018, 61.210702435235305], [23.243238018, 61.21064873452942], [23.243292072, 61.21064873452942], [23.243292072, 61.21048763241178], [23.242751531999996, 61.21048763241178]], [[23.241940722, 61.210809836647066], [23.2423191, 61.210809836647066], [23.2423191, 61.21086353735295], [23.242373154, 61.21086353735295], [23.242373154, 61.21097093876472], [23.242210991999997, 61.21097093876472], [23.242210991999997, 61.211024639470594], [23.241832613999996, 61.211024639470594], [23.241832613999996, 61.21091723805883], [23.241886668, 61.21091723805883], [23.241886668, 61.21086353735295], [23.241940722, 61.21086353735295], [23.241940722, 61.210809836647066]]]}}, {"type": "Feature", "properties": {"id": "ftw-finland-004", "country": "finland", "source": "fields-of-the-world", "area_ha": 0.6933}, "geometry": {"type": "Polygon", "coordinates": [[[23.236210997999997, 61.201627015941185], [23.236210997999997, 61.20168071664706], [23.236156943999998, 61.20168071664706], [23.236156943999998, 61.201734417352945], [23.236102889999998, 61.201734417352945], [23.236102889999998, 61.20178811805883], [23.236048836, 61.20178811805883], [23.236048836, 61.20184181876471], [23.235940728, 61.20184181876471], [23.235940728, 61.2018955194706], [23.235886674, 61.2018955194706], [23.235886674, 61.20194922017647], [23.235778565999997, 61.20194922017647], [23.235778565999997, 61.20200292088236], [23.235670457999998, 61.20200292088236], [23.235670457999998, 61.20205662158824], [23.235616403999998, 61.20205662158824], [23.235616403999998, 61.202110322294125], [23.235508296, 61.202110322294125], [23.235508296, 61.20216402300001], [23.235454242, 61.20216402300001], [23.235454242, 61.202217723705886], [23.235346133999997, 61.202217723705886], [23.235346133999997, 61.20227142441177], [23.235292079999997, 61.20227142441177], [23.235292079999997, 61.20232512511765], [23.235238025999998, 61.20232512511765], [23.235238025999998, 61.20237882582354], [23.235183971999998, 61.20237882582354], [23.235183971999998, 61.20243252652942], [23.235075864, 61.20243252652942], [23.235075864, 61.2024862272353], [23.235670457999998, 61.2024862272353], [23.235670457999998, 61.20253992794118], [23.235778565999997, 61.20253992794118], [23.235778565999997, 61.202593628647065], [23.235832619999996, 61.202593628647065], [23.235832619999996, 61.20275473076471], [23.235778565999997, 61.20275473076471], [23.235778565999997, 61.202808431470594], [23.235940728, 61.202808431470594], [23.235940728, 61.20275473076471], [23.236102889999998, 61.20275473076471], [23.236102889999998, 61.20270103005883], [23.236265051999997, 61.20270103005883], [23.236265051999997, 61.20264732935295], [23.236481268, 61.20264732935295], [23.236481268, 61.202593628647065], [23.236643429999997, 61.202593628647065], [23.236643429999997, 61.20253992794118], [23.236805592, 61.20253992794118], [23.236805592, 61.2024862272353], [23.237021807999998, 61.2024862272353], [23.237021807999998, 61.20243252652942], [23.237183969999997, 61.20243252652942], [23.237183969999997, 61.20237882582354], [23.237238024, 61.20237882582354], [23.237238024, 61.20232512511765], [23.237183969999997, 61.20232512511765], [23.237183969999997, 61.20227142441177], [23.237129915999997, 61.20227142441177], [23.237129915999997, 61.202217723705886], [23.237021807999998, 61.202217723705886], [23.237021807999998, 61.20216402300001], [23.236967754, 61.20216402300001], [23.236967754, 61.202110322294125], [23.2369137, 61.202110322294125], [23.2369137, 61.20205662158824], [23.236805592, 61.20205662158824], [23.236805592, 61.20200292088236], [23.236751537999996, 61.20200292088236], [23.236751537999996, 61.20194922017647], [23.236643429999997, 61.20194922017647], [23.236643429999997, 61.2018955194706], [23.236589375999998, 61.2018955194706], [23.236589375999998, 61.20184181876471], [23.236481268, 61.20184181876471], [23.236481268, 61.20178811805883], [23.236427214, 61.20178811805883], [23.236427214, 61.201734417352945], [23.23637316, 61.201734417352945], [23.23637316, 61.20168071664706], [23.236265051999997, 61.20168071664706], [23.236265051999997, 61.201627015941185], [23.236210997999997, 61.201627015941185]], [[23.235346133999997, 61.20227142441177], [23.235508296, 61.20227142441177], [23.235508296, 61.20237882582354], [23.235346133999997, 61.20237882582354], [23.235346133999997, 61.20227142441177]]]}}, {"type": "Feature", "properties": {"id": "ftw-finland-005", "country": "finland", "source": "fields-of-the-world", "area_ha": 0.7158}, "geometry": {"type": "Polygon", "coordinates": [[[23.242156937999997, 61.201734417352945], [23.242156937999997, 61.2018955194706], [23.242265045999996, 61.2018955194706], [23.242265045999996, 61.20194922017647], [23.2423191, 61.20194922017647], [23.2423191, 61.20232512511765], [23.242373154, 61.20232512511765], [23.242373154, 61.20243252652942], [23.242427208, 61.20243252652942], [23.242427208, 61.2024862272353], [23.242913694, 61.2024862272353], [23.242913694, 61.20253992794118], [23.243021801999998, 61.20253992794118], [23.243021801999998, 61.20264732935295], [23.243129909999997, 61.20264732935295], [23.243129909999997, 61.20270103005883], [23.243346126, 61.20270103005883], [23.243346126, 61.20275473076471], [23.243778558, 61.20275473076471], [23.243778558, 61.202808431470594], [23.243832612, 61.202808431470594], [23.243832612, 61.20270103005883], [23.243778558, 61.20270103005883], [23.243778558, 61.20253992794118], [23.243724504, 61.20253992794118], [23.243724504, 61.20232512511765], [23.243670449999996, 61.20232512511765], [23.243670449999996, 61.202110322294125], [23.243616395999997, 61.202110322294125], [23.243616395999997, 61.20178811805883], [23.243454233999998, 61.20178811805883], [23.243454233999998, 61.201734417352945], [23.242156937999997, 61.201734417352945]]]}}, {"type": "Feature", "properties": {"id": "ftw-finland-006", "country": "finland", "source": "fields-of-the-world", "area_ha": 0.8425}, "geometry": {"type": "Polygon", "coordinates": [[[23.057328293999998, 61.259524326], [23.057328293999998, 61.259578379999994], [23.057112078, 61.259578379999994], [23.057112078, 61.259632434], [23.056949916, 61.259632434], [23.056949916, 61.25979459599999], [23.05700397, 61.25979459599999], [23.05700397, 61.259902704], [23.057058024, 61.259902704], [23.057058024, 61.259956757999994], [23.057112078, 61.259956757999994], [23.057112078, 61.260010812], [23.057166132, 61.260010812], [23.057166132, 61.26006486599999], [23.057220186, 61.26006486599999], [23.057220186, 61.26017297399999], [23.057274239999998, 61.26017297399999], [23.057274239999998, 61.260227027999996], [23.057328293999998, 61.260227027999996], [23.057328293999998, 61.260335135999995], [23.057274239999998, 61.260335135999995], [23.057274239999998, 61.26038919], [23.057112078, 61.26038919], [23.057112078, 61.260443243999994], [23.057058024, 61.260443243999994], [23.057058024, 61.260497298], [23.056301268, 61.260497298], [23.056301268, 61.26055135199999], [23.05619316, 61.26055135199999], [23.05619316, 61.260605405999996], [23.056085052, 61.260605405999996], [23.056085052, 61.26065946], [23.055922889999998, 61.26065946], [23.055922889999998, 61.260713513999995], [23.055868836, 61.260713513999995], [23.055868836, 61.260767568], [23.055976943999998, 61.260767568], [23.055976943999998, 61.260821621999995], [23.056085052, 61.260821621999995], [23.056085052, 61.260875676], [23.056409375999998, 61.260875676], [23.056409375999998, 61.260929729999994], [23.056517484, 61.260929729999994], [23.056517484, 61.260875676], [23.057436402, 61.260875676], [23.057436402, 61.260821621999995], [23.057598564, 61.260821621999995], [23.057598564, 61.260767568], [23.057652618, 61.260767568], [23.057652618, 61.260713513999995], [23.057706672, 61.260713513999995], [23.057706672, 61.26065946], [23.057760725999998, 61.26065946], [23.057760725999998, 61.260605405999996], [23.057814779999998, 61.260605405999996], [23.057814779999998, 61.26055135199999], [23.057868833999997, 61.26055135199999], [23.057868833999997, 61.260443243999994], [23.057814779999998, 61.260443243999994], [23.057814779999998, 61.260335135999995], [23.057868833999997, 61.260335135999995], [23.057868833999997, 61.260281082], [23.057976942, 61.260281082], [23.057976942, 61.260227027999996], [23.05808505, 61.260227027999996], [23.05808505, 61.26017297399999], [23.058301265999997, 61.26017297399999], [23.058301265999997, 61.26011892], [23.05835532, 61.26011892], [23.05835532, 61.26006486599999], [23.058193157999998, 61.26006486599999], [23.058193157999998, 61.260010812], [23.05808505, 61.260010812], [23.05808505, 61.259956757999994], [23.058030996, 61.259956757999994], [23.058030996, 61.259848649999995], [23.057976942, 61.259848649999995], [23.057976942, 61.25979459599999], [23.057922888, 61.25979459599999], [23.057922888, 61.259740541999996], [23.057814779999998, 61.259740541999996], [23.057814779999998, 61.25968648799999], [23.057760725999998, 61.25968648799999], [23.057760725999998, 61.259632434], [23.057706672, 61.259632434], [23.057706672, 61.259578379999994], [23.05754451, 61.259578379999994], [23.05754451, 61.259524326], [23.057328293999998, 61.259524326]]]}}, {"type": "Feature", "properties": {"id": "ftw-finland-007", "country": "finland", "source": "fields-of-the-world", "area_ha": 0.8745}, "geometry": {"type": "Polygon", "coordinates": [[[23.238481265999997, 61.212259755705894], [23.238481265999997, 61.21231345641177], [23.238319104, 61.21231345641177], [23.238319104, 61.212367157117654], [23.238210996, 61.212367157117654], [23.238210996, 61.21247455852942], [23.238156941999996, 61.21247455852942], [23.238156941999996, 61.212528259235306], [23.238048833999997, 61.212528259235306], [23.238048833999997, 61.21258195994118], [23.237886672, 61.21258195994118], [23.237886672, 61.21263566064707], [23.237778564, 61.21263566064707], [23.237778564, 61.21268936135295], [23.237670455999996, 61.21268936135295], [23.237670455999996, 61.212743062058834], [23.237562347999997, 61.212743062058834], [23.237562347999997, 61.21279676276472], [23.237454239999998, 61.21279676276472], [23.237454239999998, 61.212850463470595], [23.237508293999998, 61.212850463470595], [23.237508293999998, 61.21290416417648], [23.237562347999997, 61.21290416417648], [23.237562347999997, 61.213011565588246], [23.237616401999997, 61.213011565588246], [23.237616401999997, 61.21311896700001], [23.237670455999996, 61.21311896700001], [23.237670455999996, 61.21328006911766], [23.23772451, 61.21328006911766], [23.23772451, 61.21338747052942], [23.237778564, 61.21338747052942], [23.237778564, 61.21349487194119], [23.237832618, 61.21349487194119], [23.237832618, 61.21354857264707], [23.237940725999998, 61.21354857264707], [23.237940725999998, 61.21349487194119], [23.23826505, 61.21349487194119], [23.23826505, 61.2134411712353], [23.238589373999996, 61.2134411712353], [23.238589373999996, 61.21338747052942], [23.238913697999998, 61.21338747052942], [23.238913697999998, 61.21333376982354], [23.239075859999996, 61.21333376982354], [23.239075859999996, 61.21328006911766], [23.239183968, 61.21328006911766], [23.239183968, 61.213226368411775], [23.239238022, 61.213226368411775], [23.239238022, 61.21317266770589], [23.239400183999997, 61.21317266770589], [23.239400183999997, 61.21311896700001], [23.239454237999997, 61.21311896700001], [23.239454237999997, 61.21295786488236], [23.239292075999998, 61.21295786488236], [23.239292075999998, 61.213011565588246], [23.239183968, 61.213011565588246], [23.239183968, 61.21295786488236], [23.239129914, 61.21295786488236], [23.239129914, 61.21290416417648], [23.239075859999996, 61.21290416417648], [23.239075859999996, 61.212850463470595], [23.239021805999997, 61.212850463470595], [23.239021805999997, 61.21268936135295], [23.238967751999997, 61.21268936135295], [23.238967751999997, 61.21247455852942], [23.238913697999998, 61.21247455852942], [23.238913697999998, 61.21242085782354], [23.238859643999998, 61.21242085782354], [23.238859643999998, 61.212367157117654], [23.23880559, 61.212367157117654], [23.23880559, 61.21231345641177], [23.238751536, 61.21231345641177], [23.238751536, 61.212259755705894], [23.238481265999997, 61.212259755705894]], [[23.238751536, 61.212528259235306], [23.238859643999998, 61.212528259235306], [23.238859643999998, 61.21258195994118], [23.238913697999998, 61.21258195994118], [23.238913697999998, 61.21263566064707], [23.23880559, 61.21263566064707], [23.23880559, 61.21268936135295], [23.238697482, 61.21268936135295], [23.238697482, 61.21263566064707], [23.238643428, 61.21263566064707], [23.238643428, 61.21258195994118], [23.238751536, 61.21258195994118], [23.238751536, 61.212528259235306]]]}}, {"type": "Feature", "properties": {"id": "ftw-finland-008", "country": "finland", "source": "fields-of-the-world", "area_ha": 0.9679}, "geometry": {"type": "Polygon", "coordinates": [[[23.241400182, 61.212044952882366], [23.241400182, 61.21209865358824], [23.241021804, 61.21209865358824], [23.241021804, 61.212152354294126], [23.24096775, 61.212152354294126], [23.24096775, 61.21220605500001], [23.240913695999996, 61.21220605500001], [23.240913695999996, 61.21231345641177], [23.241075858, 61.21231345641177], [23.241075858, 61.21242085782354], [23.240859641999997, 61.21242085782354], [23.240859641999997, 61.21247455852942], [23.240751533999997, 61.21247455852942], [23.240751533999997, 61.212528259235306], [23.240697479999998, 61.212528259235306], [23.240697479999998, 61.21258195994118], [23.240589372, 61.21258195994118], [23.240589372, 61.21263566064707], [23.240481264, 61.21263566064707], [23.240481264, 61.21268936135295], [23.240373155999997, 61.21268936135295], [23.240373155999997, 61.212743062058834], [23.240319101999997, 61.212743062058834], [23.240319101999997, 61.21279676276472], [23.240373155999997, 61.21279676276472], [23.240373155999997, 61.21290416417648], [23.239778561999998, 61.21290416417648], [23.239778561999998, 61.21295786488236], [23.239724508, 61.21295786488236], [23.239724508, 61.213011565588246], [23.239670454, 61.213011565588246], [23.239670454, 61.21306526629413], [23.239508291999996, 61.21306526629413], [23.239508291999996, 61.21317266770589], [23.239778561999998, 61.21317266770589], [23.239778561999998, 61.21311896700001], [23.239886669999997, 61.21311896700001], [23.239886669999997, 61.21317266770589], [23.239994777999996, 61.21317266770589], [23.239994777999996, 61.21311896700001], [23.24015694, 61.21311896700001], [23.24015694, 61.21306526629413], [23.240373155999997, 61.21306526629413], [23.240373155999997, 61.21311896700001], [23.240589372, 61.21311896700001], [23.240589372, 61.21306526629413], [23.240805587999997, 61.21306526629413], [23.240805587999997, 61.213011565588246], [23.241292073999997, 61.213011565588246], [23.241292073999997, 61.21306526629413], [23.241075858, 61.21306526629413], [23.241075858, 61.21311896700001], [23.241346127999996, 61.21311896700001], [23.241346127999996, 61.21306526629413], [23.241616397999998, 61.21306526629413], [23.241616397999998, 61.213011565588246], [23.241724505999997, 61.213011565588246], [23.241724505999997, 61.21295786488236], [23.241832613999996, 61.21295786488236], [23.241832613999996, 61.21290416417648], [23.241886668, 61.21290416417648], [23.241886668, 61.212850463470595], [23.241994776, 61.212850463470595], [23.241994776, 61.21279676276472], [23.242427208, 61.21279676276472], [23.242427208, 61.212743062058834], [23.242481262, 61.212743062058834], [23.242481262, 61.21263566064707], [23.242373154, 61.21263566064707], [23.242373154, 61.21258195994118], [23.2423191, 61.21258195994118], [23.2423191, 61.21268936135295], [23.242210991999997, 61.21268936135295], [23.242210991999997, 61.212743062058834], [23.242048829999998, 61.212743062058834], [23.242048829999998, 61.21268936135295], [23.241994776, 61.21268936135295], [23.241994776, 61.21263566064707], [23.242048829999998, 61.21263566064707], [23.242048829999998, 61.21258195994118], [23.242265045999996, 61.21258195994118], [23.242265045999996, 61.212528259235306], [23.242210991999997, 61.212528259235306], [23.242210991999997, 61.21247455852942], [23.242265045999996, 61.21247455852942], [23.242265045999996, 61.21242085782354], [23.242373154, 61.21242085782354], [23.242373154, 61.212367157117654], [23.2423191, 61.212367157117654], [23.2423191, 61.212259755705894], [23.242373154, 61.212259755705894], [23.242373154, 61.21220605500001], [23.242156937999997, 61.21220605500001], [23.242156937999997, 61.212152354294126], [23.242210991999997, 61.212152354294126], [23.242210991999997, 61.21209865358824], [23.242265045999996, 61.21209865358824], [23.242265045999996, 61.212044952882366], [23.241400182, 61.212044952882366]], [[23.241886668, 61.21247455852942], [23.242102883999998, 61.21247455852942], [23.242102883999998, 61.212528259235306], [23.241886668, 61.212528259235306], [23.241886668, 61.21247455852942]]]}}, {"type": "Feature", "properties": {"id": "ftw-finland-009", "country": "finland", "source": "fields-of-the-world", "area_ha": 0.9971}, "geometry": {"type": "Polygon", "coordinates": [[[22.535382869999996, 61.31291166], [22.535382869999996, 61.31296571399999], [22.535274761999997, 61.31296571399999], [22.535274761999997, 61.313019768], [22.535220707999997, 61.313019768], [22.535220707999997, 61.31307382199999], [22.535112599999998, 61.31307382199999], [22.535112599999998, 61.313127875999996], [22.535058546, 61.313127875999996], [22.535058546, 61.31318192999999], [22.534950438, 61.31318192999999], [22.534950438, 61.313235983999995], [22.534896383999996, 61.313235983999995], [22.534896383999996, 61.31329003799999], [22.534788275999997, 61.31329003799999], [22.534788275999997, 61.313344091999994], [22.534734221999997, 61.313344091999994], [22.534734221999997, 61.313398146], [22.534680167999998, 61.313398146], [22.534680167999998, 61.31345219999999], [22.53457206, 61.31345219999999], [22.53457206, 61.313506253999996], [22.534518006, 61.313506253999996], [22.534518006, 61.31356030799999], [22.534463951999996, 61.31356030799999], [22.534463951999996, 61.313614361999996], [22.534355843999997, 61.313614361999996], [22.534355843999997, 61.31366841599999], [22.534247735999998, 61.31366841599999], [22.534247735999998, 61.313776524], [22.534518006, 61.313776524], [22.534518006, 61.313830577999994], [22.534788275999997, 61.313830577999994], [22.534788275999997, 61.313884632], [22.534950438, 61.313884632], [22.534950438, 61.31393868599999], [22.534896383999996, 61.31393868599999], [22.534896383999996, 61.313992739999996], [22.534842329999996, 61.313992739999996], [22.534842329999996, 61.31404679399999], [22.534734221999997, 61.31404679399999], [22.534734221999997, 61.314100847999995], [22.534680167999998, 61.314100847999995], [22.534680167999998, 61.314154902], [22.534626113999998, 61.314154902], [22.534626113999998, 61.314208955999995], [22.53457206, 61.314208955999995], [22.53457206, 61.31426301], [22.534463951999996, 61.31426301], [22.534463951999996, 61.314317063999994], [22.534409897999996, 61.314317063999994], [22.534409897999996, 61.314371118], [22.534355843999997, 61.314371118], [22.534355843999997, 61.31442517199999], [22.534463951999996, 61.31442517199999], [22.534463951999996, 61.314479225999996], [22.534626113999998, 61.314479225999996], [22.534626113999998, 61.31453327999999], [22.534734221999997, 61.31453327999999], [22.534734221999997, 61.314479225999996], [22.534950438, 61.314479225999996], [22.534950438, 61.31442517199999], [22.535058546, 61.31442517199999], [22.535058546, 61.314371118], [22.535166653999998, 61.314371118], [22.535166653999998, 61.314317063999994], [22.535274761999997, 61.314317063999994], [22.535274761999997, 61.31426301], [22.535436924, 61.31426301], [22.535436924, 61.314208955999995], [22.535599085999998, 61.314208955999995], [22.535599085999998, 61.314154902], [22.535707193999997, 61.314154902], [22.535707193999997, 61.314100847999995], [22.535869356, 61.314100847999995], [22.535869356, 61.31404679399999], [22.535977464, 61.31404679399999], [22.535977464, 61.31393868599999], [22.536031517999998, 61.31393868599999], [22.536031517999998, 61.313776524], [22.53592341, 61.313776524], [22.53592341, 61.313722469999995], [22.535869356, 61.313722469999995], [22.535869356, 61.313614361999996], [22.53592341, 61.313614361999996], [22.53592341, 61.313506253999996], [22.535977464, 61.313506253999996], [22.535977464, 61.31345219999999], [22.536031517999998, 61.31345219999999], [22.536031517999998, 61.313398146], [22.536085571999998, 61.313398146], [22.536085571999998, 61.31329003799999], [22.536139625999997, 61.31329003799999], [22.536139625999997, 61.31318192999999], [22.535977464, 61.31318192999999], [22.535977464, 61.313127875999996], [22.535869356, 61.313127875999996], [22.535869356, 61.31307382199999], [22.535761247999996, 61.31307382199999], [22.535761247999996, 61.313019768], [22.535599085999998, 61.313019768], [22.535599085999998, 61.31296571399999], [22.535490978, 61.31296571399999], [22.535490978, 61.31291166], [22.535382869999996, 61.31291166]]]}}, {"type": "Feature", "properties": {"id": "ftw-finland-010", "country": "finland", "source": "fields-of-the-world", "area_ha": 1.0027}, "geometry": {"type": "Polygon", "coordinates": [[[23.237778564, 61.20302323429412], [23.237778564, 61.203076935000006], [23.237454239999998, 61.203076935000006], [23.237454239999998, 61.20313063570589], [23.237075861999998, 61.20313063570589], [23.237075861999998, 61.20318433641177], [23.236751537999996, 61.20318433641177], [23.236751537999996, 61.20323803711765], [23.236481268, 61.20323803711765], [23.236481268, 61.203291737823534], [23.236265051999997, 61.203291737823534], [23.236265051999997, 61.20334543852942], [23.236048836, 61.20334543852942], [23.236048836, 61.2033991392353], [23.235832619999996, 61.2033991392353], [23.235832619999996, 61.203452839941185], [23.235724511999997, 61.203452839941185], [23.235724511999997, 61.203560241352946], [23.235778565999997, 61.203560241352946], [23.235778565999997, 61.203667642764714], [23.236102889999998, 61.203667642764714], [23.236102889999998, 61.20361394205883], [23.236319106, 61.20361394205883], [23.236319106, 61.203775044176474], [23.236156943999998, 61.203775044176474], [23.236156943999998, 61.20382874488236], [23.235832619999996, 61.20382874488236], [23.235832619999996, 61.20398984700001], [23.235886674, 61.20398984700001], [23.235886674, 61.20409724841177], [23.235940728, 61.20409724841177], [23.235940728, 61.204150949117654], [23.235994782, 61.204150949117654], [23.235994782, 61.20420464982354], [23.236210997999997, 61.20420464982354], [23.236210997999997, 61.204150949117654], [23.236427214, 61.204150949117654], [23.236427214, 61.20409724841177], [23.236967754, 61.20409724841177], [23.236967754, 61.204043547705886], [23.237129915999997, 61.204043547705886], [23.237129915999997, 61.20398984700001], [23.237075861999998, 61.20398984700001], [23.237075861999998, 61.203936146294126], [23.237129915999997, 61.203936146294126], [23.237129915999997, 61.20388244558824], [23.237508293999998, 61.20388244558824], [23.237508293999998, 61.20382874488236], [23.237562347999997, 61.20382874488236], [23.237562347999997, 61.203775044176474], [23.237670455999996, 61.203775044176474], [23.237670455999996, 61.2037213434706], [23.23772451, 61.2037213434706], [23.23772451, 61.203667642764714], [23.237778564, 61.203667642764714], [23.237778564, 61.20361394205883], [23.237832618, 61.20361394205883], [23.237832618, 61.203560241352946], [23.237940725999998, 61.203560241352946], [23.237940725999998, 61.20350654064706], [23.237994779999998, 61.20350654064706], [23.237994779999998, 61.203452839941185], [23.238048833999997, 61.203452839941185], [23.238048833999997, 61.2033991392353], [23.238102887999997, 61.2033991392353], [23.238102887999997, 61.20334543852942], [23.238210996, 61.20334543852942], [23.238210996, 61.203291737823534], [23.23826505, 61.203291737823534], [23.23826505, 61.20323803711765], [23.238210996, 61.20323803711765], [23.238210996, 61.20313063570589], [23.238156941999996, 61.20313063570589], [23.238156941999996, 61.203076935000006], [23.238102887999997, 61.203076935000006], [23.238102887999997, 61.20302323429412], [23.237778564, 61.20302323429412]]]}}, {"type": "Feature", "properties": {"id": "ftw-finland-011", "country": "finland", "source": "fields-of-the-world", "area_ha": 1.07}, "geometry": {"type": "Polygon", "coordinates": [[[23.242805586, 61.205976773117655], [23.242805586, 61.20603047382354], [23.242697477999997, 61.20603047382354], [23.242697477999997, 61.20608417452942], [23.242589369999997, 61.20608417452942], [23.242589369999997, 61.2061378752353], [23.242481262, 61.2061378752353], [23.242481262, 61.20619157594118], [23.242373154, 61.20619157594118], [23.242373154, 61.20624527664707], [23.242265045999996, 61.20624527664707], [23.242265045999996, 61.20629897735295], [23.242156937999997, 61.20629897735295], [23.242156937999997, 61.20635267805883], [23.242048829999998, 61.20635267805883], [23.242048829999998, 61.20640637876471], [23.241940722, 61.20640637876471], [23.241940722, 61.206460079470595], [23.241778559999997, 61.206460079470595], [23.241778559999997, 61.20651378017648], [23.241616397999998, 61.20651378017648], [23.241616397999998, 61.20656748088236], [23.241454236, 61.20656748088236], [23.241454236, 61.20662118158824], [23.241346127999996, 61.20662118158824], [23.241346127999996, 61.206674882294124], [23.241238019999997, 61.206674882294124], [23.241238019999997, 61.20672858300001], [23.241129911999998, 61.20672858300001], [23.241129911999998, 61.20678228370589], [23.241021804, 61.20678228370589], [23.241021804, 61.206835984411775], [23.24096775, 61.206835984411775], [23.24096775, 61.20688968511765], [23.240859641999997, 61.20688968511765], [23.240859641999997, 61.206943385823536], [23.240805587999997, 61.206943385823536], [23.240805587999997, 61.20699708652942], [23.240697479999998, 61.20699708652942], [23.240697479999998, 61.2070507872353], [23.240589372, 61.2070507872353], [23.240589372, 61.20721188935295], [23.240643426, 61.20721188935295], [23.240643426, 61.2073729914706], [23.240589372, 61.2073729914706], [23.240589372, 61.207426692176476], [23.240481264, 61.207426692176476], [23.240481264, 61.20748039288236], [23.240319101999997, 61.20748039288236], [23.240319101999997, 61.207534093588244], [23.24015694, 61.207534093588244], [23.24015694, 61.20758779429413], [23.240102886, 61.20758779429413], [23.240102886, 61.207641495000004], [23.24015694, 61.207641495000004], [23.24015694, 61.20769519570589], [23.240210993999998, 61.20769519570589], [23.240210993999998, 61.207641495000004], [23.240373155999997, 61.207641495000004], [23.240373155999997, 61.20758779429413], [23.240697479999998, 61.20758779429413], [23.240697479999998, 61.207534093588244], [23.24096775, 61.207534093588244], [23.24096775, 61.20748039288236], [23.241129911999998, 61.20748039288236], [23.241129911999998, 61.207426692176476], [23.241616397999998, 61.207426692176476], [23.241616397999998, 61.2073729914706], [23.241724505999997, 61.2073729914706], [23.241724505999997, 61.207319290764715], [23.241832613999996, 61.207319290764715], [23.241832613999996, 61.20726559005883], [23.241886668, 61.20726559005883], [23.241886668, 61.207158188647064], [23.241832613999996, 61.207158188647064], [23.241832613999996, 61.20710448794119], [23.241886668, 61.20710448794119], [23.241886668, 61.2070507872353], [23.241994776, 61.2070507872353], [23.241994776, 61.20699708652942], [23.242048829999998, 61.20699708652942], [23.242048829999998, 61.206943385823536], [23.242102883999998, 61.206943385823536], [23.242102883999998, 61.20688968511765], [23.242481262, 61.20688968511765], [23.242481262, 61.206943385823536], [23.242535315999998, 61.206943385823536], [23.242535315999998, 61.20688968511765], [23.242643423999997, 61.20688968511765], [23.242643423999997, 61.206835984411775], [23.242751531999996, 61.206835984411775], [23.242751531999996, 61.20678228370589], [23.242805586, 61.20678228370589], [23.242805586, 61.20672858300001], [23.242913694, 61.20672858300001], [23.242913694, 61.206674882294124], [23.242967747999998, 61.206674882294124], [23.242967747999998, 61.20662118158824], [23.243021801999998, 61.20662118158824], [23.243021801999998, 61.20656748088236], [23.243075855999997, 61.20656748088236], [23.243075855999997, 61.206460079470595], [23.243129909999997, 61.206460079470595], [23.243129909999997, 61.20635267805883], [23.243183963999996, 61.20635267805883], [23.243183963999996, 61.20624527664707], [23.243129909999997, 61.20624527664707], [23.243129909999997, 61.20619157594118], [23.243075855999997, 61.20619157594118], [23.243075855999997, 61.2061378752353], [23.243021801999998, 61.2061378752353], [23.243021801999998, 61.20608417452942], [23.242967747999998, 61.20608417452942], [23.242967747999998, 61.20603047382354], [23.242913694, 61.20603047382354], [23.242913694, 61.205976773117655], [23.242805586, 61.205976773117655]]]}}, {"type": "Feature", "properties": {"id": "ftw-finland-012", "country": "finland", "source": "fields-of-the-world", "area_ha": 1.0944}, "geometry": {"type": "Polygon", "coordinates": [[[23.240697479999998, 61.2024862272353], [23.240697479999998, 61.20253992794118], [23.240535318, 61.20253992794118], [23.240535318, 61.20264732935295], [23.240589372, 61.20264732935295], [23.240589372, 61.20270103005883], [23.240643426, 61.20270103005883], [23.240643426, 61.202808431470594], [23.240697479999998, 61.202808431470594], [23.240697479999998, 61.20291583288236], [23.240805587999997, 61.20291583288236], [23.240805587999997, 61.202969533588245], [23.240859641999997, 61.202969533588245], [23.240859641999997, 61.20302323429412], [23.24096775, 61.20302323429412], [23.24096775, 61.203076935000006], [23.241021804, 61.203076935000006], [23.241021804, 61.20313063570589], [23.241075858, 61.20313063570589], [23.241075858, 61.20318433641177], [23.241129911999998, 61.20318433641177], [23.241129911999998, 61.20323803711765], [23.241346127999996, 61.20323803711765], [23.241346127999996, 61.203291737823534], [23.241562344, 61.203291737823534], [23.241562344, 61.20334543852942], [23.241670451999997, 61.20334543852942], [23.241670451999997, 61.2033991392353], [23.241778559999997, 61.2033991392353], [23.241778559999997, 61.203452839941185], [23.241886668, 61.203452839941185], [23.241886668, 61.20350654064706], [23.241940722, 61.20350654064706], [23.241940722, 61.203560241352946], [23.242048829999998, 61.203560241352946], [23.242048829999998, 61.20361394205883], [23.242102883999998, 61.20361394205883], [23.242102883999998, 61.203667642764714], [23.242913694, 61.203667642764714], [23.242913694, 61.2037213434706], [23.243075855999997, 61.2037213434706], [23.243075855999997, 61.203775044176474], [23.243292072, 61.203775044176474], [23.243292072, 61.2037213434706], [23.243346126, 61.2037213434706], [23.243346126, 61.20350654064706], [23.24340018, 61.20350654064706], [23.24340018, 61.20334543852942], [23.243454233999998, 61.20334543852942], [23.243454233999998, 61.20318433641177], [23.243508287999997, 61.20318433641177], [23.243508287999997, 61.20302323429412], [23.243562341999997, 61.20302323429412], [23.243562341999997, 61.20291583288236], [23.243454233999998, 61.20291583288236], [23.243454233999998, 61.20286213217648], [23.243238018, 61.20286213217648], [23.243238018, 61.202808431470594], [23.243021801999998, 61.202808431470594], [23.243021801999998, 61.20275473076471], [23.242805586, 61.20275473076471], [23.242805586, 61.20270103005883], [23.242697477999997, 61.20270103005883], [23.242697477999997, 61.20275473076471], [23.242643423999997, 61.20275473076471], [23.242643423999997, 61.20286213217648], [23.242589369999997, 61.20286213217648], [23.242589369999997, 61.20291583288236], [23.242210991999997, 61.20291583288236], [23.242210991999997, 61.202969533588245], [23.242048829999998, 61.202969533588245], [23.242048829999998, 61.20302323429412], [23.241670451999997, 61.20302323429412], [23.241670451999997, 61.202969533588245], [23.241562344, 61.202969533588245], [23.241562344, 61.20291583288236], [23.241454236, 61.20291583288236], [23.241454236, 61.20286213217648], [23.241400182, 61.20286213217648], [23.241400182, 61.20275473076471], [23.241346127999996, 61.20275473076471], [23.241346127999996, 61.20264732935295], [23.241238019999997, 61.20264732935295], [23.241238019999997, 61.20253992794118], [23.241129911999998, 61.20253992794118], [23.241129911999998, 61.2024862272353], [23.240697479999998, 61.2024862272353]], [[23.240859641999997, 61.20253992794118], [23.241021804, 61.20253992794118], [23.241021804, 61.202593628647065], [23.240859641999997, 61.202593628647065], [23.240859641999997, 61.20253992794118]], [[23.243292072, 61.202969533588245], [23.24340018, 61.202969533588245], [23.24340018, 61.203076935000006], [23.243346126, 61.203076935000006], [23.243346126, 61.20302323429412], [23.243292072, 61.20302323429412], [23.243292072, 61.202969533588245]], [[23.242589369999997, 61.203291737823534], [23.242805586, 61.203291737823534], [23.242805586, 61.20334543852942], [23.24285964, 61.20334543852942], [23.24285964, 61.2033991392353], [23.242805586, 61.2033991392353], [23.242805586, 61.203452839941185], [23.242697477999997, 61.203452839941185], [23.242697477999997, 61.2033991392353], [23.242589369999997, 61.2033991392353], [23.242589369999997, 61.203291737823534]]]}}, {"type": "Feature", "properties": {"id": "ftw-finland-013", "country": "finland", "source": "fields-of-the-world", "area_ha": 1.5572}, "geometry": {"type": "Polygon", "coordinates": [[[23.246373149999997, 61.212367157117654], [23.246373149999997, 61.21242085782354], [23.246319095999997, 61.21242085782354], [23.246319095999997, 61.212528259235306], [23.246265041999997, 61.212528259235306], [23.246265041999997, 61.21258195994118], [23.246210987999998, 61.21258195994118], [23.246210987999998, 61.212743062058834], [23.245724501999998, 61.212743062058834], [23.245724501999998, 61.21279676276472], [23.245238016, 61.21279676276472], [23.245238016, 61.212850463470595], [23.245183962, 61.212850463470595], [23.245183962, 61.21290416417648], [23.245129908, 61.21290416417648], [23.245129908, 61.21295786488236], [23.244697476, 61.21295786488236], [23.244697476, 61.213011565588246], [23.243832612, 61.213011565588246], [23.243832612, 61.21306526629413], [23.243346126, 61.21306526629413], [23.243346126, 61.21311896700001], [23.243292072, 61.21311896700001], [23.243292072, 61.21328006911766], [23.243346126, 61.21328006911766], [23.243346126, 61.21333376982354], [23.244048827999997, 61.21333376982354], [23.244048827999997, 61.21328006911766], [23.245075853999996, 61.21328006911766], [23.245075853999996, 61.213226368411775], [23.245346123999997, 61.213226368411775], [23.245346123999997, 61.21328006911766], [23.245454231999997, 61.21328006911766], [23.245454231999997, 61.2134411712353], [23.245400177999997, 61.2134411712353], [23.245400177999997, 61.21354857264707], [23.244859637999998, 61.21354857264707], [23.244859637999998, 61.213602273352954], [23.244427205999997, 61.213602273352954], [23.244427205999997, 61.21365597405883], [23.244373151999998, 61.21365597405883], [23.244373151999998, 61.213709674764715], [23.244048827999997, 61.213709674764715], [23.244048827999997, 61.21381707617648], [23.244589367999996, 61.21381707617648], [23.244589367999996, 61.21387077688236], [23.245508285999996, 61.21387077688236], [23.245508285999996, 61.21381707617648], [23.245616394, 61.21381707617648], [23.245616394, 61.2137633754706], [23.245670448, 61.2137633754706], [23.245670448, 61.213709674764715], [23.246697473999998, 61.213709674764715], [23.246697473999998, 61.21365597405883], [23.247183959999997, 61.21365597405883], [23.247183959999997, 61.21354857264707], [23.247129905999998, 61.21354857264707], [23.247129905999998, 61.2134411712353], [23.247075852, 61.2134411712353], [23.247075852, 61.21333376982354], [23.247021798, 61.21333376982354], [23.247021798, 61.213226368411775], [23.246967744, 61.213226368411775], [23.246967744, 61.21311896700001], [23.246913689999996, 61.21311896700001], [23.246913689999996, 61.213011565588246], [23.246859635999996, 61.213011565588246], [23.246859635999996, 61.21279676276472], [23.246805581999997, 61.21279676276472], [23.246805581999997, 61.21268936135295], [23.246697473999998, 61.21268936135295], [23.246697473999998, 61.21263566064707], [23.246643419999998, 61.21263566064707], [23.246643419999998, 61.21258195994118], [23.246589366, 61.21258195994118], [23.246589366, 61.21247455852942], [23.246535312, 61.21247455852942], [23.246535312, 61.212367157117654], [23.246373149999997, 61.212367157117654]]]}}, {"type": "Feature", "properties": {"id": "ftw-france-000", "country": "france", "source": "fields-of-the-world", "area_ha": 0.2932}, "geometry": {"type": "Polygon", "coordinates": [[[-0.10875664800000001, 46.998529577999996], [-0.10875664800000001, 46.99869174], [-0.10881070200000001, 46.99869174], [-0.10881070200000001, 46.99885390199999], [-0.10886475600000001, 46.99885390199999], [-0.10886475600000001, 46.999070118], [-0.10891881, 46.999070118], [-0.10891881, 46.999232279999994], [-0.108972864, 46.999232279999994], [-0.108972864, 46.999286334], [-0.10891881, 46.999286334], [-0.10891881, 46.999340388], [-0.10875664800000001, 46.999340388], [-0.10875664800000001, 46.999448496], [-0.10881070200000001, 46.999448496], [-0.10881070200000001, 46.999556604], [-0.10875664800000001, 46.999556604], [-0.10875664800000001, 46.999610657999995], [-0.10864854, 46.999610657999995], [-0.10864854, 46.999502549999995], [-0.108594486, 46.999502549999995], [-0.108594486, 46.999286334], [-0.108540432, 46.999286334], [-0.108540432, 46.999070118], [-0.10848637800000001, 46.999070118], [-0.10848637800000001, 46.99885390199999], [-0.10843232400000001, 46.99885390199999], [-0.10843232400000001, 46.998637685999995], [-0.10837827, 46.998637685999995], [-0.10837827, 46.998529577999996], [-0.10875664800000001, 46.998529577999996]]]}}, {"type": "Feature", "properties": {"id": "ftw-france-001", "country": "france", "source": "fields-of-the-world", "area_ha": 0.4139}, "geometry": {"type": "Polygon", "coordinates": [[[-0.11329718400000001, 46.998097146], [-0.11329718400000001, 46.998205254], [-0.113351238, 46.998205254], [-0.113351238, 46.998259307999994], [-0.11329718400000001, 46.998259307999994], [-0.11329718400000001, 46.998313362], [-0.113080968, 46.998313362], [-0.113080968, 46.998367415999994], [-0.11291880600000001, 46.998367415999994], [-0.11291880600000001, 46.99842147], [-0.11270259, 46.99842147], [-0.11270259, 46.998475524], [-0.112486374, 46.998475524], [-0.112486374, 46.998529577999996], [-0.112324212, 46.998529577999996], [-0.112324212, 46.998583632], [-0.112107996, 46.998583632], [-0.112107996, 46.998637685999995], [-0.11194583400000001, 46.998637685999995], [-0.11194583400000001, 46.99869174], [-0.111729618, 46.99869174], [-0.111729618, 46.998745793999994], [-0.11151340200000001, 46.998745793999994], [-0.11151340200000001, 46.998799848], [-0.11135124, 46.998799848], [-0.11135124, 46.99885390199999], [-0.111135024, 46.99885390199999], [-0.111135024, 46.998907956], [-0.110972862, 46.998907956], [-0.110972862, 46.99896201], [-0.110756646, 46.99896201], [-0.110756646, 46.999016063999996], [-0.110648538, 46.999016063999996], [-0.110648538, 46.99896201], [-0.110594484, 46.99896201], [-0.110594484, 46.998907956], [-0.11054043000000001, 46.998907956], [-0.11054043000000001, 46.99885390199999], [-0.110756646, 46.99885390199999], [-0.110756646, 46.998799848], [-0.11091880800000001, 46.998799848], [-0.11091880800000001, 46.998745793999994], [-0.111135024, 46.998745793999994], [-0.111135024, 46.99869174], [-0.111297186, 46.99869174], [-0.111297186, 46.998637685999995], [-0.11151340200000001, 46.998637685999995], [-0.11151340200000001, 46.998583632], [-0.111675564, 46.998583632], [-0.111675564, 46.998529577999996], [-0.111837726, 46.998529577999996], [-0.111837726, 46.998475524], [-0.112053942, 46.998475524], [-0.112053942, 46.99842147], [-0.11221610400000001, 46.99842147], [-0.11221610400000001, 46.998367415999994], [-0.11243232, 46.998367415999994], [-0.11243232, 46.998313362], [-0.11259448200000001, 46.998313362], [-0.11259448200000001, 46.998259307999994], [-0.112810698, 46.998259307999994], [-0.112810698, 46.998205254], [-0.11297286000000001, 46.998205254], [-0.11297286000000001, 46.998151199999995], [-0.113189076, 46.998151199999995], [-0.113189076, 46.998097146], [-0.11329718400000001, 46.998097146]]]}}, {"type": "Feature", "properties": {"id": "ftw-france-002", "country": "france", "source": "fields-of-the-world", "area_ha": 0.6357}, "geometry": {"type": "Polygon", "coordinates": [[[-0.10470259800000001, 46.999124171999995], [-0.10470259800000001, 46.999178226], [-0.104756652, 46.999178226], [-0.104756652, 46.999286334], [-0.104810706, 46.999286334], [-0.104810706, 46.999340388], [-0.10486476, 46.999340388], [-0.10486476, 46.999448496], [-0.104918814, 46.999448496], [-0.104918814, 46.999502549999995], [-0.10497286800000001, 46.999502549999995], [-0.10497286800000001, 46.999556604], [-0.10502692200000001, 46.999556604], [-0.10502692200000001, 46.999610657999995], [-0.105080976, 46.999610657999995], [-0.105080976, 46.999718766], [-0.10513503, 46.999718766], [-0.10513503, 46.99977282], [-0.105189084, 46.99977282], [-0.105189084, 46.999826874], [-0.10524313800000001, 46.999826874], [-0.10524313800000001, 46.999880927999996], [-0.10529719200000001, 46.999880927999996], [-0.10529719200000001, 46.999989035999995], [-0.10535124600000001, 46.999989035999995], [-0.10535124600000001, 47.00004309], [-0.10540530000000001, 47.00004309], [-0.10540530000000001, 47.000097143999994], [-0.10535124600000001, 47.000097143999994], [-0.10535124600000001, 47.000151198], [-0.10529719200000001, 47.000151198], [-0.10529719200000001, 47.000205252], [-0.10524313800000001, 47.000205252], [-0.10524313800000001, 47.000259306], [-0.105189084, 47.000259306], [-0.105189084, 47.00031336], [-0.10513503, 47.00031336], [-0.10513503, 47.000367413999996], [-0.105080976, 47.000367413999996], [-0.105080976, 47.000421468], [-0.10502692200000001, 47.000421468], [-0.10502692200000001, 47.000475521999995], [-0.10497286800000001, 47.000475521999995], [-0.10497286800000001, 47.000421468], [-0.104918814, 47.000421468], [-0.104918814, 47.000367413999996], [-0.10486476, 47.000367413999996], [-0.10486476, 47.00031336], [-0.104810706, 47.00031336], [-0.104810706, 47.000205252], [-0.104756652, 47.000205252], [-0.104756652, 47.000151198], [-0.10470259800000001, 47.000151198], [-0.10470259800000001, 47.000097143999994], [-0.10464854400000001, 47.000097143999994], [-0.10464854400000001, 46.999989035999995], [-0.10459449000000001, 46.999989035999995], [-0.10459449000000001, 46.999934982], [-0.10454043600000001, 46.999934982], [-0.10454043600000001, 46.999880927999996], [-0.104486382, 46.999880927999996], [-0.104486382, 46.99977282], [-0.104432328, 46.99977282], [-0.104432328, 46.999718766], [-0.10437827400000001, 46.999718766], [-0.10437827400000001, 46.999664712], [-0.10432422000000001, 46.999664712], [-0.10432422000000001, 46.999556604], [-0.10427016600000001, 46.999556604], [-0.10427016600000001, 46.999502549999995], [-0.104216112, 46.999502549999995], [-0.104216112, 46.999448496], [-0.104162058, 46.999448496], [-0.104162058, 46.999286334], [-0.10432422000000001, 46.999286334], [-0.10432422000000001, 46.999232279999994], [-0.104486382, 46.999232279999994], [-0.104486382, 46.999178226], [-0.10464854400000001, 46.999178226], [-0.10464854400000001, 46.999124171999995], [-0.10470259800000001, 46.999124171999995]]]}}, {"type": "Feature", "properties": {"id": "ftw-france-003", "country": "france", "source": "fields-of-the-world", "area_ha": 0.7791}, "geometry": {"type": "Polygon", "coordinates": [[[0.22047973005882354, 46.78177303799999], [0.22047973005882354, 46.781827091999986], [0.22037232864705883, 46.781827091999986], [0.22037232864705883, 46.78188114599999], [0.22021122652941177, 46.78188114599999], [0.22021122652941177, 46.78193519999999], [0.22005012441176472, 46.78193519999999], [0.22005012441176472, 46.78198925399999], [0.219942723, 46.78198925399999], [0.219942723, 46.78204330799999], [0.21978162088235295, 46.78204330799999], [0.21978162088235295, 46.78209736199999], [0.21967421947058824, 46.78209736199999], [0.21967421947058824, 46.78215141599999], [0.21951311735294118, 46.78215141599999], [0.21951311735294118, 46.78220546999999], [0.21935201523529413, 46.78220546999999], [0.21935201523529413, 46.78225952399999], [0.21924461382352942, 46.78225952399999], [0.21924461382352942, 46.782313577999986], [0.21908351170588236, 46.782313577999986], [0.21908351170588236, 46.78236763199999], [0.21897611029411765, 46.78236763199999], [0.21897611029411765, 46.78242168599999], [0.2188150081764706, 46.78242168599999], [0.2188150081764706, 46.78247573999999], [0.21865390605882354, 46.78247573999999], [0.21865390605882354, 46.78252979399999], [0.21854650464705883, 46.78252979399999], [0.21854650464705883, 46.78258384799999], [0.21838540252941177, 46.78258384799999], [0.21838540252941177, 46.78263790199999], [0.21822430041176472, 46.78263790199999], [0.21822430041176472, 46.78269195599999], [0.21806319829411766, 46.78269195599999], [0.21806319829411766, 46.78274600999999], [0.21795579688235295, 46.78274600999999], [0.21795579688235295, 46.78280006399999], [0.2177946947647059, 46.78280006399999], [0.2177946947647059, 46.78285411799999], [0.21763359264705884, 46.78285411799999], [0.21763359264705884, 46.78296222599999], [0.21768729335294118, 46.78296222599999], [0.21768729335294118, 46.78307033399999], [0.21774099405882355, 46.78307033399999], [0.21774099405882355, 46.78312438799999], [0.21784839547058824, 46.78312438799999], [0.21784839547058824, 46.78307033399999], [0.2180094975882353, 46.78307033399999], [0.2180094975882353, 46.78301627999999], [0.218116899, 46.78301627999999], [0.218116899, 46.78296222599999], [0.21827800111764706, 46.78296222599999], [0.21827800111764706, 46.78290817199999], [0.2184391032352941, 46.78290817199999], [0.2184391032352941, 46.78285411799999], [0.2186002053529412, 46.78285411799999], [0.2186002053529412, 46.78280006399999], [0.21876130747058825, 46.78280006399999], [0.21876130747058825, 46.78274600999999], [0.21886870888235294, 46.78274600999999], [0.21886870888235294, 46.78269195599999], [0.21902981100000002, 46.78269195599999], [0.21902981100000002, 46.78263790199999], [0.21919091311764707, 46.78263790199999], [0.21919091311764707, 46.78258384799999], [0.21935201523529413, 46.78258384799999], [0.21935201523529413, 46.78252979399999], [0.21951311735294118, 46.78252979399999], [0.21951311735294118, 46.78247573999999], [0.2196205187647059, 46.78247573999999], [0.2196205187647059, 46.78242168599999], [0.21978162088235295, 46.78242168599999], [0.21978162088235295, 46.78236763199999], [0.219942723, 46.78236763199999], [0.219942723, 46.782313577999986], [0.22010382511764706, 46.782313577999986], [0.22010382511764706, 46.78225952399999], [0.22026492723529412, 46.78225952399999], [0.22026492723529412, 46.78220546999999], [0.22037232864705883, 46.78220546999999], [0.22037232864705883, 46.78215141599999], [0.22053343076470588, 46.78215141599999], [0.22053343076470588, 46.78209736199999], [0.22069453288235294, 46.78209736199999], [0.22069453288235294, 46.78193519999999], [0.2206408321764706, 46.78193519999999], [0.2206408321764706, 46.78188114599999], [0.22058713147058825, 46.78188114599999], [0.22058713147058825, 46.78177303799999], [0.22047973005882354, 46.78177303799999]]]}}, {"type": "Feature", "properties": {"id": "ftw-france-004", "country": "france", "source": "fields-of-the-world", "area_ha": 0.8501}, "geometry": {"type": "Polygon", "coordinates": [[[-0.11291880600000001, 46.997286335999995], [-0.11291880600000001, 46.997394443999994], [-0.11297286000000001, 46.997394443999994], [-0.11297286000000001, 46.99750255199999], [-0.113026914, 46.99750255199999], [-0.113026914, 46.99761066], [-0.113080968, 46.99761066], [-0.113080968, 46.997718768], [-0.113135022, 46.997718768], [-0.113135022, 46.997772821999995], [-0.113026914, 46.997772821999995], [-0.113026914, 46.997826876], [-0.112810698, 46.997826876], [-0.112810698, 46.997880929999994], [-0.11259448200000001, 46.997880929999994], [-0.11259448200000001, 46.997934984], [-0.112378266, 46.997934984], [-0.112378266, 46.997989038], [-0.11216205000000001, 46.997989038], [-0.11216205000000001, 46.998043091999996], [-0.111999888, 46.998043091999996], [-0.111999888, 46.998097146], [-0.111783672, 46.998097146], [-0.111783672, 46.998151199999995], [-0.11156745600000001, 46.998151199999995], [-0.11156745600000001, 46.998205254], [-0.111459348, 46.998205254], [-0.111459348, 46.998097146], [-0.111405294, 46.998097146], [-0.111405294, 46.997989038], [-0.11135124, 46.997989038], [-0.11135124, 46.997934984], [-0.111297186, 46.997934984], [-0.111297186, 46.997826876], [-0.11124313200000001, 46.997826876], [-0.11124313200000001, 46.997664713999995], [-0.111405294, 46.997664713999995], [-0.111405294, 46.99761066], [-0.11151340200000001, 46.99761066], [-0.11151340200000001, 46.997556605999996], [-0.111675564, 46.997556605999996], [-0.111675564, 46.99750255199999], [-0.111837726, 46.99750255199999], [-0.111837726, 46.997448498], [-0.112053942, 46.997448498], [-0.112053942, 46.997394443999994], [-0.11227015800000001, 46.997394443999994], [-0.11227015800000001, 46.99734039], [-0.11264853600000001, 46.99734039], [-0.11264853600000001, 46.997286335999995], [-0.11291880600000001, 46.997286335999995]]]}}, {"type": "Feature", "properties": {"id": "ftw-france-005", "country": "france", "source": "fields-of-the-world", "area_ha": 1.0198}, "geometry": {"type": "Polygon", "coordinates": [[[0.22370177241176473, 46.78642168199999], [0.22370177241176473, 46.78647573599999], [0.22294996252941177, 46.78647573599999], [0.22294996252941177, 46.78717843799999], [0.22289626182352942, 46.78717843799999], [0.22289626182352942, 46.78755681599999], [0.22321846605882353, 46.78755681599999], [0.22321846605882353, 46.787610869999995], [0.22343326888235296, 46.787610869999995], [0.22343326888235296, 46.78755681599999], [0.22354067029411764, 46.78755681599999], [0.22354067029411764, 46.78750276199999], [0.22364807170588236, 46.78750276199999], [0.22364807170588236, 46.78744870799999], [0.22370177241176473, 46.78744870799999], [0.22370177241176473, 46.78739465399999], [0.22375547311764707, 46.78739465399999], [0.22375547311764707, 46.78734059999999], [0.22386287452941178, 46.78734059999999], [0.22386287452941178, 46.78728654599999], [0.22391657523529412, 46.78728654599999], [0.22391657523529412, 46.787232491999994], [0.22397027594117647, 46.787232491999994], [0.22397027594117647, 46.78717843799999], [0.22407767735294118, 46.78717843799999], [0.22407767735294118, 46.787124383999995], [0.22413137805882355, 46.787124383999995], [0.22413137805882355, 46.78707032999999], [0.2241850787647059, 46.78707032999999], [0.2241850787647059, 46.78696222199999], [0.22397027594117647, 46.78696222199999], [0.22397027594117647, 46.78690816799999], [0.22386287452941178, 46.78690816799999], [0.22386287452941178, 46.78680005999999], [0.22391657523529412, 46.78680005999999], [0.22391657523529412, 46.786637897999995], [0.2241850787647059, 46.786637897999995], [0.2241850787647059, 46.78669195199999], [0.22439988158823532, 46.78669195199999], [0.22439988158823532, 46.78658384399999], [0.22445358229411766, 46.78658384399999], [0.22445358229411766, 46.78642168199999], [0.22370177241176473, 46.78642168199999]]]}}, {"type": "Feature", "properties": {"id": "ftw-france-006", "country": "france", "source": "fields-of-the-world", "area_ha": 1.2492}, "geometry": {"type": "Polygon", "coordinates": [[[-0.113405292, 46.998475524], [-0.113405292, 46.998529577999996], [-0.113459346, 46.998529577999996], [-0.113459346, 46.998637685999995], [-0.1135134, 46.998637685999995], [-0.1135134, 46.998745793999994], [-0.11356745400000001, 46.998745793999994], [-0.11356745400000001, 46.99885390199999], [-0.11362150800000001, 46.99885390199999], [-0.11362150800000001, 46.99896201], [-0.11367556200000001, 46.99896201], [-0.11367556200000001, 46.999124171999995], [-0.113729616, 46.999124171999995], [-0.113729616, 46.999232279999994], [-0.11378367, 46.999232279999994], [-0.11378367, 46.999340388], [-0.113837724, 46.999340388], [-0.113837724, 46.999448496], [-0.113891778, 46.999448496], [-0.113891778, 46.999502549999995], [-0.113729616, 46.999502549999995], [-0.113729616, 46.999556604], [-0.113351238, 46.999556604], [-0.113351238, 46.999610657999995], [-0.11291880600000001, 46.999610657999995], [-0.11291880600000001, 46.999664712], [-0.11254042800000001, 46.999664712], [-0.11254042800000001, 46.999718766], [-0.112378266, 46.999718766], [-0.112378266, 46.999664712], [-0.112324212, 46.999664712], [-0.112324212, 46.999556604], [-0.11227015800000001, 46.999556604], [-0.11227015800000001, 46.999448496], [-0.11221610400000001, 46.999448496], [-0.11221610400000001, 46.999286334], [-0.11216205000000001, 46.999286334], [-0.11216205000000001, 46.999178226], [-0.112107996, 46.999178226], [-0.112107996, 46.999070118], [-0.112053942, 46.999070118], [-0.112053942, 46.99896201], [-0.111999888, 46.99896201], [-0.111999888, 46.998907956], [-0.112053942, 46.998907956], [-0.112053942, 46.99885390199999], [-0.11227015800000001, 46.99885390199999], [-0.11227015800000001, 46.998799848], [-0.11243232, 46.998799848], [-0.11243232, 46.998745793999994], [-0.11259448200000001, 46.998745793999994], [-0.11259448200000001, 46.99869174], [-0.112810698, 46.99869174], [-0.112810698, 46.998637685999995], [-0.11297286000000001, 46.998637685999995], [-0.11297286000000001, 46.998583632], [-0.113135022, 46.998583632], [-0.113135022, 46.998529577999996], [-0.113351238, 46.998529577999996], [-0.113351238, 46.998475524], [-0.113405292, 46.998475524]]]}}, {"type": "Feature", "properties": {"id": "ftw-france-007", "country": "france", "source": "fields-of-the-world", "area_ha": 1.6631}, "geometry": {"type": "Polygon", "coordinates": [[[0.033549516, 46.92065578199999], [0.033549516, 46.920709835999986], [0.0333333, 46.920709835999986], [0.0333333, 46.92076388999999], [0.033117084000000005, 46.92076388999999], [0.033117084000000005, 46.92081794399999], [0.032900868, 46.92081794399999], [0.032900868, 46.92087199799999], [0.032684652, 46.92087199799999], [0.032684652, 46.92092605199999], [0.032468436, 46.92092605199999], [0.032468436, 46.92098010599999], [0.032306274, 46.92098010599999], [0.032306274, 46.92103415999999], [0.032090058000000005, 46.92103415999999], [0.032090058000000005, 46.92108821399999], [0.031873842, 46.92108821399999], [0.031873842, 46.92114226799999], [0.031657626, 46.92114226799999], [0.031657626, 46.921196321999986], [0.03144141, 46.921196321999986], [0.03144141, 46.92125037599999], [0.031225194, 46.92125037599999], [0.031225194, 46.92130442999999], [0.031008978000000003, 46.92130442999999], [0.031008978000000003, 46.92135848399999], [0.031063032000000004, 46.92135848399999], [0.031063032000000004, 46.92141253799999], [0.031117086000000002, 46.92141253799999], [0.031117086000000002, 46.92146659199999], [0.031225194, 46.92146659199999], [0.031225194, 46.92152064599999], [0.031279248, 46.92152064599999], [0.031279248, 46.92157469999999], [0.031387356000000005, 46.92157469999999], [0.031387356000000005, 46.92162875399999], [0.03144141, 46.92162875399999], [0.03144141, 46.92168280799999], [0.031549518, 46.92168280799999], [0.031549518, 46.92173686199999], [0.03198195, 46.92173686199999], [0.03198195, 46.92179091599999], [0.032414382000000005, 46.92179091599999], [0.032414382000000005, 46.92184496999999], [0.032738706000000006, 46.92184496999999], [0.032738706000000006, 46.92189902399999], [0.033171138, 46.92189902399999], [0.033171138, 46.92184496999999], [0.033441408000000006, 46.92184496999999], [0.033441408000000006, 46.92179091599999], [0.03360357, 46.92179091599999], [0.03360357, 46.92065578199999], [0.033549516, 46.92065578199999]]]}}, {"type": "Feature", "properties": {"id": "ftw-france-008", "country": "france", "source": "fields-of-the-world", "area_ha": 2.5265}, "geometry": {"type": "Polygon", "coordinates": [[[0.22010382511764706, 46.78101628199999], [0.22010382511764706, 46.78107033599999], [0.219942723, 46.78107033599999], [0.219942723, 46.78112438999999], [0.2198353215882353, 46.78112438999999], [0.2198353215882353, 46.78117844399999], [0.21967421947058824, 46.78117844399999], [0.21967421947058824, 46.78123249799999], [0.21951311735294118, 46.78123249799999], [0.21951311735294118, 46.78128655199999], [0.21935201523529413, 46.78128655199999], [0.21935201523529413, 46.781340605999986], [0.21919091311764707, 46.781340605999986], [0.21919091311764707, 46.78139465999999], [0.21908351170588236, 46.78139465999999], [0.21908351170588236, 46.78144871399999], [0.2189224095882353, 46.78144871399999], [0.2189224095882353, 46.78150276799999], [0.21876130747058825, 46.78150276799999], [0.21876130747058825, 46.78155682199999], [0.2186002053529412, 46.78155682199999], [0.2186002053529412, 46.78161087599999], [0.2184391032352941, 46.78161087599999], [0.2184391032352941, 46.78166492999999], [0.21827800111764706, 46.78166492999999], [0.21827800111764706, 46.78171898399999], [0.218116899, 46.78171898399999], [0.218116899, 46.78177303799999], [0.21795579688235295, 46.78177303799999], [0.21795579688235295, 46.781827091999986], [0.21784839547058824, 46.781827091999986], [0.21784839547058824, 46.78188114599999], [0.21768729335294118, 46.78188114599999], [0.21768729335294118, 46.78193519999999], [0.21757989194117647, 46.78193519999999], [0.21757989194117647, 46.78198925399999], [0.2174187898235294, 46.78198925399999], [0.2174187898235294, 46.78204330799999], [0.21731138841176473, 46.78204330799999], [0.21731138841176473, 46.78209736199999], [0.21715028629411764, 46.78209736199999], [0.21715028629411764, 46.78215141599999], [0.21704288488235296, 46.78215141599999], [0.21704288488235296, 46.78220546999999], [0.21688178276470588, 46.78220546999999], [0.21688178276470588, 46.78225952399999], [0.2167743813529412, 46.78225952399999], [0.2167743813529412, 46.782313577999986], [0.21661327923529414, 46.782313577999986], [0.21661327923529414, 46.78236763199999], [0.21650587782352942, 46.78236763199999], [0.21650587782352942, 46.78252979399999], [0.21655957852941177, 46.78252979399999], [0.21655957852941177, 46.78263790199999], [0.21661327923529414, 46.78263790199999], [0.21661327923529414, 46.78269195599999], [0.21666697994117648, 46.78269195599999], [0.21666697994117648, 46.78280006399999], [0.21672068064705882, 46.78280006399999], [0.21672068064705882, 46.78290817199999], [0.2167743813529412, 46.78290817199999], [0.2167743813529412, 46.78301627999999], [0.21688178276470588, 46.78301627999999], [0.21688178276470588, 46.78296222599999], [0.21704288488235296, 46.78296222599999], [0.21704288488235296, 46.78290817199999], [0.21720398700000002, 46.78290817199999], [0.21720398700000002, 46.78285411799999], [0.21736508911764707, 46.78285411799999], [0.21736508911764707, 46.78280006399999], [0.21747249052941178, 46.78280006399999], [0.21747249052941178, 46.78274600999999], [0.21763359264705884, 46.78274600999999], [0.21763359264705884, 46.78269195599999], [0.2177946947647059, 46.78269195599999], [0.2177946947647059, 46.78263790199999], [0.21795579688235295, 46.78263790199999], [0.21795579688235295, 46.78258384799999], [0.218116899, 46.78258384799999], [0.218116899, 46.78252979399999], [0.21827800111764706, 46.78252979399999], [0.21827800111764706, 46.78247573999999], [0.2184391032352941, 46.78247573999999], [0.2184391032352941, 46.78242168599999], [0.2186002053529412, 46.78242168599999], [0.2186002053529412, 46.78236763199999], [0.21876130747058825, 46.78236763199999], [0.21876130747058825, 46.782313577999986], [0.21886870888235294, 46.782313577999986], [0.21886870888235294, 46.78225952399999], [0.21902981100000002, 46.78225952399999], [0.21902981100000002, 46.78220546999999], [0.21919091311764707, 46.78220546999999], [0.21919091311764707, 46.78215141599999], [0.21935201523529413, 46.78215141599999], [0.21935201523529413, 46.78209736199999], [0.21951311735294118, 46.78209736199999], [0.21951311735294118, 46.78204330799999], [0.21967421947058824, 46.78204330799999], [0.21967421947058824, 46.78198925399999], [0.21978162088235295, 46.78198925399999], [0.21978162088235295, 46.78193519999999], [0.219942723, 46.78193519999999], [0.219942723, 46.78188114599999], [0.22005012441176472, 46.78188114599999], [0.22005012441176472, 46.781827091999986], [0.22021122652941177, 46.781827091999986], [0.22021122652941177, 46.78177303799999], [0.22037232864705883, 46.78177303799999], [0.22037232864705883, 46.78171898399999], [0.22047973005882354, 46.78171898399999], [0.22047973005882354, 46.78166492999999], [0.22058713147058825, 46.78166492999999], [0.22058713147058825, 46.78155682199999], [0.22053343076470588, 46.78155682199999], [0.22053343076470588, 46.78150276799999], [0.22047973005882354, 46.78150276799999], [0.22047973005882354, 46.78139465999999], [0.22042602935294117, 46.78139465999999], [0.22042602935294117, 46.781340605999986], [0.22037232864705883, 46.781340605999986], [0.22037232864705883, 46.78123249799999], [0.2203186279411765, 46.78123249799999], [0.2203186279411765, 46.78117844399999], [0.22026492723529412, 46.78117844399999], [0.22026492723529412, 46.78112438999999], [0.22021122652941177, 46.78112438999999], [0.22021122652941177, 46.78101628199999], [0.22010382511764706, 46.78101628199999]]]}}, {"type": "Feature", "properties": {"id": "ftw-france-009", "country": "france", "source": "fields-of-the-world", "area_ha": 3.3059}, "geometry": {"type": "Polygon", "coordinates": [[[0.025279254, 46.926601721999994], [0.025279254, 46.92670982999999], [0.025225200000000003, 46.92670982999999], [0.025225200000000003, 46.92676388399999], [0.025117092, 46.92676388399999], [0.025117092, 46.92681793799999], [0.025063038000000003, 46.92681793799999], [0.025063038000000003, 46.92714226199999], [0.025117092, 46.92714226199999], [0.025117092, 46.92730442399999], [0.025171146000000002, 46.92730442399999], [0.025171146000000002, 46.927736855999996], [0.025225200000000003, 46.927736855999996], [0.025225200000000003, 46.927953071999994], [0.025279254, 46.927953071999994], [0.025279254, 46.92816928799999], [0.025333308000000002, 46.92816928799999], [0.025333308000000002, 46.928331449999995], [0.025387362000000004, 46.928331449999995], [0.025387362000000004, 46.928439557999994], [0.025441416, 46.928439557999994], [0.025441416, 46.92849361199999], [0.025495470000000003, 46.92849361199999], [0.025495470000000003, 46.928601719999996], [0.025549524000000004, 46.928601719999996], [0.025549524000000004, 46.92865577399999], [0.025603578000000002, 46.92865577399999], [0.025603578000000002, 46.92876388199999], [0.025657632000000003, 46.92876388199999], [0.025657632000000003, 46.928817935999994], [0.025711686000000004, 46.928817935999994], [0.025711686000000004, 46.928926043999994], [0.025765740000000002, 46.928926043999994], [0.025765740000000002, 46.92903415199999], [0.025819794000000004, 46.92903415199999], [0.025819794000000004, 46.92914225999999], [0.025873848000000005, 46.92914225999999], [0.025873848000000005, 46.92925036799999], [0.025927902000000003, 46.92925036799999], [0.025927902000000003, 46.92935847599999], [0.025981956, 46.92935847599999], [0.025981956, 46.929466584], [0.026036010000000002, 46.929466584], [0.026036010000000002, 46.92952063799999], [0.026144118, 46.92952063799999], [0.026144118, 46.929466584], [0.026252226000000004, 46.929466584], [0.026252226000000004, 46.92941252999999], [0.026360334000000003, 46.92941252999999], [0.026360334000000003, 46.92952063799999], [0.026414388000000004, 46.92952063799999], [0.026414388000000004, 46.929682799999995], [0.026360334000000003, 46.929682799999995], [0.026360334000000003, 46.92989901599999], [0.02630628, 46.92989901599999], [0.02630628, 46.930061177999995], [0.026252226000000004, 46.930061177999995], [0.026252226000000004, 46.93022333999999], [0.026198172000000002, 46.93022333999999], [0.026198172000000002, 46.930439555999996], [0.02630628, 46.930439555999996], [0.02630628, 46.93038550199999], [0.026468442000000002, 46.93038550199999], [0.026468442000000002, 46.930331448], [0.026630604000000002, 46.930331448], [0.026630604000000002, 46.930277393999994], [0.026738712000000005, 46.930277393999994], [0.026738712000000005, 46.93022333999999], [0.026900874, 46.93022333999999], [0.026900874, 46.930169285999995], [0.027117090000000003, 46.930169285999995], [0.027117090000000003, 46.93011523199999], [0.027333306, 46.93011523199999], [0.027333306, 46.930061177999995], [0.027549522000000003, 46.930061177999995], [0.027549522000000003, 46.92989901599999], [0.027495468000000002, 46.92989901599999], [0.027495468000000002, 46.929790907999994], [0.027441414000000004, 46.929790907999994], [0.027441414000000004, 46.929682799999995], [0.027387360000000003, 46.929682799999995], [0.027387360000000003, 46.929574691999996], [0.027333306, 46.929574691999996], [0.027333306, 46.929466584], [0.027279252000000004, 46.929466584], [0.027279252000000004, 46.92935847599999], [0.027225198000000003, 46.92935847599999], [0.027225198000000003, 46.92925036799999], [0.027171144, 46.92925036799999], [0.027171144, 46.929196313999995], [0.027117090000000003, 46.929196313999995], [0.027117090000000003, 46.929088205999996], [0.027063036000000002, 46.929088205999996], [0.027063036000000002, 46.928980098], [0.027008982, 46.928980098], [0.027008982, 46.92887198999999], [0.026954928000000003, 46.92887198999999], [0.026954928000000003, 46.92876388199999], [0.026900874, 46.92876388199999], [0.026900874, 46.928709827999995], [0.02684682, 46.928709827999995], [0.02684682, 46.928601719999996], [0.026792766000000003, 46.928601719999996], [0.026792766000000003, 46.92849361199999], [0.026738712000000005, 46.92849361199999], [0.026738712000000005, 46.92838550399999], [0.026684658000000003, 46.92838550399999], [0.026684658000000003, 46.92827739599999], [0.026630604000000002, 46.92827739599999], [0.026630604000000002, 46.928223341999995], [0.026576550000000004, 46.928223341999995], [0.026576550000000004, 46.92811523399999], [0.026522496000000003, 46.92811523399999], [0.026522496000000003, 46.92800712599999], [0.026468442000000002, 46.92800712599999], [0.026468442000000002, 46.92789901799999], [0.026414388000000004, 46.92789901799999], [0.026414388000000004, 46.92779090999999], [0.026360334000000003, 46.92779090999999], [0.026360334000000003, 46.92768280199999], [0.02630628, 46.92768280199999], [0.02630628, 46.92762874799999], [0.026252226000000004, 46.92762874799999], [0.026252226000000004, 46.92752063999999], [0.026198172000000002, 46.92752063999999], [0.026198172000000002, 46.92741253199999], [0.026144118, 46.92741253199999], [0.026144118, 46.92730442399999], [0.026090064000000003, 46.92730442399999], [0.026090064000000003, 46.92719631599999], [0.026036010000000002, 46.92719631599999], [0.026036010000000002, 46.92714226199999], [0.025873848000000005, 46.92714226199999], [0.025873848000000005, 46.927088207999994], [0.025819794000000004, 46.927088207999994], [0.025819794000000004, 46.92703415399999], [0.025711686000000004, 46.92703415399999], [0.025711686000000004, 46.926980099999994], [0.025657632000000003, 46.926980099999994], [0.025657632000000003, 46.92692604599999], [0.025603578000000002, 46.92692604599999], [0.025603578000000002, 46.926871991999995], [0.025549524000000004, 46.926871991999995], [0.025549524000000004, 46.92681793799999], [0.025441416, 46.92681793799999], [0.025441416, 46.92676388399999], [0.025387362000000004, 46.92676388399999], [0.025387362000000004, 46.92665577599999], [0.025333308000000002, 46.92665577599999], [0.025333308000000002, 46.926601721999994], [0.025279254, 46.926601721999994]]]}}, {"type": "Feature", "properties": {"id": "ftw-france-010", "country": "france", "source": "fields-of-the-world", "area_ha": 3.9894}, "geometry": {"type": "Polygon", "coordinates": [[[-0.109351242, 46.99269174599999], [-0.109351242, 46.992799854], [-0.10940529600000001, 46.992799854], [-0.10940529600000001, 46.992907962], [-0.10945935000000001, 46.992907962], [-0.10945935000000001, 46.993016069999996], [-0.10951340400000001, 46.993016069999996], [-0.10951340400000001, 46.993124177999995], [-0.109567458, 46.993124177999995], [-0.109567458, 46.99317823199999], [-0.109621512, 46.99317823199999], [-0.109621512, 46.99328634], [-0.109675566, 46.99328634], [-0.109675566, 46.993394448], [-0.10972962, 46.993394448], [-0.10972962, 46.993502555999996], [-0.10978367400000001, 46.993502555999996], [-0.10978367400000001, 46.993610663999995], [-0.10983772800000001, 46.993610663999995], [-0.10983772800000001, 46.993718771999994], [-0.10989178200000001, 46.993718771999994], [-0.10989178200000001, 46.993772826], [-0.109945836, 46.993772826], [-0.109945836, 46.993880933999996], [-0.10999989, 46.993880933999996], [-0.10999989, 46.993989041999995], [-0.110053944, 46.993989041999995], [-0.110053944, 46.994097149999995], [-0.11010799800000001, 46.994097149999995], [-0.11010799800000001, 46.994205257999994], [-0.11016205200000001, 46.994205257999994], [-0.11016205200000001, 46.994259312], [-0.11010799800000001, 46.994259312], [-0.11010799800000001, 46.994367419999996], [-0.110053944, 46.994367419999996], [-0.110053944, 46.994475527999995], [-0.10999989, 46.994475527999995], [-0.10999989, 46.994583635999994], [-0.109945836, 46.994583635999994], [-0.109945836, 46.994691743999994], [-0.10989178200000001, 46.994691743999994], [-0.10989178200000001, 46.994962013999995], [-0.10983772800000001, 46.994962013999995], [-0.10983772800000001, 46.995124176], [-0.10978367400000001, 46.995124176], [-0.10978367400000001, 46.99528633799999], [-0.10972962, 46.99528633799999], [-0.10972962, 46.995448499999995], [-0.109675566, 46.995448499999995], [-0.109675566, 46.995610662], [-0.10972962, 46.995610662], [-0.10972962, 46.99577282399999], [-0.10978367400000001, 46.99577282399999], [-0.10978367400000001, 46.995934985999995], [-0.10983772800000001, 46.995934985999995], [-0.10983772800000001, 46.996097148], [-0.10989178200000001, 46.996097148], [-0.10989178200000001, 46.99615120199999], [-0.109675566, 46.99615120199999], [-0.109675566, 46.996097148], [-0.109351242, 46.996097148], [-0.109351242, 46.996043093999994], [-0.109080972, 46.996043093999994], [-0.109080972, 46.99598904], [-0.108972864, 46.99598904], [-0.108972864, 46.995934985999995], [-0.10891881, 46.995934985999995], [-0.10891881, 46.99577282399999], [-0.10886475600000001, 46.99577282399999], [-0.10886475600000001, 46.99566471599999], [-0.10881070200000001, 46.99566471599999], [-0.10881070200000001, 46.995502554], [-0.10875664800000001, 46.995502554], [-0.10875664800000001, 46.995340391999996], [-0.10870259400000001, 46.995340391999996], [-0.10870259400000001, 46.99517822999999], [-0.10864854, 46.99517822999999], [-0.10864854, 46.995016068], [-0.108594486, 46.995016068], [-0.108594486, 46.99490795999999], [-0.108540432, 46.99490795999999], [-0.108540432, 46.99479985199999], [-0.10848637800000001, 46.99479985199999], [-0.10848637800000001, 46.994583635999994], [-0.10843232400000001, 46.994583635999994], [-0.10843232400000001, 46.994475527999995], [-0.10837827, 46.994475527999995], [-0.10837827, 46.994367419999996], [-0.108324216, 46.994367419999996], [-0.108324216, 46.994259312], [-0.107891784, 46.994259312], [-0.107891784, 46.994151204], [-0.107945838, 46.994151204], [-0.107945838, 46.993124177999995], [-0.10799989200000001, 46.993124177999995], [-0.10799989200000001, 46.993016069999996], [-0.10805394600000001, 46.993016069999996], [-0.10805394600000001, 46.99296201599999], [-0.108324216, 46.99296201599999], [-0.108324216, 46.992907962], [-0.108594486, 46.992907962], [-0.108594486, 46.992853907999994], [-0.10886475600000001, 46.992853907999994], [-0.10886475600000001, 46.992799854], [-0.109080972, 46.992799854], [-0.109080972, 46.992745799999994], [-0.109297188, 46.992745799999994], [-0.109297188, 46.99269174599999], [-0.109351242, 46.99269174599999]]]}}, {"type": "Feature", "properties": {"id": "ftw-france-011", "country": "france", "source": "fields-of-the-world", "area_ha": 4.1134}, "geometry": {"type": "Polygon", "coordinates": [[[0.033387354, 46.918980107999985], [0.033387354, 46.91903416199999], [0.032846814, 46.91903416199999], [0.032846814, 46.91908821599999], [0.032306274, 46.91908821599999], [0.032306274, 46.91914226999999], [0.031711680000000006, 46.91914226999999], [0.031711680000000006, 46.91919632399999], [0.031117086000000002, 46.91919632399999], [0.031117086000000002, 46.91925037799999], [0.030468438, 46.91925037799999], [0.030468438, 46.91930443199999], [0.029873844000000004, 46.91930443199999], [0.029873844000000004, 46.919358485999986], [0.029279250000000003, 46.919358485999986], [0.029279250000000003, 46.91941253999999], [0.028684656000000003, 46.91941253999999], [0.028684656000000003, 46.919466593999985], [0.028036008, 46.919466593999985], [0.028036008, 46.91952064799999], [0.027441414000000004, 46.91952064799999], [0.027441414000000004, 46.91957470199999], [0.027171144, 46.91957470199999], [0.027171144, 46.91973686399999], [0.027225198000000003, 46.91973686399999], [0.027225198000000003, 46.92006118799999], [0.027279252000000004, 46.92006118799999], [0.027279252000000004, 46.920223349999986], [0.027333306, 46.920223349999986], [0.027333306, 46.92033145799999], [0.027387360000000003, 46.92033145799999], [0.027387360000000003, 46.92038551199999], [0.027657630000000002, 46.92038551199999], [0.027657630000000002, 46.92033145799999], [0.028144116000000004, 46.92033145799999], [0.028144116000000004, 46.92027740399999], [0.028630602, 46.92027740399999], [0.028630602, 46.920223349999986], [0.029063034, 46.920223349999986], [0.029063034, 46.92016929599999], [0.029549520000000003, 46.92016929599999], [0.029549520000000003, 46.92011524199999], [0.030036006000000004, 46.92011524199999], [0.030036006000000004, 46.92006118799999], [0.030522492000000002, 46.92006118799999], [0.030522492000000002, 46.92000713399999], [0.031008978000000003, 46.92000713399999], [0.031008978000000003, 46.91995307999999], [0.031495464, 46.91995307999999], [0.031495464, 46.91989902599999], [0.03198195, 46.91989902599999], [0.03198195, 46.919844971999986], [0.032414382000000005, 46.919844971999986], [0.032414382000000005, 46.91979091799999], [0.032900868, 46.91979091799999], [0.032900868, 46.91973686399999], [0.033387354, 46.91973686399999], [0.033387354, 46.91968280999999], [0.03360357, 46.91968280999999], [0.03360357, 46.919358485999986], [0.033657624000000004, 46.919358485999986], [0.033657624000000004, 46.918980107999985], [0.033387354, 46.918980107999985]]]}}, {"type": "Feature", "properties": {"id": "ftw-france-012", "country": "france", "source": "fields-of-the-world", "area_ha": 5.7853}, "geometry": {"type": "Polygon", "coordinates": [[[0.123801678, 46.721520846], [0.123801678, 46.7215749], [0.12369357, 46.7215749], [0.12369357, 46.721628953999996], [0.12358546200000001, 46.721628953999996], [0.12358546200000001, 46.721683008], [0.123477354, 46.721683008], [0.123477354, 46.721737061999995], [0.123369246, 46.721737061999995], [0.123369246, 46.721791116], [0.123261138, 46.721791116], [0.123261138, 46.721845169999995], [0.12315303, 46.721845169999995], [0.12315303, 46.721899224], [0.123044922, 46.721899224], [0.123044922, 46.721953278], [0.122936814, 46.721953278], [0.122936814, 46.722007332], [0.122828706, 46.722007332], [0.122828706, 46.722061386], [0.122720598, 46.722061386], [0.122720598, 46.722115439999996], [0.12261249, 46.722115439999996], [0.12261249, 46.722169494], [0.122504382, 46.722169494], [0.122504382, 46.722223547999995], [0.122396274, 46.722223547999995], [0.122396274, 46.722277602], [0.122288166, 46.722277602], [0.122288166, 46.72238571], [0.12234222, 46.72238571], [0.12234222, 46.722439764], [0.122396274, 46.722439764], [0.122396274, 46.722493818], [0.122450328, 46.722493818], [0.122450328, 46.722547872], [0.122504382, 46.722547872], [0.122504382, 46.72265598], [0.122558436, 46.72265598], [0.122558436, 46.722710033999995], [0.12261249, 46.722710033999995], [0.12261249, 46.722764088], [0.122666544, 46.722764088], [0.122666544, 46.722818141999994], [0.122720598, 46.722818141999994], [0.122720598, 46.722872196], [0.122774652, 46.722872196], [0.122774652, 46.72292625], [0.122828706, 46.72292625], [0.122828706, 46.722980304], [0.12288276000000001, 46.722980304], [0.12288276000000001, 46.723034358], [0.122936814, 46.723034358], [0.122936814, 46.723088411999996], [0.122990868, 46.723088411999996], [0.122990868, 46.723142466], [0.123044922, 46.723142466], [0.123044922, 46.723196519999995], [0.12315303, 46.723196519999995], [0.12315303, 46.723250574], [0.123207084, 46.723250574], [0.123207084, 46.723304628], [0.123261138, 46.723304628], [0.123261138, 46.723358682], [0.123315192, 46.723358682], [0.123315192, 46.723466789999996], [0.1234233, 46.723466789999996], [0.1234233, 46.723520844], [0.123477354, 46.723520844], [0.123477354, 46.723574897999995], [0.123531408, 46.723574897999995], [0.123531408, 46.723628952], [0.12358546200000001, 46.723628952], [0.12358546200000001, 46.723683006], [0.123639516, 46.723683006], [0.123639516, 46.72373706], [0.12369357, 46.72373706], [0.12369357, 46.723791114], [0.123747624, 46.723791114], [0.123747624, 46.723845168], [0.123801678, 46.723845168], [0.123801678, 46.723899222], [0.123855732, 46.723899222], [0.123855732, 46.723953275999996], [0.12390978600000001, 46.723953275999996], [0.12390978600000001, 46.72400733], [0.12396384, 46.72400733], [0.12396384, 46.724061383999995], [0.124017894, 46.724061383999995], [0.124017894, 46.724115438], [0.124071948, 46.724115438], [0.124071948, 46.724169492], [0.124126002, 46.724169492], [0.124126002, 46.724223546], [0.124180056, 46.724223546], [0.124180056, 46.7242776], [0.12423411000000001, 46.7242776], [0.12423411000000001, 46.724385708], [0.124288164, 46.724385708], [0.124288164, 46.724439761999996], [0.124342218, 46.724439761999996], [0.124342218, 46.724493816], [0.124396272, 46.724493816], [0.124396272, 46.724547869999995], [0.124450326, 46.724547869999995], [0.124450326, 46.724601924], [0.12450438, 46.724601924], [0.12450438, 46.724655978], [0.124558434, 46.724655978], [0.124558434, 46.724710032], [0.12461248800000001, 46.724710032], [0.12461248800000001, 46.724764086], [0.124720596, 46.724764086], [0.124720596, 46.724710032], [0.124828704, 46.724710032], [0.124828704, 46.724655978], [0.12493681200000001, 46.724655978], [0.12493681200000001, 46.724710032], [0.12504492, 46.724710032], [0.12504492, 46.724655978], [0.125153028, 46.724655978], [0.125153028, 46.724601924], [0.125261136, 46.724601924], [0.125261136, 46.724547869999995], [0.125369244, 46.724547869999995], [0.125369244, 46.724493816], [0.12547735200000001, 46.724493816], [0.12547735200000001, 46.724439761999996], [0.12558546, 46.724439761999996], [0.12558546, 46.724385708], [0.125693568, 46.724385708], [0.125693568, 46.724331654], [0.125801676, 46.724331654], [0.125801676, 46.7242776], [0.125909784, 46.7242776], [0.125909784, 46.724223546], [0.126017892, 46.724223546], [0.126017892, 46.724169492], [0.12612600000000002, 46.724169492], [0.12612600000000002, 46.724115438], [0.126180054, 46.724115438], [0.126180054, 46.724061383999995], [0.126234108, 46.724061383999995], [0.126234108, 46.723953275999996], [0.126288162, 46.723953275999996], [0.126288162, 46.723899222], [0.126342216, 46.723899222], [0.126342216, 46.723791114], [0.12639627, 46.723791114], [0.12639627, 46.72373706], [0.126450324, 46.72373706], [0.126450324, 46.723628952], [0.126504378, 46.723628952], [0.126504378, 46.723574897999995], [0.126558432, 46.723574897999995], [0.126558432, 46.723520844], [0.126450324, 46.723520844], [0.126450324, 46.723466789999996], [0.12639627, 46.723466789999996], [0.12639627, 46.723412736], [0.126342216, 46.723412736], [0.126342216, 46.723358682], [0.126234108, 46.723358682], [0.126234108, 46.723304628], [0.126180054, 46.723304628], [0.126180054, 46.723250574], [0.12612600000000002, 46.723250574], [0.12612600000000002, 46.723196519999995], [0.126017892, 46.723196519999995], [0.126017892, 46.723142466], [0.125963838, 46.723142466], [0.125963838, 46.723088411999996], [0.125909784, 46.723088411999996], [0.125909784, 46.723034358], [0.125801676, 46.723034358], [0.125801676, 46.722980304], [0.125747622, 46.722980304], [0.125747622, 46.72292625], [0.125693568, 46.72292625], [0.125693568, 46.722872196], [0.12558546, 46.722872196], [0.12558546, 46.722818141999994], [0.125531406, 46.722818141999994], [0.125531406, 46.722764088], [0.12547735200000001, 46.722764088], [0.12547735200000001, 46.722710033999995], [0.125369244, 46.722710033999995], [0.125369244, 46.72265598], [0.12531519, 46.72265598], [0.12531519, 46.722601925999996], [0.125261136, 46.722601925999996], [0.125261136, 46.722547872], [0.125153028, 46.722547872], [0.125153028, 46.722493818], [0.125098974, 46.722493818], [0.125098974, 46.722439764], [0.12504492, 46.722439764], [0.12504492, 46.72238571], [0.12493681200000001, 46.72238571], [0.12493681200000001, 46.722331655999994], [0.124882758, 46.722331655999994], [0.124882758, 46.722277602], [0.124828704, 46.722277602], [0.124828704, 46.722223547999995], [0.124720596, 46.722223547999995], [0.124720596, 46.722169494], [0.124666542, 46.722169494], [0.124666542, 46.722115439999996], [0.12461248800000001, 46.722115439999996], [0.12461248800000001, 46.722061386], [0.12450438, 46.722061386], [0.12450438, 46.722007332], [0.124450326, 46.722007332], [0.124450326, 46.721953278], [0.124396272, 46.721953278], [0.124396272, 46.721899224], [0.124288164, 46.721899224], [0.124288164, 46.721845169999995], [0.12423411000000001, 46.721845169999995], [0.12423411000000001, 46.721791116], [0.124180056, 46.721791116], [0.124180056, 46.721737061999995], [0.124071948, 46.721737061999995], [0.124071948, 46.721683008], [0.124017894, 46.721683008], [0.124017894, 46.721628953999996], [0.12396384, 46.721628953999996], [0.12396384, 46.7215749], [0.123855732, 46.7215749], [0.123855732, 46.721520846], [0.123801678, 46.721520846]]]}}, {"type": "Feature", "properties": {"id": "ftw-france-013", "country": "france", "source": "fields-of-the-world", "area_ha": 7.8657}, "geometry": {"type": "Polygon", "coordinates": [[[0.21956681805882353, 46.789827083999995], [0.21956681805882353, 46.78988113799999], [0.21940571594117647, 46.78988113799999], [0.21940571594117647, 46.789935191999994], [0.2192983145294118, 46.789935191999994], [0.2192983145294118, 46.78998924599999], [0.21919091311764707, 46.78998924599999], [0.21919091311764707, 46.790043299999994], [0.21902981100000002, 46.790043299999994], [0.21902981100000002, 46.790097354], [0.2189224095882353, 46.790097354], [0.2189224095882353, 46.79015140799999], [0.2188150081764706, 46.79015140799999], [0.2188150081764706, 46.790205461999996], [0.21865390605882354, 46.790205461999996], [0.21865390605882354, 46.79025951599999], [0.21854650464705883, 46.79025951599999], [0.21854650464705883, 46.790313569999995], [0.2184391032352941, 46.790313569999995], [0.2184391032352941, 46.79036762399999], [0.21833170182352943, 46.79036762399999], [0.21833170182352943, 46.790421677999994], [0.21822430041176472, 46.790421677999994], [0.21822430041176472, 46.79047573199999], [0.218116899, 46.79047573199999], [0.218116899, 46.79052978599999], [0.2180094975882353, 46.79052978599999], [0.2180094975882353, 46.79058384], [0.2179020961764706, 46.79058384], [0.2179020961764706, 46.79063789399999], [0.21774099405882355, 46.79063789399999], [0.21774099405882355, 46.790691947999996], [0.21763359264705884, 46.790691947999996], [0.21763359264705884, 46.79074600199999], [0.21752619123529413, 46.79074600199999], [0.21752619123529413, 46.790800055999995], [0.2174187898235294, 46.790800055999995], [0.2174187898235294, 46.79085410999999], [0.21731138841176473, 46.79085410999999], [0.21731138841176473, 46.790908163999994], [0.21715028629411764, 46.790908163999994], [0.21715028629411764, 46.79096221799999], [0.21704288488235296, 46.79096221799999], [0.21704288488235296, 46.791070325999996], [0.2170965855882353, 46.791070325999996], [0.2170965855882353, 46.791178433999995], [0.21715028629411764, 46.791178433999995], [0.21715028629411764, 46.79123248799999], [0.21720398700000002, 46.79123248799999], [0.21720398700000002, 46.791286541999995], [0.21725768770588236, 46.791286541999995], [0.21725768770588236, 46.791394649999994], [0.21731138841176473, 46.791394649999994], [0.21731138841176473, 46.791448704], [0.21736508911764707, 46.791448704], [0.21736508911764707, 46.79150275799999], [0.2174187898235294, 46.79150275799999], [0.2174187898235294, 46.79161086599999], [0.21747249052941178, 46.79161086599999], [0.21747249052941178, 46.791664919999995], [0.21752619123529413, 46.791664919999995], [0.21752619123529413, 46.79171897399999], [0.21757989194117647, 46.79171897399999], [0.21757989194117647, 46.791827082], [0.21763359264705884, 46.791827082], [0.21763359264705884, 46.79188113599999], [0.21768729335294118, 46.79188113599999], [0.21768729335294118, 46.79193519], [0.21774099405882355, 46.79193519], [0.21774099405882355, 46.792043297999996], [0.2177946947647059, 46.792043297999996], [0.2177946947647059, 46.79198924399999], [0.2179020961764706, 46.79198924399999], [0.2179020961764706, 46.79193519], [0.2180094975882353, 46.79193519], [0.2180094975882353, 46.79188113599999], [0.218116899, 46.79188113599999], [0.218116899, 46.79193519], [0.21817059970588237, 46.79193519], [0.21817059970588237, 46.79198924399999], [0.21822430041176472, 46.79198924399999], [0.21822430041176472, 46.792043297999996], [0.21827800111764706, 46.792043297999996], [0.21827800111764706, 46.79209735199999], [0.21833170182352943, 46.79209735199999], [0.21833170182352943, 46.792151405999995], [0.21838540252941177, 46.792151405999995], [0.21838540252941177, 46.792259513999994], [0.2184391032352941, 46.792259513999994], [0.2184391032352941, 46.792313568], [0.21849280394117648, 46.792313568], [0.21849280394117648, 46.79236762199999], [0.21854650464705883, 46.79236762199999], [0.21854650464705883, 46.792421676], [0.2186002053529412, 46.792421676], [0.2186002053529412, 46.79247572999999], [0.21865390605882354, 46.79247572999999], [0.21865390605882354, 46.792529783999996], [0.21870760676470588, 46.792529783999996], [0.21870760676470588, 46.79258383799999], [0.21876130747058825, 46.79258383799999], [0.21876130747058825, 46.792637891999995], [0.2188150081764706, 46.792637891999995], [0.2188150081764706, 46.79269194599999], [0.21886870888235294, 46.79269194599999], [0.21886870888235294, 46.792745999999994], [0.2189224095882353, 46.792745999999994], [0.2189224095882353, 46.79285410799999], [0.21897611029411765, 46.79285410799999], [0.21897611029411765, 46.792908161999996], [0.21902981100000002, 46.792908161999996], [0.21902981100000002, 46.79296221599999], [0.21908351170588236, 46.79296221599999], [0.21908351170588236, 46.793016269999995], [0.2191372124117647, 46.793016269999995], [0.2191372124117647, 46.79307032399999], [0.21924461382352942, 46.79307032399999], [0.21924461382352942, 46.793016269999995], [0.21935201523529413, 46.793016269999995], [0.21935201523529413, 46.79296221599999], [0.21945941664705884, 46.79296221599999], [0.21945941664705884, 46.792908161999996], [0.21956681805882353, 46.792908161999996], [0.21956681805882353, 46.79285410799999], [0.2197279201764706, 46.79285410799999], [0.2197279201764706, 46.792800054], [0.2198353215882353, 46.792800054], [0.2198353215882353, 46.792745999999994], [0.219942723, 46.792745999999994], [0.219942723, 46.79269194599999], [0.22005012441176472, 46.79269194599999], [0.22005012441176472, 46.792637891999995], [0.22021122652941177, 46.792637891999995], [0.22021122652941177, 46.79258383799999], [0.2203186279411765, 46.79258383799999], [0.2203186279411765, 46.792529783999996], [0.22042602935294117, 46.792529783999996], [0.22042602935294117, 46.79247572999999], [0.22053343076470588, 46.79247572999999], [0.22053343076470588, 46.792421676], [0.22069453288235294, 46.792421676], [0.22069453288235294, 46.79236762199999], [0.22080193429411765, 46.79236762199999], [0.22080193429411765, 46.792313568], [0.22090933570588236, 46.792313568], [0.22090933570588236, 46.792259513999994], [0.22101673711764708, 46.792259513999994], [0.22101673711764708, 46.79220545999999], [0.22112413852941176, 46.79220545999999], [0.22112413852941176, 46.792151405999995], [0.22123153994117647, 46.792151405999995], [0.22123153994117647, 46.79209735199999], [0.2213389413529412, 46.79209735199999], [0.2213389413529412, 46.792043297999996], [0.2214463427647059, 46.792043297999996], [0.2214463427647059, 46.79198924399999], [0.22155374417647059, 46.79198924399999], [0.22155374417647059, 46.79193519], [0.2216611455882353, 46.79193519], [0.2216611455882353, 46.79188113599999], [0.221768547, 46.79188113599999], [0.221768547, 46.791827082], [0.22182224770588235, 46.791827082], [0.22182224770588235, 46.791773027999994], [0.22187594841176472, 46.791773027999994], [0.22187594841176472, 46.79171897399999], [0.22192964911764707, 46.79171897399999], [0.22192964911764707, 46.791664919999995], [0.2219833498235294, 46.791664919999995], [0.2219833498235294, 46.79161086599999], [0.22203705052941178, 46.79161086599999], [0.22203705052941178, 46.791556811999996], [0.22209075123529412, 46.791556811999996], [0.22209075123529412, 46.79150275799999], [0.2221444519411765, 46.79150275799999], [0.2221444519411765, 46.791448704], [0.22219815264705883, 46.791448704], [0.22219815264705883, 46.791394649999994], [0.22225185335294118, 46.791394649999994], [0.22225185335294118, 46.79134059599999], [0.22230555405882355, 46.79134059599999], [0.22230555405882355, 46.791286541999995], [0.2223592547647059, 46.791286541999995], [0.2223592547647059, 46.79123248799999], [0.22225185335294118, 46.79123248799999], [0.22225185335294118, 46.791178433999995], [0.2221444519411765, 46.791178433999995], [0.2221444519411765, 46.79112437999999], [0.22203705052941178, 46.79112437999999], [0.22203705052941178, 46.791070325999996], [0.22192964911764707, 46.791070325999996], [0.22192964911764707, 46.79101627199999], [0.22182224770588235, 46.79101627199999], [0.22182224770588235, 46.79096221799999], [0.22171484629411767, 46.79096221799999], [0.22171484629411767, 46.790908163999994], [0.22160744488235296, 46.790908163999994], [0.22160744488235296, 46.79085410999999], [0.22150004347058824, 46.79085410999999], [0.22150004347058824, 46.790800055999995], [0.2214463427647059, 46.790800055999995], [0.2214463427647059, 46.79074600199999], [0.2213389413529412, 46.79074600199999], [0.2213389413529412, 46.790691947999996], [0.22123153994117647, 46.790691947999996], [0.22123153994117647, 46.79063789399999], [0.22117783923529413, 46.79063789399999], [0.22117783923529413, 46.79058384], [0.22107043782352942, 46.79058384], [0.22107043782352942, 46.79052978599999], [0.2209630364117647, 46.79052978599999], [0.2209630364117647, 46.79047573199999], [0.220855635, 46.79047573199999], [0.220855635, 46.790421677999994], [0.2207482335882353, 46.790421677999994], [0.2207482335882353, 46.79036762399999], [0.2206408321764706, 46.79036762399999], [0.2206408321764706, 46.790313569999995], [0.22053343076470588, 46.790313569999995], [0.22053343076470588, 46.79025951599999], [0.22042602935294117, 46.79025951599999], [0.22042602935294117, 46.790205461999996], [0.2203186279411765, 46.790205461999996], [0.2203186279411765, 46.79015140799999], [0.22021122652941177, 46.79015140799999], [0.22021122652941177, 46.790097354], [0.22015752582352943, 46.790097354], [0.22015752582352943, 46.790043299999994], [0.22005012441176472, 46.790043299999994], [0.22005012441176472, 46.78998924599999], [0.219942723, 46.78998924599999], [0.219942723, 46.789935191999994], [0.2198353215882353, 46.789935191999994], [0.2198353215882353, 46.78988113799999], [0.2197279201764706, 46.78988113799999], [0.2197279201764706, 46.789827083999995], [0.21956681805882353, 46.789827083999995]]]}}, {"type": "Feature", "properties": {"id": "ftw-germany-000", "country": "germany", "source": "fields-of-the-world", "area_ha": 0.2103}, "geometry": {"type": "Polygon", "coordinates": [[[13.688562888, 52.83293868794118], [13.688562888, 52.832992388647064], [13.688508833999999, 52.832992388647064], [13.688508833999999, 52.83304608935295], [13.688454779999999, 52.83304608935295], [13.688454779999999, 52.833099790058824], [13.688400726, 52.833099790058824], [13.688400726, 52.833260892176476], [13.688346672, 52.833260892176476], [13.688346672, 52.83331459288236], [13.688292617999998, 52.83331459288236], [13.688292617999998, 52.83336829358824], [13.688238563999999, 52.83336829358824], [13.688238563999999, 52.83342199429412], [13.68818451, 52.83342199429412], [13.68818451, 52.833475695000004], [13.687968294, 52.833475695000004], [13.687968294, 52.83352939570589], [13.687752077999999, 52.83352939570589], [13.687752077999999, 52.833583096411765], [13.68764397, 52.833583096411765], [13.68764397, 52.83363679711765], [13.688130456, 52.83363679711765], [13.688130456, 52.833583096411765], [13.688346672, 52.833583096411765], [13.688346672, 52.83352939570589], [13.688454779999999, 52.83352939570589], [13.688454779999999, 52.833475695000004], [13.688508833999999, 52.833475695000004], [13.688508833999999, 52.83342199429412], [13.688616942, 52.83342199429412], [13.688616942, 52.83336829358824], [13.688670995999999, 52.83336829358824], [13.688670995999999, 52.83331459288236], [13.688779103999998, 52.83331459288236], [13.688779103999998, 52.833260892176476], [13.688941265999999, 52.833260892176476], [13.688941265999999, 52.83320719147059], [13.688887212, 52.83320719147059], [13.688887212, 52.833099790058824], [13.688779103999998, 52.833099790058824], [13.688779103999998, 52.83304608935295], [13.688725049999999, 52.83304608935295], [13.688725049999999, 52.832992388647064], [13.688670995999999, 52.832992388647064], [13.688670995999999, 52.83293868794118], [13.688562888, 52.83293868794118]]]}}, {"type": "Feature", "properties": {"id": "ftw-germany-001", "country": "germany", "source": "fields-of-the-world", "area_ha": 0.2862}, "geometry": {"type": "Polygon", "coordinates": [[[13.678562898, 52.834925614058825], [13.678562898, 52.83497931476471], [13.678508844, 52.83497931476471], [13.678508844, 52.83503301547059], [13.67845479, 52.83503301547059], [13.67845479, 52.83508671617648], [13.678400736, 52.83508671617648], [13.678400736, 52.83514041688235], [13.678292628, 52.83514041688235], [13.678292628, 52.83519411758824], [13.67818452, 52.83519411758824], [13.67818452, 52.83524781829412], [13.678022358, 52.83524781829412], [13.678022358, 52.83535521970589], [13.678076412, 52.83535521970589], [13.678076412, 52.83546262111765], [13.678130465999999, 52.83546262111765], [13.678130465999999, 52.83557002252942], [13.67818452, 52.83557002252942], [13.67818452, 52.83551632182353], [13.678616951999999, 52.83551632182353], [13.678616951999999, 52.83546262111765], [13.679049383999999, 52.83546262111765], [13.679049383999999, 52.835408920411766], [13.679211546, 52.835408920411766], [13.679211546, 52.83535521970589], [13.679103438, 52.83535521970589], [13.679103438, 52.835301519000005], [13.679049383999999, 52.835301519000005], [13.679049383999999, 52.83524781829412], [13.67899533, 52.83524781829412], [13.67899533, 52.83519411758824], [13.678887222, 52.83519411758824], [13.678887222, 52.83514041688235], [13.678833167999999, 52.83514041688235], [13.678833167999999, 52.83508671617648], [13.678779114, 52.83508671617648], [13.678779114, 52.83503301547059], [13.678671006, 52.83503301547059], [13.678671006, 52.83497931476471], [13.678616951999999, 52.83497931476471], [13.678616951999999, 52.834925614058825], [13.678562898, 52.834925614058825]]]}}, {"type": "Feature", "properties": {"id": "ftw-germany-002", "country": "germany", "source": "fields-of-the-world", "area_ha": 0.4271}, "geometry": {"type": "Polygon", "coordinates": [[[13.680454787999999, 52.83304608935295], [13.680454787999999, 52.833099790058824], [13.680400734, 52.833099790058824], [13.680400734, 52.83315349076471], [13.68034668, 52.83315349076471], [13.68034668, 52.83320719147059], [13.680292626, 52.83320719147059], [13.680292626, 52.833260892176476], [13.680238571999999, 52.833260892176476], [13.680238571999999, 52.83331459288236], [13.680184517999999, 52.83331459288236], [13.680184517999999, 52.83336829358824], [13.680130464, 52.83336829358824], [13.680130464, 52.83342199429412], [13.68007641, 52.83342199429412], [13.68007641, 52.833475695000004], [13.680022356, 52.833475695000004], [13.680022356, 52.83352939570589], [13.679968301999999, 52.83352939570589], [13.679968301999999, 52.833583096411765], [13.679860194, 52.833583096411765], [13.679860194, 52.83363679711765], [13.67980614, 52.83363679711765], [13.67980614, 52.83369049782353], [13.679914248, 52.83369049782353], [13.679914248, 52.833744198529416], [13.680184517999999, 52.833744198529416], [13.680184517999999, 52.8337978992353], [13.680508842, 52.8337978992353], [13.680508842, 52.83385159994118], [13.680779112, 52.83385159994118], [13.680779112, 52.83390530064706], [13.680887219999999, 52.83390530064706], [13.680887219999999, 52.83385159994118], [13.680941274, 52.83385159994118], [13.680941274, 52.833475695000004], [13.680887219999999, 52.833475695000004], [13.680887219999999, 52.83336829358824], [13.680833166, 52.83336829358824], [13.680833166, 52.833260892176476], [13.680779112, 52.833260892176476], [13.680779112, 52.833099790058824], [13.680562896, 52.833099790058824], [13.680562896, 52.83304608935295], [13.680454787999999, 52.83304608935295]]]}}, {"type": "Feature", "properties": {"id": "ftw-germany-003", "country": "germany", "source": "fields-of-the-world", "area_ha": 0.678}, "geometry": {"type": "Polygon", "coordinates": [[[13.841932104, 52.74297428399999], [13.841932104, 52.74302833799999], [13.841499672, 52.74302833799999], [13.841499672, 52.74308239199999], [13.841067240000001, 52.74308239199999], [13.841067240000001, 52.743136445999994], [13.840851024000001, 52.743136445999994], [13.840851024000001, 52.74351482399999], [13.84079697, 52.74351482399999], [13.84079697, 52.74394725599999], [13.840959132, 52.74394725599999], [13.840959132, 52.74389320199999], [13.84133751, 52.74389320199999], [13.84133751, 52.74383914799999], [13.841769942, 52.74383914799999], [13.841769942, 52.74378509399999], [13.841932104, 52.74378509399999], [13.841932104, 52.74373103999999], [13.84187805, 52.74373103999999], [13.84187805, 52.74351482399999], [13.841823996, 52.74351482399999], [13.841823996, 52.74340671599999], [13.841932104, 52.74340671599999], [13.841932104, 52.74335266199999], [13.842040212, 52.74335266199999], [13.842040212, 52.74319049999999], [13.842094266, 52.74319049999999], [13.842094266, 52.74297428399999], [13.841932104, 52.74297428399999]]]}}, {"type": "Feature", "properties": {"id": "ftw-germany-004", "country": "germany", "source": "fields-of-the-world", "area_ha": 1.1405}, "geometry": {"type": "Polygon", "coordinates": [[[13.679752085999999, 52.833744198529416], [13.679752085999999, 52.8337978992353], [13.679698032, 52.8337978992353], [13.679698032, 52.83385159994118], [13.679643978, 52.83385159994118], [13.679643978, 52.83390530064706], [13.679589924, 52.83390530064706], [13.679589924, 52.833959001352945], [13.679481816, 52.833959001352945], [13.679481816, 52.83401270205883], [13.679427762, 52.83401270205883], [13.679427762, 52.83406640276471], [13.679373708, 52.83406640276471], [13.679373708, 52.83412010347059], [13.679319653999999, 52.83412010347059], [13.679319653999999, 52.83417380417647], [13.679265599999999, 52.83417380417647], [13.679265599999999, 52.83422750488236], [13.679211546, 52.83422750488236], [13.679211546, 52.83428120558824], [13.679157492, 52.83428120558824], [13.679157492, 52.834334906294124], [13.679103438, 52.834334906294124], [13.679103438, 52.834388607], [13.679049383999999, 52.834388607], [13.679049383999999, 52.83449600841177], [13.679157492, 52.83449600841177], [13.679157492, 52.83454970911765], [13.679265599999999, 52.83454970911765], [13.679265599999999, 52.834603409823536], [13.679373708, 52.834603409823536], [13.679373708, 52.83465711052941], [13.679481816, 52.83465711052941], [13.679481816, 52.8347108112353], [13.679589924, 52.8347108112353], [13.679589924, 52.83476451194118], [13.679698032, 52.83476451194118], [13.679698032, 52.834818212647065], [13.67980614, 52.834818212647065], [13.67980614, 52.83487191335295], [13.679914248, 52.83487191335295], [13.679914248, 52.834925614058825], [13.680022356, 52.834925614058825], [13.680022356, 52.83497931476471], [13.680130464, 52.83497931476471], [13.680130464, 52.83503301547059], [13.680238571999999, 52.83503301547059], [13.680238571999999, 52.83508671617648], [13.68034668, 52.83508671617648], [13.68034668, 52.83514041688235], [13.680454787999999, 52.83514041688235], [13.680454787999999, 52.83519411758824], [13.680508842, 52.83519411758824], [13.680508842, 52.834925614058825], [13.680562896, 52.834925614058825], [13.680562896, 52.83476451194118], [13.68061695, 52.83476451194118], [13.68061695, 52.83465711052941], [13.680671003999999, 52.83465711052941], [13.680671003999999, 52.83454970911765], [13.680725058, 52.83454970911765], [13.680725058, 52.834442307705885], [13.680779112, 52.834442307705885], [13.680779112, 52.83422750488236], [13.680833166, 52.83422750488236], [13.680833166, 52.83406640276471], [13.680887219999999, 52.83406640276471], [13.680887219999999, 52.833959001352945], [13.680779112, 52.833959001352945], [13.680779112, 52.83390530064706], [13.680508842, 52.83390530064706], [13.680508842, 52.83385159994118], [13.680184517999999, 52.83385159994118], [13.680184517999999, 52.8337978992353], [13.679914248, 52.8337978992353], [13.679914248, 52.833744198529416], [13.679752085999999, 52.833744198529416]]]}}, {"type": "Feature", "properties": {"id": "ftw-germany-005", "country": "germany", "source": "fields-of-the-world", "area_ha": 1.2641}, "geometry": {"type": "Polygon", "coordinates": [[[13.681860191999998, 52.832401680882356], [13.681860191999998, 52.83245538158824], [13.68142776, 52.83245538158824], [13.68142776, 52.83250908229412], [13.681157489999999, 52.83250908229412], [13.681157489999999, 52.83267018441177], [13.681103435999999, 52.83267018441177], [13.681103435999999, 52.83272388511765], [13.681049382, 52.83272388511765], [13.681049382, 52.83283128652941], [13.680995328, 52.83283128652941], [13.680995328, 52.83304608935295], [13.681049382, 52.83304608935295], [13.681049382, 52.833260892176476], [13.681103435999999, 52.833260892176476], [13.681103435999999, 52.833475695000004], [13.681157489999999, 52.833475695000004], [13.681157489999999, 52.833583096411765], [13.681589921999999, 52.833583096411765], [13.681589921999999, 52.83352939570589], [13.682346678, 52.83352939570589], [13.682346678, 52.833475695000004], [13.683265596, 52.833475695000004], [13.683265596, 52.83352939570589], [13.683698027999998, 52.83352939570589], [13.683698027999998, 52.833583096411765], [13.683968298, 52.833583096411765], [13.683968298, 52.83363679711765], [13.684184514, 52.83363679711765], [13.684184514, 52.83369049782353], [13.684725054, 52.83369049782353], [13.684725054, 52.833583096411765], [13.684671, 52.833583096411765], [13.684671, 52.83352939570589], [13.684454784, 52.83352939570589], [13.684454784, 52.833475695000004], [13.684184514, 52.833475695000004], [13.684184514, 52.83342199429412], [13.683968298, 52.83342199429412], [13.683968298, 52.83336829358824], [13.683752082, 52.83336829358824], [13.683752082, 52.83331459288236], [13.68331965, 52.83331459288236], [13.68331965, 52.833260892176476], [13.682616948, 52.833260892176476], [13.682616948, 52.83331459288236], [13.682130462, 52.83331459288236], [13.682130462, 52.83320719147059], [13.682076407999999, 52.83320719147059], [13.682076407999999, 52.832992388647064], [13.682130462, 52.832992388647064], [13.682130462, 52.832884987235296], [13.682184516, 52.832884987235296], [13.682184516, 52.83250908229412], [13.682130462, 52.83250908229412], [13.682130462, 52.832401680882356], [13.681860191999998, 52.832401680882356]]]}}, {"type": "Feature", "properties": {"id": "ftw-germany-006", "country": "germany", "source": "fields-of-the-world", "area_ha": 1.7107}, "geometry": {"type": "Polygon", "coordinates": [[[13.681157489999999, 52.83401270205883], [13.681157489999999, 52.83417380417647], [13.681103435999999, 52.83417380417647], [13.681103435999999, 52.83428120558824], [13.681049382, 52.83428120558824], [13.681049382, 52.834334906294124], [13.680941274, 52.834334906294124], [13.680941274, 52.834388607], [13.680887219999999, 52.834388607], [13.680887219999999, 52.83449600841177], [13.680833166, 52.83449600841177], [13.680833166, 52.834603409823536], [13.680779112, 52.834603409823536], [13.680779112, 52.8347108112353], [13.680725058, 52.8347108112353], [13.680725058, 52.83487191335295], [13.680671003999999, 52.83487191335295], [13.680671003999999, 52.835301519000005], [13.68061695, 52.835301519000005], [13.68061695, 52.835408920411766], [13.682454786, 52.835408920411766], [13.682454786, 52.83546262111765], [13.683427757999999, 52.83546262111765], [13.683427757999999, 52.83535521970589], [13.683481812, 52.83535521970589], [13.683481812, 52.83524781829412], [13.683535866, 52.83524781829412], [13.683535866, 52.83519411758824], [13.683643973999999, 52.83519411758824], [13.683643973999999, 52.83514041688235], [13.683698027999998, 52.83514041688235], [13.683698027999998, 52.83503301547059], [13.68358992, 52.83503301547059], [13.68358992, 52.83497931476471], [13.683427757999999, 52.83497931476471], [13.683427757999999, 52.834925614058825], [13.683265596, 52.834925614058825], [13.683265596, 52.83487191335295], [13.683157487999999, 52.83487191335295], [13.683157487999999, 52.834818212647065], [13.682995325999999, 52.834818212647065], [13.682995325999999, 52.83476451194118], [13.682292623999999, 52.83476451194118], [13.682292623999999, 52.8347108112353], [13.682076407999999, 52.8347108112353], [13.682076407999999, 52.83465711052941], [13.6819683, 52.83465711052941], [13.6819683, 52.834603409823536], [13.681752084, 52.834603409823536], [13.681752084, 52.83454970911765], [13.681643976, 52.83454970911765], [13.681643976, 52.83449600841177], [13.681535868, 52.83449600841177], [13.681535868, 52.834442307705885], [13.68142776, 52.834442307705885], [13.68142776, 52.834388607], [13.681373705999999, 52.834388607], [13.681373705999999, 52.83428120558824], [13.681319651999999, 52.83428120558824], [13.681319651999999, 52.83422750488236], [13.681265598, 52.83422750488236], [13.681265598, 52.83412010347059], [13.681211544, 52.83412010347059], [13.681211544, 52.83401270205883], [13.681157489999999, 52.83401270205883]]]}}, {"type": "Feature", "properties": {"id": "ftw-germany-007", "country": "germany", "source": "fields-of-the-world", "area_ha": 2.32}, "geometry": {"type": "Polygon", "coordinates": [[[13.68169803, 52.83369049782353], [13.68169803, 52.833744198529416], [13.681481814, 52.833744198529416], [13.681481814, 52.8337978992353], [13.68142776, 52.8337978992353], [13.68142776, 52.83385159994118], [13.681373705999999, 52.83385159994118], [13.681373705999999, 52.83390530064706], [13.681319651999999, 52.83390530064706], [13.681319651999999, 52.83412010347059], [13.681373705999999, 52.83412010347059], [13.681373705999999, 52.83428120558824], [13.68142776, 52.83428120558824], [13.68142776, 52.834334906294124], [13.681481814, 52.834334906294124], [13.681481814, 52.834388607], [13.681589921999999, 52.834388607], [13.681589921999999, 52.834442307705885], [13.681643976, 52.834442307705885], [13.681643976, 52.83449600841177], [13.681752084, 52.83449600841177], [13.681752084, 52.83454970911765], [13.6819683, 52.83454970911765], [13.6819683, 52.834603409823536], [13.682292623999999, 52.834603409823536], [13.682292623999999, 52.83465711052941], [13.682562894, 52.83465711052941], [13.682562894, 52.8347108112353], [13.682995325999999, 52.8347108112353], [13.682995325999999, 52.83476451194118], [13.683157487999999, 52.83476451194118], [13.683157487999999, 52.834818212647065], [13.68331965, 52.834818212647065], [13.68331965, 52.83487191335295], [13.683535866, 52.83487191335295], [13.683535866, 52.834925614058825], [13.683698027999998, 52.834925614058825], [13.683698027999998, 52.83497931476471], [13.683806136, 52.83497931476471], [13.683806136, 52.83508671617648], [13.683752082, 52.83508671617648], [13.683752082, 52.83514041688235], [13.683698027999998, 52.83514041688235], [13.683698027999998, 52.83519411758824], [13.683643973999999, 52.83519411758824], [13.683643973999999, 52.83524781829412], [13.68358992, 52.83524781829412], [13.68358992, 52.835301519000005], [13.683535866, 52.835301519000005], [13.683535866, 52.835408920411766], [13.683481812, 52.835408920411766], [13.683481812, 52.83546262111765], [13.683968298, 52.83546262111765], [13.683968298, 52.835408920411766], [13.684076405999999, 52.835408920411766], [13.684076405999999, 52.83535521970589], [13.684130459999999, 52.83535521970589], [13.684130459999999, 52.835301519000005], [13.684238568, 52.835301519000005], [13.684238568, 52.83524781829412], [13.684292622, 52.83524781829412], [13.684292622, 52.83519411758824], [13.68440073, 52.83519411758824], [13.68440073, 52.83514041688235], [13.684454784, 52.83514041688235], [13.684454784, 52.83508671617648], [13.684508838, 52.83508671617648], [13.684508838, 52.83503301547059], [13.684616945999998, 52.83503301547059], [13.684616945999998, 52.83497931476471], [13.684671, 52.83497931476471], [13.684671, 52.834925614058825], [13.684725054, 52.834925614058825], [13.684725054, 52.83487191335295], [13.684833161999999, 52.83487191335295], [13.684833161999999, 52.834818212647065], [13.684887216, 52.834818212647065], [13.684887216, 52.83476451194118], [13.68494127, 52.83476451194118], [13.68494127, 52.8347108112353], [13.685049377999999, 52.8347108112353], [13.685049377999999, 52.83465711052941], [13.685103432, 52.83465711052941], [13.685103432, 52.834603409823536], [13.685157486, 52.834603409823536], [13.685157486, 52.83454970911765], [13.685265593999999, 52.83454970911765], [13.685265593999999, 52.83449600841177], [13.685319648, 52.83449600841177], [13.685319648, 52.834388607], [13.685265593999999, 52.834388607], [13.685265593999999, 52.834334906294124], [13.68521154, 52.834334906294124], [13.68521154, 52.83422750488236], [13.685157486, 52.83422750488236], [13.685157486, 52.83417380417647], [13.685103432, 52.83417380417647], [13.685103432, 52.83406640276471], [13.685049377999999, 52.83406640276471], [13.685049377999999, 52.833959001352945], [13.684995323999999, 52.833959001352945], [13.684995323999999, 52.83390530064706], [13.684616945999998, 52.83390530064706], [13.684616945999998, 52.83385159994118], [13.684292622, 52.83385159994118], [13.684292622, 52.8337978992353], [13.684076405999999, 52.8337978992353], [13.684076405999999, 52.83385159994118], [13.684022352, 52.83385159994118], [13.684022352, 52.83390530064706], [13.683968298, 52.83390530064706], [13.683968298, 52.833959001352945], [13.683860189999999, 52.833959001352945], [13.683860189999999, 52.83401270205883], [13.683806136, 52.83401270205883], [13.683806136, 52.83406640276471], [13.683752082, 52.83406640276471], [13.683752082, 52.83412010347059], [13.683643973999999, 52.83412010347059], [13.683643973999999, 52.83417380417647], [13.68358992, 52.83417380417647], [13.68358992, 52.83422750488236], [13.683481812, 52.83422750488236], [13.683481812, 52.83428120558824], [13.683373704, 52.83428120558824], [13.683373704, 52.834334906294124], [13.68331965, 52.834334906294124], [13.68331965, 52.834388607], [13.683265596, 52.834388607], [13.683265596, 52.834442307705885], [13.683157487999999, 52.834442307705885], [13.683157487999999, 52.834388607], [13.682941271999999, 52.834388607], [13.682941271999999, 52.834334906294124], [13.682671002, 52.834334906294124], [13.682671002, 52.83428120558824], [13.682562894, 52.83428120558824], [13.682562894, 52.83422750488236], [13.682508839999999, 52.83422750488236], [13.682508839999999, 52.83417380417647], [13.682400732, 52.83417380417647], [13.682400732, 52.83412010347059], [13.682292623999999, 52.83412010347059], [13.682292623999999, 52.83406640276471], [13.682238569999999, 52.83406640276471], [13.682238569999999, 52.83401270205883], [13.682130462, 52.83401270205883], [13.682130462, 52.833959001352945], [13.682076407999999, 52.833959001352945], [13.682076407999999, 52.83390530064706], [13.6819683, 52.83390530064706], [13.6819683, 52.83385159994118], [13.681914246, 52.83385159994118], [13.681914246, 52.833744198529416], [13.681860191999998, 52.833744198529416], [13.681860191999998, 52.83369049782353], [13.68169803, 52.83369049782353]]]}}, {"type": "Feature", "properties": {"id": "ftw-germany-008", "country": "germany", "source": "fields-of-the-world", "area_ha": 8.1335}, "geometry": {"type": "Polygon", "coordinates": [[[14.068130076000001, 52.51899252599999], [14.068130076000001, 52.519100634], [14.06818413, 52.519100634], [14.06818413, 52.519208742], [14.068238184, 52.519208742], [14.068238184, 52.519316849999996], [14.068292238000002, 52.519316849999996], [14.068292238000002, 52.519424957999995], [14.068346292000001, 52.519424957999995], [14.068346292000001, 52.51958712], [14.068400346, 52.51958712], [14.068400346, 52.519695227999996], [14.0684544, 52.519695227999996], [14.0684544, 52.519803335999995], [14.068508454000002, 52.519803335999995], [14.068508454000002, 52.519911443999995], [14.068562508000001, 52.519911443999995], [14.068562508000001, 52.520019551999994], [14.068616562, 52.520019551999994], [14.068616562, 52.52012765999999], [14.068670616, 52.52012765999999], [14.068670616, 52.52023576799999], [14.06872467, 52.52023576799999], [14.06872467, 52.520343876], [14.068778724000001, 52.520343876], [14.068778724000001, 52.520451984], [14.068832778, 52.520451984], [14.068832778, 52.52050603799999], [14.068886832, 52.52050603799999], [14.068886832, 52.520560092], [14.068940886, 52.520560092], [14.068940886, 52.52061414599999], [14.068994940000001, 52.52061414599999], [14.068994940000001, 52.520668199999996], [14.069103048, 52.520668199999996], [14.069103048, 52.52072225399999], [14.069211156000001, 52.52072225399999], [14.069211156000001, 52.520776307999995], [14.069265210000001, 52.520776307999995], [14.069265210000001, 52.520830362], [14.069319264, 52.520830362], [14.069319264, 52.520884415999994], [14.069373318, 52.520884415999994], [14.069373318, 52.52099252399999], [14.069427372, 52.52099252399999], [14.069427372, 52.521046577999996], [14.069481426000001, 52.521046577999996], [14.069481426000001, 52.52110063199999], [14.069589534, 52.52110063199999], [14.069589534, 52.521154685999996], [14.069697642000001, 52.521154685999996], [14.069697642000001, 52.52120873999999], [14.06980575, 52.52120873999999], [14.06980575, 52.521262793999995], [14.069913858000001, 52.521262793999995], [14.069913858000001, 52.521316848], [14.069967912000001, 52.521316848], [14.069967912000001, 52.521370901999994], [14.07007602, 52.521370901999994], [14.07007602, 52.521424956], [14.070184128000001, 52.521424956], [14.070184128000001, 52.52147900999999], [14.070238182, 52.52147900999999], [14.070238182, 52.521533063999996], [14.07034629, 52.521533063999996], [14.07034629, 52.52158711799999], [14.070454398, 52.52158711799999], [14.070454398, 52.521641171999995], [14.070616560000001, 52.521641171999995], [14.070616560000001, 52.521695226], [14.070832776000001, 52.521695226], [14.070832776000001, 52.521749279999995], [14.070940884, 52.521749279999995], [14.070940884, 52.521803334], [14.0711571, 52.521803334], [14.0711571, 52.521857387999994], [14.07142737, 52.521857387999994], [14.07142737, 52.521911442], [14.07169764, 52.521911442], [14.07169764, 52.52196549599999], [14.071967910000001, 52.52196549599999], [14.071967910000001, 52.521911442], [14.072346288, 52.521911442], [14.072346288, 52.52196549599999], [14.072886828000001, 52.52196549599999], [14.072886828000001, 52.521533063999996], [14.072940882000001, 52.521533063999996], [14.072940882000001, 52.520668199999996], [14.072994936, 52.520668199999996], [14.072994936, 52.519316849999996], [14.07304899, 52.519316849999996], [14.07304899, 52.519208742], [14.072724666000001, 52.519208742], [14.072724666000001, 52.51915468799999], [14.071859802, 52.51915468799999], [14.071859802, 52.519100634], [14.070670614, 52.519100634], [14.070670614, 52.519046579999994], [14.06953548, 52.519046579999994], [14.06953548, 52.51899252599999], [14.068130076000001, 52.51899252599999]], [[14.070886830000001, 52.520451984], [14.070994938, 52.520451984], [14.070994938, 52.520560092], [14.070886830000001, 52.520560092], [14.070886830000001, 52.520451984]]]}}, {"type": "Feature", "properties": {"id": "ftw-germany-009", "country": "germany", "source": "fields-of-the-world", "area_ha": 22.7288}, "geometry": {"type": "Polygon", "coordinates": [[[13.838094270000001, 52.740055367999986], [13.838094270000001, 52.74010942199999], [13.837986162, 52.74010942199999], [13.837986162, 52.74016347599999], [13.837878054, 52.74016347599999], [13.837878054, 52.74021752999999], [13.837824000000001, 52.74021752999999], [13.837824000000001, 52.74027158399999], [13.837769946, 52.74027158399999], [13.837769946, 52.74032563799999], [13.837715892, 52.74032563799999], [13.837715892, 52.74037969199999], [13.837661838, 52.74037969199999], [13.837661838, 52.74043374599999], [13.837607784000001, 52.74043374599999], [13.837607784000001, 52.74048779999999], [13.83755373, 52.74048779999999], [13.83755373, 52.740541853999986], [13.837499676, 52.740541853999986], [13.837499676, 52.74064996199999], [13.837445622, 52.74064996199999], [13.837445622, 52.74070401599999], [13.837391568000001, 52.74070401599999], [13.837391568000001, 52.74075806999999], [13.837337514, 52.74075806999999], [13.837337514, 52.74081212399999], [13.83728346, 52.74081212399999], [13.83728346, 52.74086617799999], [13.837229406, 52.74086617799999], [13.837229406, 52.740920231999986], [13.837175352000001, 52.740920231999986], [13.837175352000001, 52.74097428599999], [13.837121298, 52.74097428599999], [13.837121298, 52.74102833999999], [13.837067244, 52.74102833999999], [13.837067244, 52.74108239399999], [13.83701319, 52.74108239399999], [13.83701319, 52.74113644799999], [13.836959136, 52.74113644799999], [13.836959136, 52.74119050199999], [13.836905082000001, 52.74119050199999], [13.836905082000001, 52.74124455599999], [13.836851028, 52.74124455599999], [13.836851028, 52.74129860999999], [13.836796974, 52.74129860999999], [13.836796974, 52.74135266399999], [13.83674292, 52.74135266399999], [13.83674292, 52.74140671799999], [13.836688866000001, 52.74140671799999], [13.836688866000001, 52.74146077199999], [13.836634812, 52.74146077199999], [13.836634812, 52.74151482599999], [13.836580758, 52.74151482599999], [13.836580758, 52.74156887999999], [13.836526704, 52.74156887999999], [13.836526704, 52.74162293399999], [13.836472650000001, 52.74162293399999], [13.836472650000001, 52.74167698799999], [13.836418596, 52.74167698799999], [13.836418596, 52.74178509599999], [13.836364542, 52.74178509599999], [13.836364542, 52.74183914999999], [13.836310488, 52.74183914999999], [13.836310488, 52.74189320399999], [13.836256434000001, 52.74189320399999], [13.836256434000001, 52.74194725799999], [13.836202380000001, 52.74194725799999], [13.836202380000001, 52.74200131199999], [13.836148326, 52.74200131199999], [13.836148326, 52.74205536599999], [13.836094272, 52.74205536599999], [13.836094272, 52.74210941999999], [13.836040218, 52.74210941999999], [13.836040218, 52.74216347399999], [13.835986164000001, 52.74216347399999], [13.835986164000001, 52.74221752799999], [13.83593211, 52.74221752799999], [13.83593211, 52.74227158199999], [13.835878056, 52.74227158199999], [13.835878056, 52.74232563599999], [13.835824002, 52.74232563599999], [13.835824002, 52.74237968999999], [13.835769948000001, 52.74237968999999], [13.835769948000001, 52.74243374399999], [13.835715894, 52.74243374399999], [13.835715894, 52.74248779799999], [13.83566184, 52.74248779799999], [13.83566184, 52.74254185199999], [13.835607786, 52.74254185199999], [13.835607786, 52.74259590599999], [13.835553732000001, 52.74259590599999], [13.835553732000001, 52.74264995999999], [13.835499678, 52.74264995999999], [13.835499678, 52.74270401399999], [13.835445624, 52.74270401399999], [13.835445624, 52.74275806799999], [13.83539157, 52.74275806799999], [13.83539157, 52.74281212199999], [13.835337516000001, 52.74281212199999], [13.835337516000001, 52.74286617599999], [13.835283462000001, 52.74286617599999], [13.835283462000001, 52.74292022999999], [13.835229408, 52.74292022999999], [13.835229408, 52.74297428399999], [13.835175354, 52.74297428399999], [13.835175354, 52.74302833799999], [13.8351213, 52.74302833799999], [13.8351213, 52.74308239199999], [13.835067246000001, 52.74308239199999], [13.835067246000001, 52.743136445999994], [13.835013192, 52.743136445999994], [13.835013192, 52.74324455399999], [13.834959138, 52.74324455399999], [13.834959138, 52.74329860799999], [13.834905084, 52.74329860799999], [13.834905084, 52.74335266199999], [13.834851030000001, 52.74335266199999], [13.834851030000001, 52.74346076999999], [13.834796976, 52.74346076999999], [13.834796976, 52.74356887799999], [13.834742922, 52.74356887799999], [13.834742922, 52.74367698599999], [13.834688868, 52.74367698599999], [13.834688868, 52.74378509399999], [13.834634814000001, 52.74378509399999], [13.834634814000001, 52.74389320199999], [13.83458076, 52.74389320199999], [13.83458076, 52.74394725599999], [13.834526706, 52.74394725599999], [13.834526706, 52.74405536399999], [13.834472652, 52.74405536399999], [13.834472652, 52.74416347199999], [13.834418598000001, 52.74416347199999], [13.834418598000001, 52.74427157999999], [13.834364544000001, 52.74427157999999], [13.834364544000001, 52.74437968799999], [13.83431049, 52.74437968799999], [13.83431049, 52.74454184999999], [13.834256436, 52.74454184999999], [13.834256436, 52.74464995799999], [13.834202382, 52.74464995799999], [13.834202382, 52.74475806599999], [13.834148328000001, 52.74475806599999], [13.834148328000001, 52.744866173999995], [13.834094274, 52.744866173999995], [13.834094274, 52.744974281999994], [13.83404022, 52.744974281999994], [13.83404022, 52.74508238999999], [13.833986166, 52.74508238999999], [13.833986166, 52.74519049799999], [13.833932112000001, 52.74519049799999], [13.833932112000001, 52.74529860599999], [13.833878058, 52.74529860599999], [13.833878058, 52.74540671399999], [13.833824004, 52.74540671399999], [13.833824004, 52.74551482199999], [13.83376995, 52.74551482199999], [13.83376995, 52.74562292999999], [13.833715896000001, 52.74562292999999], [13.833715896000001, 52.74573103799999], [13.833661842000001, 52.74573103799999], [13.833661842000001, 52.745839145999994], [13.833607788, 52.745839145999994], [13.833607788, 52.745947253999994], [13.833553734, 52.745947253999994], [13.833553734, 52.74605536199999], [13.833499680000001, 52.74605536199999], [13.833499680000001, 52.74616346999999], [13.833445626000001, 52.74616346999999], [13.833445626000001, 52.74627157799999], [13.833391572, 52.74627157799999], [13.833391572, 52.74637968599999], [13.833337518, 52.74637968599999], [13.833337518, 52.74648779399999], [13.833283464, 52.74648779399999], [13.833283464, 52.746595901999996], [13.833229410000001, 52.746595901999996], [13.833229410000001, 52.746704009999995], [13.833175356, 52.746704009999995], [13.833175356, 52.74686617199999], [13.833121302, 52.74686617199999], [13.833121302, 52.74697427999999], [13.833067248, 52.74697427999999], [13.833067248, 52.747082387999995], [13.833013194000001, 52.747082387999995], [13.833013194000001, 52.747190495999995], [13.83295914, 52.747190495999995], [13.83295914, 52.747298603999994], [13.832905086, 52.747298603999994], [13.832905086, 52.74740671199999], [13.832851032, 52.74740671199999], [13.832851032, 52.74751481999999], [13.832796978000001, 52.74751481999999], [13.832796978000001, 52.74762292799999], [13.832742924000001, 52.74762292799999], [13.832742924000001, 52.74773103599999], [13.83268887, 52.74773103599999], [13.83268887, 52.74783914399999], [13.832634816, 52.74783914399999], [13.832634816, 52.747947251999996], [13.832580762000001, 52.747947251999996], [13.832580762000001, 52.748055359999995], [13.832526708000001, 52.748055359999995], [13.832526708000001, 52.748163467999994], [13.832472654, 52.748163467999994], [13.832472654, 52.74827157599999], [13.8324186, 52.74827157599999], [13.8324186, 52.74837968399999], [13.832364546, 52.74837968399999], [13.832364546, 52.74848779199999], [13.832310492000001, 52.74848779199999], [13.832310492000001, 52.74859589999999], [13.832256438, 52.74859589999999], [13.832256438, 52.74870400799999], [13.832202384, 52.74870400799999], [13.832202384, 52.748812115999996], [13.83214833, 52.748812115999996], [13.83214833, 52.748920223999995], [13.832094276000001, 52.748920223999995], [13.832094276000001, 52.749028331999995], [13.832040222, 52.749028331999995], [13.832040222, 52.749136439999994], [13.831986168, 52.749136439999994], [13.831986168, 52.74924454799999], [13.831932114, 52.74924454799999], [13.831932114, 52.74935265599999], [13.831878060000001, 52.74935265599999], [13.831878060000001, 52.74946076399999], [13.831824006000002, 52.74946076399999], [13.831824006000002, 52.74956887199999], [13.831932114, 52.74956887199999], [13.831932114, 52.749622925999994], [13.832310492000001, 52.749622925999994], [13.832310492000001, 52.74967698], [13.83268887, 52.74967698], [13.83268887, 52.74973103399999], [13.833067248, 52.74973103399999], [13.833067248, 52.749785087999996], [13.833445626000001, 52.749785087999996], [13.833445626000001, 52.74983914199999], [13.833824004, 52.74983914199999], [13.833824004, 52.749893195999995], [13.834364544000001, 52.749893195999995], [13.834364544000001, 52.74994724999999], [13.834526706, 52.74994724999999], [13.834526706, 52.750055358], [13.834472652, 52.750055358], [13.834472652, 52.750163466], [13.834418598000001, 52.750163466], [13.834418598000001, 52.750271573999996], [13.834364544000001, 52.750271573999996], [13.834364544000001, 52.75043373599999], [13.83431049, 52.75043373599999], [13.83431049, 52.750541844], [13.834256436, 52.750541844], [13.834256436, 52.750649951999996], [13.834202382, 52.750649951999996], [13.834202382, 52.75081211399999], [13.834148328000001, 52.75081211399999], [13.834148328000001, 52.75092022199999], [13.834094274, 52.75092022199999], [13.834094274, 52.75102833], [13.83404022, 52.75102833], [13.83404022, 52.75108238399999], [13.834148328000001, 52.75108238399999], [13.834148328000001, 52.751136437999996], [13.834472652, 52.751136437999996], [13.834472652, 52.75119049199999], [13.834796976, 52.75119049199999], [13.834796976, 52.751244545999995], [13.834905084, 52.751244545999995], [13.834905084, 52.75108238399999], [13.834959138, 52.75108238399999], [13.834959138, 52.750974275999994], [13.835013192, 52.750974275999994], [13.835013192, 52.75081211399999], [13.835067246000001, 52.75081211399999], [13.835067246000001, 52.750649951999996], [13.8351213, 52.750649951999996], [13.8351213, 52.750541844], [13.835175354, 52.750541844], [13.835175354, 52.750379681999995], [13.835229408, 52.750379681999995], [13.835229408, 52.75021751999999], [13.835283462000001, 52.75021751999999], [13.835283462000001, 52.75010941199999], [13.835337516000001, 52.75010941199999], [13.835337516000001, 52.74994724999999], [13.83539157, 52.74994724999999], [13.83539157, 52.74983914199999], [13.835445624, 52.74983914199999], [13.835445624, 52.74973103399999], [13.835499678, 52.74973103399999], [13.835499678, 52.74956887199999], [13.835553732000001, 52.74956887199999], [13.835553732000001, 52.74946076399999], [13.835607786, 52.74946076399999], [13.835607786, 52.749298601999996], [13.83566184, 52.749298601999996], [13.83566184, 52.74919049399999], [13.835715894, 52.74919049399999], [13.835715894, 52.749028331999995], [13.835769948000001, 52.749028331999995], [13.835769948000001, 52.74886616999999], [13.835824002, 52.74886616999999], [13.835824002, 52.74875806199999], [13.835878056, 52.74875806199999], [13.835878056, 52.74859589999999], [13.83593211, 52.74859589999999], [13.83593211, 52.74848779199999], [13.835986164000001, 52.74848779199999], [13.835986164000001, 52.74832563], [13.836040218, 52.74832563], [13.836040218, 52.74821752199999], [13.836094272, 52.74821752199999], [13.836094272, 52.748055359999995], [13.836148326, 52.748055359999995], [13.836148326, 52.747947251999996], [13.836202380000001, 52.747947251999996], [13.836202380000001, 52.747785089999994], [13.836256434000001, 52.747785089999994], [13.836256434000001, 52.747676981999994], [13.836310488, 52.747676981999994], [13.836310488, 52.74751481999999], [13.836364542, 52.74751481999999], [13.836364542, 52.74735265799999], [13.836418596, 52.74735265799999], [13.836418596, 52.74724454999999], [13.836472650000001, 52.74724454999999], [13.836472650000001, 52.747082387999995], [13.836526704, 52.747082387999995], [13.836526704, 52.74697427999999], [13.836580758, 52.74697427999999], [13.836580758, 52.746812117999994], [13.836634812, 52.746812117999994], [13.836634812, 52.746704009999995], [13.836688866000001, 52.746704009999995], [13.836688866000001, 52.74654184799999], [13.83674292, 52.74654184799999], [13.83674292, 52.74637968599999], [13.836796974, 52.74637968599999], [13.836796974, 52.74627157799999], [13.836851028, 52.74627157799999], [13.836851028, 52.74610941599999], [13.836905082000001, 52.74610941599999], [13.836905082000001, 52.74600130799999], [13.836959136, 52.74600130799999], [13.836959136, 52.745839145999994], [13.83701319, 52.745839145999994], [13.83701319, 52.74562292999999], [13.836959136, 52.74562292999999], [13.836959136, 52.745352659999995], [13.83701319, 52.745352659999995], [13.83701319, 52.74529860599999], [13.837067244, 52.74529860599999], [13.837067244, 52.74519049799999], [13.837121298, 52.74519049799999], [13.837121298, 52.74513644399999], [13.837175352000001, 52.74513644399999], [13.837175352000001, 52.74508238999999], [13.83728346, 52.74508238999999], [13.83728346, 52.74502833599999], [13.837337514, 52.74502833599999], [13.837337514, 52.74492022799999], [13.837391568000001, 52.74492022799999], [13.837391568000001, 52.74481211999999], [13.837445622, 52.74481211999999], [13.837445622, 52.74464995799999], [13.837499676, 52.74464995799999], [13.837499676, 52.74454184999999], [13.83755373, 52.74454184999999], [13.83755373, 52.74437968799999], [13.837607784000001, 52.74437968799999], [13.837607784000001, 52.74421752599999], [13.837661838, 52.74421752599999], [13.837661838, 52.744109417999994], [13.837715892, 52.744109417999994], [13.837715892, 52.74394725599999], [13.837769946, 52.74394725599999], [13.837769946, 52.74383914799999], [13.837824000000001, 52.74383914799999], [13.837824000000001, 52.74367698599999], [13.837878054, 52.74367698599999], [13.837878054, 52.74356887799999], [13.837932108, 52.74356887799999], [13.837932108, 52.74340671599999], [13.837986162, 52.74340671599999], [13.837986162, 52.74329860799999], [13.838040216, 52.74329860799999], [13.838040216, 52.743136445999994], [13.838094270000001, 52.743136445999994], [13.838094270000001, 52.74302833799999], [13.838148324, 52.74302833799999], [13.838148324, 52.74286617599999], [13.838202378, 52.74286617599999], [13.838202378, 52.74270401399999], [13.838256432, 52.74270401399999], [13.838256432, 52.74259590599999], [13.838310486000001, 52.74259590599999], [13.838310486000001, 52.74243374399999], [13.83836454, 52.74243374399999], [13.83836454, 52.74232563599999], [13.838418594, 52.74232563599999], [13.838418594, 52.74216347399999], [13.838472648, 52.74216347399999], [13.838472648, 52.74205536599999], [13.838526702000001, 52.74205536599999], [13.838526702000001, 52.74189320399999], [13.838580756, 52.74189320399999], [13.838580756, 52.74178509599999], [13.83863481, 52.74178509599999], [13.83863481, 52.74162293399999], [13.838688864, 52.74162293399999], [13.838688864, 52.74146077199999], [13.838742918000001, 52.74146077199999], [13.838742918000001, 52.74135266399999], [13.838796972, 52.74135266399999], [13.838796972, 52.74119050199999], [13.838851026, 52.74119050199999], [13.838851026, 52.74108239399999], [13.83890508, 52.74108239399999], [13.83890508, 52.74097428599999], [13.839013188000001, 52.74097428599999], [13.839013188000001, 52.740920231999986], [13.83917535, 52.740920231999986], [13.83917535, 52.74086617799999], [13.839283458, 52.74086617799999], [13.839283458, 52.74081212399999], [13.839391566, 52.74081212399999], [13.839391566, 52.74075806999999], [13.839553728, 52.74075806999999], [13.839553728, 52.74070401599999], [13.839661836000001, 52.74070401599999], [13.839661836000001, 52.74059590799999], [13.839607782, 52.74059590799999], [13.839607782, 52.740541853999986], [13.839499674, 52.740541853999986], [13.839499674, 52.74048779999999], [13.839445620000001, 52.74048779999999], [13.839445620000001, 52.74043374599999], [13.839391566, 52.74043374599999], [13.839391566, 52.74037969199999], [13.839337512, 52.74037969199999], [13.839337512, 52.74032563799999], [13.839283458, 52.74032563799999], [13.839283458, 52.74027158399999], [13.83917535, 52.74027158399999], [13.83917535, 52.74021752999999], [13.839121296, 52.74021752999999], [13.839121296, 52.74016347599999], [13.839067242, 52.74016347599999], [13.839067242, 52.74010942199999], [13.839013188000001, 52.74010942199999], [13.839013188000001, 52.74016347599999], [13.83890508, 52.74016347599999], [13.83890508, 52.74021752999999], [13.838796972, 52.74021752999999], [13.838796972, 52.74027158399999], [13.838688864, 52.74027158399999], [13.838688864, 52.74032563799999], [13.838580756, 52.74032563799999], [13.838580756, 52.74037969199999], [13.838472648, 52.74037969199999], [13.838472648, 52.74032563799999], [13.838418594, 52.74032563799999], [13.838418594, 52.74027158399999], [13.838310486000001, 52.74027158399999], [13.838310486000001, 52.74021752999999], [13.838256432, 52.74021752999999], [13.838256432, 52.74016347599999], [13.838202378, 52.74016347599999], [13.838202378, 52.74010942199999], [13.838148324, 52.74010942199999], [13.838148324, 52.740055367999986], [13.838094270000001, 52.740055367999986]]]}}, {"type": "Feature", "properties": {"id": "ftw-india-000", "country": "india", "source": "fields-of-the-world", "area_ha": 0.2054}, "geometry": {"type": "Polygon", "coordinates": [[[79.61290007258822, 10.574642490176469], [79.61290007258822, 10.574696897470588], [79.61278913823527, 10.574696897470588], [79.61278913823527, 10.574968933941175], [79.61284460541175, 10.574968933941175], [79.61284460541175, 10.575186563117647], [79.6131219412941, 10.575186563117647], [79.6131219412941, 10.575132155823528], [79.61317740847058, 10.575132155823528], [79.61317740847058, 10.574860119352941], [79.6131219412941, 10.574860119352941], [79.6131219412941, 10.574696897470588], [79.61295553976468, 10.574696897470588], [79.61295553976468, 10.574642490176469], [79.61290007258822, 10.574642490176469]]]}}, {"type": "Feature", "properties": {"id": "ftw-india-001", "country": "india", "source": "fields-of-the-world", "area_ha": 0.2164}, "geometry": {"type": "Polygon", "coordinates": [[[79.61290007258822, 10.575240970411764], [79.61290007258822, 10.57578504335294], [79.61301100694116, 10.57578504335294], [79.61301100694116, 10.575730636058823], [79.61328834282351, 10.575730636058823], [79.61328834282351, 10.57556741417647], [79.61323287564704, 10.57556741417647], [79.61323287564704, 10.575240970411764], [79.61290007258822, 10.575240970411764]]]}}, {"type": "Feature", "properties": {"id": "ftw-india-002", "country": "india", "source": "fields-of-the-world", "area_ha": 0.2421}, "geometry": {"type": "Polygon", "coordinates": [[[79.61339927717646, 10.57578504335294], [79.61339927717646, 10.57600267252941], [79.61345474435292, 10.57600267252941], [79.61345474435292, 10.576220301705881], [79.61384301458821, 10.576220301705881], [79.61384301458821, 10.576165894411764], [79.61389848176469, 10.576165894411764], [79.61389848176469, 10.575839450647058], [79.61384301458821, 10.575839450647058], [79.61384301458821, 10.57578504335294], [79.61339927717646, 10.57578504335294]]]}}, {"type": "Feature", "properties": {"id": "ftw-india-003", "country": "india", "source": "fields-of-the-world", "area_ha": 0.2788}, "geometry": {"type": "Polygon", "coordinates": [[[79.61345474435292, 10.575186563117647], [79.61345474435292, 10.575240970411764], [79.61328834282351, 10.575240970411764], [79.61328834282351, 10.575295377705881], [79.61334380999998, 10.575295377705881], [79.61334380999998, 10.575676228764705], [79.61339927717646, 10.575676228764705], [79.61339927717646, 10.575730636058823], [79.61362114588233, 10.575730636058823], [79.61362114588233, 10.575676228764705], [79.61384301458821, 10.575676228764705], [79.61384301458821, 10.57556741417647], [79.61378754741175, 10.57556741417647], [79.61378754741175, 10.575240970411764], [79.61373208023528, 10.575240970411764], [79.61373208023528, 10.575186563117647], [79.61345474435292, 10.575186563117647]]]}}, {"type": "Feature", "properties": {"id": "ftw-india-004", "country": "india", "source": "fields-of-the-world", "area_ha": 0.3044}, "geometry": {"type": "Polygon", "coordinates": [[[79.61345474435292, 10.574533675588235], [79.61345474435292, 10.574588082882352], [79.61334380999998, 10.574588082882352], [79.61334380999998, 10.574642490176469], [79.61323287564704, 10.574642490176469], [79.61323287564704, 10.575023341235294], [79.61328834282351, 10.575023341235294], [79.61328834282351, 10.575132155823528], [79.6136766130588, 10.575132155823528], [79.6136766130588, 10.575077748529411], [79.61373208023528, 10.575077748529411], [79.61373208023528, 10.574860119352941], [79.6136766130588, 10.574860119352941], [79.6136766130588, 10.574588082882352], [79.61362114588233, 10.574588082882352], [79.61362114588233, 10.574533675588235], [79.61345474435292, 10.574533675588235]]]}}, {"type": "Feature", "properties": {"id": "ftw-india-005", "country": "india", "source": "fields-of-the-world", "area_ha": 0.3624}, "geometry": {"type": "Polygon", "coordinates": [[[78.0871354792941, 21.117157826470585], [78.0871354792941, 21.117657031058823], [78.08719447941175, 21.117657031058823], [78.08719447941175, 21.11760156388235], [78.08778448058823, 21.11760156388235], [78.08778448058823, 21.11754609670588], [78.08784348070587, 21.11754609670588], [78.08784348070587, 21.117157826470585], [78.0871354792941, 21.117157826470585]]]}}, {"type": "Feature", "properties": {"id": "ftw-india-006", "country": "india", "source": "fields-of-the-world", "area_ha": 0.4529}, "geometry": {"type": "Polygon", "coordinates": [[[78.08678147858822, 21.118211702823526], [78.08678147858822, 21.11832263717647], [78.08672247847058, 21.11832263717647], [78.08672247847058, 21.11848903870588], [78.08666347835293, 21.11848903870588], [78.08666347835293, 21.11865544023529], [78.08660447823529, 21.11865544023529], [78.08660447823529, 21.118766374588233], [78.08654547811764, 21.118766374588233], [78.08654547811764, 21.118932776117646], [78.08648647799998, 21.118932776117646], [78.08648647799998, 21.119043710470585], [78.08642747788234, 21.119043710470585], [78.08642747788234, 21.119210111999998], [78.08695847894117, 21.119210111999998], [78.08695847894117, 21.118932776117646], [78.08701747905882, 21.118932776117646], [78.08701747905882, 21.118267169999996], [78.08689947882351, 21.118267169999996], [78.08689947882351, 21.118211702823526], [78.08678147858822, 21.118211702823526]]]}}, {"type": "Feature", "properties": {"id": "ftw-india-007", "country": "india", "source": "fields-of-the-world", "area_ha": 0.468}, "geometry": {"type": "Polygon", "coordinates": [[[78.08748947999999, 21.117657031058823], [78.08748947999999, 21.117712498235292], [78.0871354792941, 21.117712498235292], [78.0871354792941, 21.11832263717647], [78.08778448058823, 21.11832263717647], [78.08778448058823, 21.117657031058823], [78.08772548047058, 21.117657031058823], [78.08772548047058, 21.117712498235292], [78.08760748023528, 21.117712498235292], [78.08760748023528, 21.117657031058823], [78.08748947999999, 21.117657031058823]]]}}, {"type": "Feature", "properties": {"id": "ftw-india-008", "country": "india", "source": "fields-of-the-world", "area_ha": 1.3022}, "geometry": {"type": "Polygon", "coordinates": [[[78.08731247964705, 21.11837810435294], [78.08731247964705, 21.11843357152941], [78.0871354792941, 21.11843357152941], [78.0871354792941, 21.118932776117646], [78.08707647917646, 21.118932776117646], [78.08707647917646, 21.11948744788235], [78.08778448058823, 21.11948744788235], [78.08778448058823, 21.11943198070588], [78.08819748141175, 21.11943198070588], [78.08819748141175, 21.119321046352937], [78.08813848129411, 21.119321046352937], [78.08813848129411, 21.118766374588233], [78.08819748141175, 21.118766374588233], [78.08819748141175, 21.11848903870588], [78.0882564815294, 21.11848903870588], [78.0882564815294, 21.11843357152941], [78.0880204810588, 21.11843357152941], [78.0880204810588, 21.11837810435294], [78.08766648035292, 21.11837810435294], [78.08766648035292, 21.11843357152941], [78.08748947999999, 21.11843357152941], [78.08748947999999, 21.11837810435294], [78.08731247964705, 21.11837810435294]]]}}, {"type": "Feature", "properties": {"id": "ftw-kenya-000", "country": "kenya", "source": "fields-of-the-world", "area_ha": 0.2059}, "geometry": {"type": "Polygon", "coordinates": [[[37.26302580000001, -0.719584866], [37.26302580000001, -0.719530812], [37.262971746000005, -0.719530812], [37.262971746000005, -0.719476758], [37.262917692, -0.719476758], [37.262917692, -0.719422704], [37.262863638000006, -0.719422704], [37.262863638000006, -0.71936865], [37.262809584, -0.71936865], [37.262809584, -0.719314596], [37.26275553000001, -0.719314596], [37.26275553000001, -0.719260542], [37.262809584, -0.719260542], [37.262809584, -0.719206488], [37.262863638000006, -0.719206488], [37.262863638000006, -0.7191524340000001], [37.262971746000005, -0.7191524340000001], [37.262971746000005, -0.71909838], [37.26302580000001, -0.71909838], [37.26302580000001, -0.719044326], [37.263079854000004, -0.719044326], [37.263079854000004, -0.71909838], [37.26313390800001, -0.71909838], [37.26313390800001, -0.719206488], [37.263187962, -0.719206488], [37.263187962, -0.719260542], [37.26324201600001, -0.719260542], [37.26324201600001, -0.719314596], [37.26329607, -0.719314596], [37.26329607, -0.719422704], [37.263350124000006, -0.719422704], [37.263350124000006, -0.719476758], [37.26324201600001, -0.719476758], [37.26324201600001, -0.719530812], [37.26313390800001, -0.719530812], [37.26313390800001, -0.719584866], [37.26302580000001, -0.719584866]]]}}, {"type": "Feature", "properties": {"id": "ftw-lithuania-000", "country": "lithuania", "source": "fields-of-the-world", "area_ha": 0.2095}, "geometry": {"type": "Polygon", "coordinates": [[[22.93925634, 54.96034143599999], [22.93925634, 54.96039548999999], [22.939472556, 54.96039548999999], [22.939472556, 54.96115224599999], [22.939418502, 54.96115224599999], [22.939418502, 54.96266575799999], [22.939364448, 54.96266575799999], [22.939364448, 54.96347656799999], [22.939418502, 54.96347656799999], [22.939418502, 54.962827919999995], [22.939472556, 54.962827919999995], [22.939472556, 54.96190900199999], [22.939526609999998, 54.96190900199999], [22.939526609999998, 54.96126035399999], [22.939580663999998, 54.96126035399999], [22.939580663999998, 54.960611705999995], [22.939634718, 54.960611705999995], [22.939634718, 54.96034143599999], [22.93925634, 54.96034143599999]]]}}, {"type": "Feature", "properties": {"id": "ftw-lithuania-001", "country": "lithuania", "source": "fields-of-the-world", "area_ha": 0.4293}, "geometry": {"type": "Polygon", "coordinates": [[[22.946932007999997, 54.968341427999995], [22.946932007999997, 54.968395482], [22.946986062, 54.968395482], [22.946986062, 54.968611698], [22.947040116, 54.968611698], [22.947040116, 54.968881968], [22.94709417, 54.968881968], [22.94709417, 54.968990076], [22.947526602, 54.968990076], [22.947526602, 54.968936021999994], [22.948121196, 54.968936021999994], [22.948121196, 54.968881968], [22.948067142, 54.968881968], [22.948067142, 54.968719805999996], [22.948013088, 54.968719805999996], [22.948013088, 54.96850359], [22.947959034, 54.96850359], [22.947959034, 54.968395482], [22.94763471, 54.968395482], [22.94763471, 54.968341427999995], [22.946932007999997, 54.968341427999995]]]}}, {"type": "Feature", "properties": {"id": "ftw-lithuania-002", "country": "lithuania", "source": "fields-of-the-world", "area_ha": 0.6055}, "geometry": {"type": "Polygon", "coordinates": [[[22.945688766, 54.968341427999995], [22.945688766, 54.968395482], [22.94520228, 54.968395482], [22.94520228, 54.968449535999994], [22.945256334, 54.968449535999994], [22.945256334, 54.968611698], [22.945310388, 54.968611698], [22.945310388, 54.968827913999995], [22.945364442, 54.968827913999995], [22.945364442, 54.968881968], [22.945850928, 54.968881968], [22.945850928, 54.968827913999995], [22.946445521999998, 54.968827913999995], [22.946445521999998, 54.968990076], [22.946986062, 54.968990076], [22.946986062, 54.968881968], [22.946932007999997, 54.968881968], [22.946932007999997, 54.96855764399999], [22.946877953999998, 54.96855764399999], [22.946877953999998, 54.968395482], [22.946661738, 54.968395482], [22.946661738, 54.968449535999994], [22.946607684, 54.968449535999994], [22.946607684, 54.968395482], [22.946391467999998, 54.968395482], [22.946391467999998, 54.968341427999995], [22.945688766, 54.968341427999995]]]}}, {"type": "Feature", "properties": {"id": "ftw-lithuania-003", "country": "lithuania", "source": "fields-of-the-world", "area_ha": 0.755}, "geometry": {"type": "Polygon", "coordinates": [[[22.943364444, 54.958881977999994], [22.943364444, 54.95893603199999], [22.943094174, 54.95893603199999], [22.943094174, 54.95899008599999], [22.942823904, 54.95899008599999], [22.942823904, 54.959152247999995], [22.942877958, 54.959152247999995], [22.942877958, 54.959260355999994], [22.942932012, 54.959260355999994], [22.942932012, 54.95931440999999], [22.942986066, 54.95931440999999], [22.942986066, 54.95942251799999], [22.94304012, 54.95942251799999], [22.94304012, 54.95947657199999], [22.943094174, 54.95947657199999], [22.943094174, 54.95958467999999], [22.943148228, 54.95958467999999], [22.943148228, 54.95969278799999], [22.943202281999998, 54.95969278799999], [22.943202281999998, 54.959746841999994], [22.943256335999997, 54.959746841999994], [22.943256335999997, 54.95985494999999], [22.94331039, 54.95985494999999], [22.94331039, 54.95996305799999], [22.943364444, 54.95996305799999], [22.943364444, 54.96007116599999], [22.943418498, 54.96007116599999], [22.943418498, 54.96017927399999], [22.943472552, 54.96017927399999], [22.943472552, 54.96028738199999], [22.944283362, 54.96028738199999], [22.944283362, 54.960233327999994], [22.944229308, 54.960233327999994], [22.944229308, 54.960125219999995], [22.944175253999997, 54.960125219999995], [22.944175253999997, 54.96001711199999], [22.944121199999998, 54.96001711199999], [22.944121199999998, 54.95996305799999], [22.944067146, 54.95996305799999], [22.944067146, 54.95985494999999], [22.944013092, 54.95985494999999], [22.944013092, 54.959746841999994], [22.943959038, 54.959746841999994], [22.943959038, 54.959638733999995], [22.943904984, 54.959638733999995], [22.943904984, 54.95953062599999], [22.94385093, 54.95953062599999], [22.94385093, 54.95942251799999], [22.943796876, 54.95942251799999], [22.943796876, 54.95931440999999], [22.943742822, 54.95931440999999], [22.943742822, 54.95920630199999], [22.943688767999998, 54.95920630199999], [22.943688767999998, 54.95909819399999], [22.943634713999998, 54.95909819399999], [22.943634713999998, 54.95899008599999], [22.94358066, 54.95899008599999], [22.94358066, 54.95893603199999], [22.943526606, 54.95893603199999], [22.943526606, 54.958881977999994], [22.943364444, 54.958881977999994]]]}}, {"type": "Feature", "properties": {"id": "ftw-lithuania-004", "country": "lithuania", "source": "fields-of-the-world", "area_ha": 0.9457}, "geometry": {"type": "Polygon", "coordinates": [[[22.947148224, 54.96536845799999], [22.947148224, 54.965422511999996], [22.947202278, 54.965422511999996], [22.947202278, 54.965530619999996], [22.947256332, 54.965530619999996], [22.947256332, 54.965638727999995], [22.947310385999998, 54.965638727999995], [22.947310385999998, 54.965746835999994], [22.947364439999998, 54.965746835999994], [22.947364439999998, 54.965908997999996], [22.947418493999997, 54.965908997999996], [22.947418493999997, 54.96607116], [22.947472548, 54.96607116], [22.947472548, 54.966233321999994], [22.947526602, 54.966233321999994], [22.947526602, 54.966395483999996], [22.947580656, 54.966395483999996], [22.947580656, 54.966557646], [22.94763471, 54.966557646], [22.94763471, 54.966665754], [22.947688764, 54.966665754], [22.947688764, 54.966773862], [22.947742818, 54.966773862], [22.947742818, 54.966881969999996], [22.947796871999998, 54.966881969999996], [22.947796871999998, 54.966990077999995], [22.947850925999997, 54.966990077999995], [22.947850925999997, 54.967098185999994], [22.94790498, 54.967098185999994], [22.94790498, 54.96720629399999], [22.947959034, 54.96720629399999], [22.947959034, 54.967260347999996], [22.948229303999998, 54.967260347999996], [22.948229303999998, 54.96715224], [22.948283357999998, 54.96715224], [22.948283357999998, 54.967044132], [22.948553628, 54.967044132], [22.948553628, 54.96693602399999], [22.948499574, 54.96693602399999], [22.948499574, 54.966773862], [22.94844552, 54.966773862], [22.94844552, 54.966665754], [22.948391466, 54.966665754], [22.948391466, 54.966503591999995], [22.948337411999997, 54.966503591999995], [22.948337411999997, 54.966395483999996], [22.948283357999998, 54.966395483999996], [22.948283357999998, 54.966233321999994], [22.948229303999998, 54.966233321999994], [22.948229303999998, 54.96607116], [22.94817525, 54.96607116], [22.94817525, 54.96596305199999], [22.948121196, 54.96596305199999], [22.948121196, 54.96580089], [22.948067142, 54.96580089], [22.948067142, 54.965692782], [22.948013088, 54.965692782], [22.948013088, 54.965530619999996], [22.947959034, 54.965530619999996], [22.947959034, 54.965422511999996], [22.94790498, 54.965422511999996], [22.94790498, 54.96536845799999], [22.947148224, 54.96536845799999]]]}}, {"type": "Feature", "properties": {"id": "ftw-lithuania-005", "country": "lithuania", "source": "fields-of-the-world", "area_ha": 1.0696}, "geometry": {"type": "Polygon", "coordinates": [[[22.934283372, 54.90581896799999], [22.934283372, 54.905981129999994], [22.934229318, 54.905981129999994], [22.934229318, 54.90630545399999], [22.934175264, 54.90630545399999], [22.934175264, 54.906629777999996], [22.93412121, 54.906629777999996], [22.93412121, 54.90695410199999], [22.934067155999998, 54.90695410199999], [22.934067155999998, 54.907116263999995], [22.934175264, 54.907116263999995], [22.934175264, 54.90706220999999], [22.934337426, 54.90706220999999], [22.934337426, 54.907116263999995], [22.934445533999998, 54.907116263999995], [22.934445533999998, 54.90706220999999], [22.934607696, 54.90706220999999], [22.934607696, 54.907008155999996], [22.934823912, 54.907008155999996], [22.934823912, 54.90695410199999], [22.935040128, 54.90695410199999], [22.935040128, 54.90690004799999], [22.935256344, 54.90690004799999], [22.935256344, 54.906845993999994], [22.935364451999998, 54.906845993999994], [22.935364451999998, 54.90679193999999], [22.935418505999998, 54.90679193999999], [22.935418505999998, 54.906737885999995], [22.935526614, 54.906737885999995], [22.935526614, 54.90668383199999], [22.935580668, 54.90668383199999], [22.935580668, 54.90652166999999], [22.935472559999997, 54.90652166999999], [22.935472559999997, 54.90619734599999], [22.935526614, 54.90619734599999], [22.935526614, 54.90592707599999], [22.935418505999998, 54.90592707599999], [22.935418505999998, 54.905873021999994], [22.935094182, 54.905873021999994], [22.935094182, 54.90581896799999], [22.934283372, 54.90581896799999]]]}}, {"type": "Feature", "properties": {"id": "ftw-lithuania-006", "country": "lithuania", "source": "fields-of-the-world", "area_ha": 1.5595}, "geometry": {"type": "Polygon", "coordinates": [[[22.934715804, 55.07286384599999], [22.934715804, 55.073080061999995], [22.93466175, 55.073080061999995], [22.93466175, 55.07378276399999], [22.934607696, 55.07378276399999], [22.934607696, 55.074647627999994], [22.934553641999997, 55.074647627999994], [22.934553641999997, 55.075134113999994], [22.934607696, 55.075134113999994], [22.934607696, 55.075188168], [22.934715804, 55.075188168], [22.934715804, 55.075134113999994], [22.934823912, 55.075134113999994], [22.934823912, 55.07508005999999], [22.934986073999998, 55.07508005999999], [22.934986073999998, 55.075026005999995], [22.935094182, 55.075026005999995], [22.935094182, 55.07497195199999], [22.93520229, 55.07497195199999], [22.93520229, 55.074917897999995], [22.935364451999998, 55.074917897999995], [22.935364451999998, 55.07486384399999], [22.935472559999997, 55.07486384399999], [22.935472559999997, 55.074809789999996], [22.935580668, 55.074809789999996], [22.935580668, 55.07475573599999], [22.935634722, 55.07475573599999], [22.935634722, 55.074539519999995], [22.935688776, 55.074539519999995], [22.935688776, 55.07410708799999], [22.935526614, 55.07410708799999], [22.935526614, 55.074053033999995], [22.935364451999998, 55.074053033999995], [22.935364451999998, 55.073674655999994], [22.935310398, 55.073674655999994], [22.935310398, 55.07362060199999], [22.935364451999998, 55.07362060199999], [22.935364451999998, 55.07340438599999], [22.9360131, 55.07340438599999], [22.9360131, 55.07313411599999], [22.936067154, 55.07313411599999], [22.936067154, 55.07286384599999], [22.934715804, 55.07286384599999]]]}}, {"type": "Feature", "properties": {"id": "ftw-lithuania-007", "country": "lithuania", "source": "fields-of-the-world", "area_ha": 1.6215}, "geometry": {"type": "Polygon", "coordinates": [[[22.925094192, 55.072701683999995], [22.925094192, 55.07572870799999], [22.925850948, 55.07572870799999], [22.925850948, 55.072701683999995], [22.925094192, 55.072701683999995]]]}}, {"type": "Feature", "properties": {"id": "ftw-lithuania-008", "country": "lithuania", "source": "fields-of-the-world", "area_ha": 1.8672}, "geometry": {"type": "Polygon", "coordinates": [[[22.925040138, 54.904900049999995], [22.925040138, 54.90495410399999], [22.925094192, 54.90495410399999], [22.925094192, 54.90506221199999], [22.925148246, 54.90506221199999], [22.925148246, 54.90517031999999], [22.9252023, 54.90517031999999], [22.9252023, 54.905278427999995], [22.925256354, 54.905278427999995], [22.925256354, 54.905386535999995], [22.925310407999998, 54.905386535999995], [22.925310407999998, 54.905494643999994], [22.925364462, 54.905494643999994], [22.925364462, 54.90554869799999], [22.925418516, 54.90554869799999], [22.925418516, 54.905656805999996], [22.92547257, 54.905656805999996], [22.92547257, 54.905764913999995], [22.925526624, 54.905764913999995], [22.925526624, 54.905873021999994], [22.925580678, 54.905873021999994], [22.925580678, 54.905981129999994], [22.925634732, 54.905981129999994], [22.925634732, 54.90608923799999], [22.925688786, 54.90608923799999], [22.925688786, 54.90619734599999], [22.925742839999998, 54.90619734599999], [22.925742839999998, 54.906251399999995], [22.925796894, 54.906251399999995], [22.925796894, 54.906359507999994], [22.925850948, 54.906359507999994], [22.925850948, 54.90646761599999], [22.925905002, 54.90646761599999], [22.925905002, 54.90657572399999], [22.925959056, 54.90657572399999], [22.925959056, 54.90668383199999], [22.92601311, 54.90668383199999], [22.92601311, 54.90679193999999], [22.926067164, 54.90679193999999], [22.926067164, 54.90690004799999], [22.926121218, 54.90690004799999], [22.926121218, 54.90695410199999], [22.926175272, 54.90695410199999], [22.926175272, 54.90706220999999], [22.926229325999998, 54.90706220999999], [22.926229325999998, 54.90717031799999], [22.92628338, 54.90717031799999], [22.92628338, 54.90727842599999], [22.926337434, 54.90727842599999], [22.926337434, 54.907386534], [22.926391488, 54.907386534], [22.926391488, 54.907494641999996], [22.926445542, 54.907494641999996], [22.926445542, 54.907602749999995], [22.926715811999998, 54.907602749999995], [22.926715811999998, 54.90754869599999], [22.927256352, 54.90754869599999], [22.927256352, 54.907494641999996], [22.927418514, 54.907494641999996], [22.927418514, 54.907386534], [22.92736446, 54.907386534], [22.92736446, 54.90727842599999], [22.927310406, 54.90727842599999], [22.927310406, 54.90717031799999], [22.927256352, 54.90717031799999], [22.927256352, 54.907116263999995], [22.927202298, 54.907116263999995], [22.927202298, 54.907008155999996], [22.927148243999998, 54.907008155999996], [22.927148243999998, 54.90690004799999], [22.92709419, 54.90690004799999], [22.92709419, 54.90679193999999], [22.927040136, 54.90679193999999], [22.927040136, 54.90668383199999], [22.926986082, 54.90668383199999], [22.926986082, 54.906629777999996], [22.926932028, 54.906629777999996], [22.926932028, 54.90652166999999], [22.926877974, 54.90652166999999], [22.926877974, 54.90641356199999], [22.92682392, 54.90641356199999], [22.92682392, 54.90630545399999], [22.926769866, 54.90630545399999], [22.926769866, 54.906251399999995], [22.926715811999998, 54.906251399999995], [22.926715811999998, 54.906143291999996], [22.926661757999998, 54.906143291999996], [22.926661757999998, 54.90603518399999], [22.926607704, 54.90603518399999], [22.926607704, 54.90592707599999], [22.92655365, 54.90592707599999], [22.92655365, 54.90581896799999], [22.926499596, 54.90581896799999], [22.926499596, 54.905764913999995], [22.926445542, 54.905764913999995], [22.926445542, 54.905656805999996], [22.926391488, 54.905656805999996], [22.926391488, 54.90554869799999], [22.926337434, 54.90554869799999], [22.926337434, 54.90544058999999], [22.92628338, 54.90544058999999], [22.92628338, 54.905386535999995], [22.926229325999998, 54.905386535999995], [22.926229325999998, 54.905278427999995], [22.926175272, 54.905278427999995], [22.926175272, 54.90517031999999], [22.926121218, 54.90517031999999], [22.926121218, 54.90506221199999], [22.926067164, 54.90506221199999], [22.926067164, 54.90495410399999], [22.925634732, 54.90495410399999], [22.925634732, 54.904900049999995], [22.925040138, 54.904900049999995]]]}}, {"type": "Feature", "properties": {"id": "ftw-lithuania-009", "country": "lithuania", "source": "fields-of-the-world", "area_ha": 2.1081}, "geometry": {"type": "Polygon", "coordinates": [[[22.923364464, 54.90473788799999], [22.923364464, 54.90479194199999], [22.92331041, 54.90479194199999], [22.92331041, 54.90484599599999], [22.923148248, 54.90484599599999], [22.923148248, 54.904900049999995], [22.92304014, 54.904900049999995], [22.92304014, 54.90506221199999], [22.923094194, 54.90506221199999], [22.923094194, 54.90517031999999], [22.923148248, 54.90517031999999], [22.923148248, 54.90522437399999], [22.923202302, 54.90522437399999], [22.923202302, 54.90533248199999], [22.923256356, 54.90533248199999], [22.923256356, 54.90544058999999], [22.92331041, 54.90544058999999], [22.92331041, 54.905494643999994], [22.923364464, 54.905494643999994], [22.923364464, 54.90560275199999], [22.923418518, 54.90560275199999], [22.923418518, 54.90571085999999], [22.923472571999998, 54.90571085999999], [22.923472571999998, 54.905764913999995], [22.923526626, 54.905764913999995], [22.923526626, 54.905873021999994], [22.92358068, 54.905873021999994], [22.92358068, 54.905981129999994], [22.923634734, 54.905981129999994], [22.923634734, 54.90603518399999], [22.923688788, 54.90603518399999], [22.923688788, 54.906143291999996], [22.923742842, 54.906143291999996], [22.923742842, 54.90619734599999], [22.923796896, 54.90619734599999], [22.923796896, 54.90630545399999], [22.92385095, 54.90630545399999], [22.92385095, 54.90641356199999], [22.923905003999998, 54.90641356199999], [22.923905003999998, 54.90646761599999], [22.923959058, 54.90646761599999], [22.923959058, 54.90657572399999], [22.924013112, 54.90657572399999], [22.924013112, 54.90668383199999], [22.924067166, 54.90668383199999], [22.924067166, 54.906737885999995], [22.92412122, 54.906737885999995], [22.92412122, 54.906845993999994], [22.924175274, 54.906845993999994], [22.924175274, 54.90695410199999], [22.924229328, 54.90695410199999], [22.924229328, 54.907008155999996], [22.924283382, 54.907008155999996], [22.924283382, 54.907116263999995], [22.924337436, 54.907116263999995], [22.924337436, 54.907224371999995], [22.924391489999998, 54.907224371999995], [22.924391489999998, 54.90727842599999], [22.924445544, 54.90727842599999], [22.924445544, 54.907386534], [22.924499598, 54.907386534], [22.924499598, 54.907494641999996], [22.92466176, 54.907494641999996], [22.92466176, 54.90754869599999], [22.92493203, 54.90754869599999], [22.92493203, 54.907602749999995], [22.925256354, 54.907602749999995], [22.925256354, 54.90765680399999], [22.925634732, 54.90765680399999], [22.925634732, 54.90754869599999], [22.925580678, 54.90754869599999], [22.925580678, 54.90744058799999], [22.925526624, 54.90744058799999], [22.925526624, 54.907332479999994], [22.92547257, 54.907332479999994], [22.92547257, 54.90727842599999], [22.925418516, 54.90727842599999], [22.925418516, 54.90717031799999], [22.925364462, 54.90717031799999], [22.925364462, 54.90706220999999], [22.925310407999998, 54.90706220999999], [22.925310407999998, 54.907008155999996], [22.925256354, 54.907008155999996], [22.925256354, 54.90690004799999], [22.9252023, 54.90690004799999], [22.9252023, 54.90679193999999], [22.925148246, 54.90679193999999], [22.925148246, 54.90668383199999], [22.925094192, 54.90668383199999], [22.925094192, 54.906629777999996], [22.925040138, 54.906629777999996], [22.925040138, 54.90652166999999], [22.924986084, 54.90652166999999], [22.924986084, 54.90641356199999], [22.92493203, 54.90641356199999], [22.92493203, 54.906359507999994], [22.924877976, 54.906359507999994], [22.924877976, 54.906251399999995], [22.924823921999998, 54.906251399999995], [22.924823921999998, 54.906143291999996], [22.924769868, 54.906143291999996], [22.924769868, 54.90608923799999], [22.924715814, 54.90608923799999], [22.924715814, 54.905981129999994], [22.92466176, 54.905981129999994], [22.92466176, 54.905873021999994], [22.924607706, 54.905873021999994], [22.924607706, 54.90581896799999], [22.924553652, 54.90581896799999], [22.924553652, 54.90571085999999], [22.924499598, 54.90571085999999], [22.924499598, 54.90560275199999], [22.924445544, 54.90560275199999], [22.924445544, 54.90554869799999], [22.924391489999998, 54.90554869799999], [22.924391489999998, 54.90544058999999], [22.924337436, 54.90544058999999], [22.924337436, 54.90533248199999], [22.924283382, 54.90533248199999], [22.924283382, 54.905278427999995], [22.924229328, 54.905278427999995], [22.924229328, 54.90517031999999], [22.924175274, 54.90517031999999], [22.924175274, 54.90506221199999], [22.92412122, 54.90506221199999], [22.92412122, 54.905008157999994], [22.924067166, 54.905008157999994], [22.924067166, 54.904900049999995], [22.924013112, 54.904900049999995], [22.924013112, 54.90479194199999], [22.923742842, 54.90479194199999], [22.923742842, 54.90473788799999], [22.923364464, 54.90473788799999]]]}}, {"type": "Feature", "properties": {"id": "ftw-lithuania-010", "country": "lithuania", "source": "fields-of-the-world", "area_ha": 2.2629}, "geometry": {"type": "Polygon", "coordinates": [[[22.925094192, 55.07005303799999], [22.925094192, 55.072593575999996], [22.925742839999998, 55.072593575999996], [22.925742839999998, 55.07264762999999], [22.926391488, 55.07264762999999], [22.926391488, 55.07140438799999], [22.926337434, 55.07140438799999], [22.926337434, 55.07010709199999], [22.9252023, 55.07010709199999], [22.9252023, 55.07005303799999], [22.925094192, 55.07005303799999]]]}}, {"type": "Feature", "properties": {"id": "ftw-lithuania-011", "country": "lithuania", "source": "fields-of-the-world", "area_ha": 3.499}, "geometry": {"type": "Polygon", "coordinates": [[[23.632030422, 55.031890913999995], [23.632030422, 55.031999021999994], [23.632084476, 55.031999021999994], [23.632084476, 55.032161183999996], [23.63213853, 55.032161183999996], [23.63213853, 55.032377399999994], [23.632192584, 55.032377399999994], [23.632192584, 55.032539562], [23.632246637999998, 55.032539562], [23.632246637999998, 55.032755777999995], [23.632300692, 55.032755777999995], [23.632300692, 55.033026047999996], [23.632354746, 55.033026047999996], [23.632354746, 55.033242263999995], [23.6324088, 55.033242263999995], [23.6324088, 55.03345848], [23.632462854, 55.03345848], [23.632462854, 55.033674696], [23.632516908, 55.033674696], [23.632516908, 55.033836858], [23.632570962, 55.033836858], [23.632570962, 55.034053074], [23.632625016, 55.034053074], [23.632625016, 55.034323344], [23.63267907, 55.034323344], [23.63267907, 55.034593613999995], [23.632733124, 55.034593613999995], [23.632733124, 55.03480983], [23.632787178, 55.03480983], [23.632787178, 55.035026046], [23.633543934, 55.035026046], [23.633543934, 55.034971991999996], [23.633868258, 55.034971991999996], [23.633868258, 55.034863883999996], [23.633922312, 55.034863883999996], [23.633922312, 55.034647668], [23.633976366, 55.034647668], [23.633976366, 55.034431452], [23.63403042, 55.034431452], [23.63403042, 55.034215235999994], [23.634084473999998, 55.034215235999994], [23.634084473999998, 55.033999019999996], [23.634138528, 55.033999019999996], [23.634138528, 55.033836858], [23.634516905999998, 55.033836858], [23.634516905999998, 55.033782804], [23.634462852, 55.033782804], [23.634462852, 55.033566588], [23.634408798, 55.033566588], [23.634408798, 55.033350372], [23.634354744, 55.033350372], [23.634354744, 55.033134155999996], [23.63430069, 55.033134155999996], [23.63430069, 55.03291794], [23.634246636, 55.03291794], [23.634246636, 55.032701724], [23.634192582, 55.032701724], [23.634192582, 55.03248550799999], [23.634138528, 55.03248550799999], [23.634138528, 55.032269291999995], [23.634084473999998, 55.032269291999995], [23.634084473999998, 55.032215238], [23.63403042, 55.032215238], [23.63403042, 55.032269291999995], [23.633868258, 55.032269291999995], [23.633868258, 55.032323346], [23.633652042, 55.032323346], [23.633652042, 55.032269291999995], [23.633327718, 55.032269291999995], [23.633327718, 55.032215238], [23.633165555999998, 55.032215238], [23.633165555999998, 55.032161183999996], [23.63294934, 55.032161183999996], [23.63294934, 55.03210713], [23.632841232, 55.03210713], [23.632841232, 55.032053076], [23.632733124, 55.032053076], [23.632733124, 55.031999021999994], [23.632625016, 55.031999021999994], [23.632625016, 55.031944968], [23.632462854, 55.031944968], [23.632462854, 55.031890913999995], [23.632030422, 55.031890913999995]]]}}, {"type": "Feature", "properties": {"id": "ftw-lithuania-012", "country": "lithuania", "source": "fields-of-the-world", "area_ha": 8.3681}, "geometry": {"type": "Polygon", "coordinates": [[[22.926121218, 54.90495410399999], [22.926121218, 54.90506221199999], [22.926175272, 54.90506221199999], [22.926175272, 54.90517031999999], [22.926229325999998, 54.90517031999999], [22.926229325999998, 54.905278427999995], [22.92628338, 54.905278427999995], [22.92628338, 54.90533248199999], [22.926337434, 54.90533248199999], [22.926337434, 54.90544058999999], [22.926391488, 54.90544058999999], [22.926391488, 54.90554869799999], [22.926445542, 54.90554869799999], [22.926445542, 54.905656805999996], [22.926499596, 54.905656805999996], [22.926499596, 54.90571085999999], [22.92655365, 54.90571085999999], [22.92655365, 54.90581896799999], [22.926607704, 54.90581896799999], [22.926607704, 54.90592707599999], [22.926661757999998, 54.90592707599999], [22.926661757999998, 54.90603518399999], [22.926715811999998, 54.90603518399999], [22.926715811999998, 54.90608923799999], [22.926769866, 54.90608923799999], [22.926769866, 54.90619734599999], [22.92682392, 54.90619734599999], [22.92682392, 54.90630545399999], [22.926877974, 54.90630545399999], [22.926877974, 54.906359507999994], [22.926932028, 54.906359507999994], [22.926932028, 54.90646761599999], [22.926986082, 54.90646761599999], [22.926986082, 54.90657572399999], [22.927040136, 54.90657572399999], [22.927040136, 54.90668383199999], [22.92709419, 54.90668383199999], [22.92709419, 54.906737885999995], [22.927148243999998, 54.906737885999995], [22.927148243999998, 54.906845993999994], [22.927202298, 54.906845993999994], [22.927202298, 54.90695410199999], [22.927256352, 54.90695410199999], [22.927256352, 54.90706220999999], [22.927310406, 54.90706220999999], [22.927310406, 54.907116263999995], [22.92736446, 54.907116263999995], [22.92736446, 54.907224371999995], [22.927418514, 54.907224371999995], [22.927418514, 54.907332479999994], [22.927472568, 54.907332479999994], [22.927472568, 54.90744058799999], [22.927688784, 54.90744058799999], [22.927688784, 54.907386534], [22.928121216, 54.907386534], [22.928121216, 54.907332479999994], [22.928553647999998, 54.907332479999994], [22.928553647999998, 54.90727842599999], [22.928932026, 54.90727842599999], [22.928932026, 54.907224371999995], [22.929364458, 54.907224371999995], [22.929364458, 54.90717031799999], [22.92979689, 54.90717031799999], [22.92979689, 54.907116263999995], [22.930175268, 54.907116263999995], [22.930175268, 54.90706220999999], [22.9306077, 54.90706220999999], [22.9306077, 54.907008155999996], [22.931040132, 54.907008155999996], [22.931040132, 54.90695410199999], [22.932013104, 54.90695410199999], [22.932013104, 54.907008155999996], [22.932553644, 54.907008155999996], [22.932553644, 54.90706220999999], [22.933094183999998, 54.90706220999999], [22.933094183999998, 54.907116263999995], [22.933634723999997, 54.907116263999995], [22.933634723999997, 54.90717031799999], [22.933904994, 54.90717031799999], [22.933904994, 54.907008155999996], [22.933959048, 54.907008155999996], [22.933959048, 54.906629777999996], [22.934013101999998, 54.906629777999996], [22.934013101999998, 54.90630545399999], [22.934067155999998, 54.90630545399999], [22.934067155999998, 54.90592707599999], [22.93412121, 54.90592707599999], [22.93412121, 54.905764913999995], [22.934067155999998, 54.905764913999995], [22.934067155999998, 54.90571085999999], [22.933742832, 54.90571085999999], [22.933742832, 54.905656805999996], [22.933202292, 54.905656805999996], [22.933202292, 54.90560275199999], [22.93276986, 54.90560275199999], [22.93276986, 54.90554869799999], [22.932337428, 54.90554869799999], [22.932337428, 54.905494643999994], [22.932067158, 54.905494643999994], [22.932067158, 54.90554869799999], [22.932013104, 54.90554869799999], [22.932013104, 54.90571085999999], [22.93195905, 54.90571085999999], [22.93195905, 54.905873021999994], [22.931904996, 54.905873021999994], [22.931904996, 54.90603518399999], [22.931850942, 54.90603518399999], [22.931850942, 54.90608923799999], [22.931580672, 54.90608923799999], [22.931580672, 54.906143291999996], [22.93141851, 54.906143291999996], [22.93141851, 54.90619734599999], [22.931310401999998, 54.90619734599999], [22.931310401999998, 54.906251399999995], [22.931202294, 54.906251399999995], [22.931202294, 54.90630545399999], [22.931040132, 54.90630545399999], [22.931040132, 54.906359507999994], [22.930823915999998, 54.906359507999994], [22.930823915999998, 54.90641356199999], [22.930661754, 54.90641356199999], [22.930661754, 54.906359507999994], [22.9306077, 54.906359507999994], [22.9306077, 54.90630545399999], [22.930553646, 54.90630545399999], [22.930553646, 54.906251399999995], [22.930445538, 54.906251399999995], [22.930445538, 54.90619734599999], [22.930337429999998, 54.90619734599999], [22.930337429999998, 54.906143291999996], [22.930175268, 54.906143291999996], [22.930175268, 54.90608923799999], [22.930013106, 54.90608923799999], [22.930013106, 54.90603518399999], [22.929959052, 54.90603518399999], [22.929959052, 54.90581896799999], [22.930013106, 54.90581896799999], [22.930013106, 54.905764913999995], [22.93006716, 54.905764913999995], [22.93006716, 54.90571085999999], [22.930121214, 54.90571085999999], [22.930121214, 54.905656805999996], [22.930229322, 54.905656805999996], [22.930229322, 54.90560275199999], [22.930337429999998, 54.90560275199999], [22.930337429999998, 54.90554869799999], [22.930391483999998, 54.90554869799999], [22.930391483999998, 54.905494643999994], [22.930553646, 54.905494643999994], [22.930553646, 54.90544058999999], [22.930769862, 54.90544058999999], [22.930769862, 54.90533248199999], [22.930229322, 54.90533248199999], [22.930229322, 54.905278427999995], [22.929742836, 54.905278427999995], [22.929742836, 54.90522437399999], [22.929202296, 54.90522437399999], [22.929202296, 54.90517031999999], [22.928661756, 54.90517031999999], [22.928661756, 54.90511626599999], [22.928013108, 54.90511626599999], [22.928013108, 54.90506221199999], [22.927418514, 54.90506221199999], [22.927418514, 54.905008157999994], [22.926769866, 54.905008157999994], [22.926769866, 54.90495410399999], [22.926121218, 54.90495410399999]]]}}, {"type": "Feature", "properties": {"id": "ftw-lithuania-013", "country": "lithuania", "source": "fields-of-the-world", "area_ha": 12.5549}, "geometry": {"type": "Polygon", "coordinates": [[[23.62997637, 55.031620644], [23.62997637, 55.031674697999996], [23.629760154, 55.031674697999996], [23.629760154, 55.031728752], [23.629597992, 55.031728752], [23.629597992, 55.031782805999995], [23.629543938, 55.031782805999995], [23.629543938, 55.03183686], [23.62943583, 55.03183686], [23.62943583, 55.031890913999995], [23.629327722, 55.031890913999995], [23.629327722, 55.031944968], [23.629219614, 55.031944968], [23.629219614, 55.031999021999994], [23.629111506, 55.031999021999994], [23.629111506, 55.032053076], [23.629003398, 55.032053076], [23.629003398, 55.03210713], [23.62889529, 55.03210713], [23.62889529, 55.032161183999996], [23.628787182, 55.032161183999996], [23.628787182, 55.032215238], [23.628679074, 55.032215238], [23.628679074, 55.032269291999995], [23.628570966, 55.032269291999995], [23.628570966, 55.032323346], [23.628462858, 55.032323346], [23.628462858, 55.032377399999994], [23.628408804, 55.032377399999994], [23.628408804, 55.032431454], [23.628300696, 55.032431454], [23.628300696, 55.03248550799999], [23.628192588, 55.03248550799999], [23.628192588, 55.032539562], [23.628138534, 55.032539562], [23.628138534, 55.032593616], [23.628030426, 55.032593616], [23.628030426, 55.032647669999996], [23.627922318, 55.032647669999996], [23.627922318, 55.032701724], [23.62781421, 55.032701724], [23.62781421, 55.032755777999995], [23.627706102, 55.032755777999995], [23.627706102, 55.032809832], [23.627597994, 55.032809832], [23.627597994, 55.032863885999994], [23.627489886, 55.032863885999994], [23.627489886, 55.03291794], [23.627381778, 55.03291794], [23.627381778, 55.032971994], [23.62727367, 55.032971994], [23.62727367, 55.033026047999996], [23.627165562, 55.033026047999996], [23.627165562, 55.033080102], [23.627057454, 55.033080102], [23.627057454, 55.033134155999996], [23.6270034, 55.033134155999996], [23.6270034, 55.03318821], [23.626895292, 55.03318821], [23.626895292, 55.033242263999995], [23.626787184, 55.033242263999995], [23.626787184, 55.033296318], [23.626679076, 55.033296318], [23.626679076, 55.033350372], [23.626570968, 55.033350372], [23.626570968, 55.033404426], [23.626516914, 55.033404426], [23.626516914, 55.03345848], [23.626408806, 55.03345848], [23.626408806, 55.033512533999996], [23.626300698, 55.033512533999996], [23.626300698, 55.033566588], [23.62619259, 55.033566588], [23.62619259, 55.033728749999995], [23.626246644, 55.033728749999995], [23.626246644, 55.034107127999995], [23.626300698, 55.034107127999995], [23.626300698, 55.034431452], [23.626354752, 55.034431452], [23.626354752, 55.03480983], [23.626408806, 55.03480983], [23.626408806, 55.035026046], [23.62646286, 55.035026046], [23.62646286, 55.035134154], [23.626516914, 55.035134154], [23.626516914, 55.035350369999996], [23.626570968, 55.035350369999996], [23.626570968, 55.035458477999995], [23.627057454, 55.035458477999995], [23.627057454, 55.035404424], [23.627922318, 55.035404424], [23.627922318, 55.035350369999996], [23.628733128, 55.035350369999996], [23.628733128, 55.035296316], [23.629273668, 55.035296316], [23.629273668, 55.035242262], [23.630300694, 55.035242262], [23.630300694, 55.035188208], [23.631003396, 55.035188208], [23.631003396, 55.035134154], [23.631273666, 55.035134154], [23.631273666, 55.035026046], [23.631219612, 55.035026046], [23.631219612, 55.034863883999996], [23.631165558, 55.034863883999996], [23.631165558, 55.034755776], [23.631219612, 55.034755776], [23.631219612, 55.034701722], [23.631273666, 55.034701722], [23.631273666, 55.034647668], [23.63159799, 55.034647668], [23.63159799, 55.034701722], [23.631652044, 55.034701722], [23.631652044, 55.03480983], [23.631706098, 55.03480983], [23.631706098, 55.034863883999996], [23.632030422, 55.034863883999996], [23.632030422, 55.034917938], [23.632084476, 55.034917938], [23.632084476, 55.034971991999996], [23.632192584, 55.034971991999996], [23.632192584, 55.035026046], [23.632246637999998, 55.035026046], [23.632246637999998, 55.0350801], [23.632570962, 55.0350801], [23.632570962, 55.035026046], [23.632625016, 55.035026046], [23.632625016, 55.034863883999996], [23.632570962, 55.034863883999996], [23.632570962, 55.034647668], [23.632516908, 55.034647668], [23.632516908, 55.034431452], [23.632462854, 55.034431452], [23.632462854, 55.034215235999994], [23.6324088, 55.034215235999994], [23.6324088, 55.033999019999996], [23.632354746, 55.033999019999996], [23.632354746, 55.033782804], [23.632300692, 55.033782804], [23.632300692, 55.033512533999996], [23.632246637999998, 55.033512533999996], [23.632246637999998, 55.033296318], [23.632192584, 55.033296318], [23.632192584, 55.033026047999996], [23.63213853, 55.033026047999996], [23.63213853, 55.032755777999995], [23.632084476, 55.032755777999995], [23.632084476, 55.03248550799999], [23.632030422, 55.03248550799999], [23.632030422, 55.032269291999995], [23.631976368, 55.032269291999995], [23.631976368, 55.03210713], [23.631922314, 55.03210713], [23.631922314, 55.031944968], [23.63186826, 55.031944968], [23.63186826, 55.03183686], [23.631706098, 55.03183686], [23.631706098, 55.031782805999995], [23.631327719999998, 55.031782805999995], [23.631327719999998, 55.031728752], [23.630895288, 55.031728752], [23.630895288, 55.031674697999996], [23.630679072, 55.031674697999996], [23.630679072, 55.031728752], [23.630570964, 55.031728752], [23.630570964, 55.031674697999996], [23.630354748, 55.031674697999996], [23.630354748, 55.031620644], [23.62997637, 55.031620644]]]}}, {"type": "Feature", "properties": {"id": "ftw-luxembourg-000", "country": "luxembourg", "source": "fields-of-the-world", "area_ha": 0.2302}, "geometry": {"type": "Polygon", "coordinates": [[[5.933831904, 49.93043655599999], [5.933831904, 49.93049060999999], [5.933940012, 49.93049060999999], [5.933940012, 49.93054466399999], [5.934264336, 49.93054466399999], [5.934264336, 49.93059871799999], [5.934696768, 49.93059871799999], [5.934696768, 49.93065277199999], [5.935291362, 49.93065277199999], [5.935291362, 49.93070682599999], [5.936048118, 49.93070682599999], [5.936048118, 49.930760879999994], [5.936426496, 49.930760879999994], [5.936426496, 49.93070682599999], [5.936372442, 49.93070682599999], [5.936372442, 49.93059871799999], [5.9351292, 49.93059871799999], [5.9351292, 49.93054466399999], [5.934804876, 49.93054466399999], [5.934804876, 49.93049060999999], [5.9343183900000005, 49.93049060999999], [5.9343183900000005, 49.93043655599999], [5.933831904, 49.93043655599999]]]}}, {"type": "Feature", "properties": {"id": "ftw-luxembourg-001", "country": "luxembourg", "source": "fields-of-the-world", "area_ha": 0.3046}, "geometry": {"type": "Polygon", "coordinates": [[[5.93864271, 49.939625735999996], [5.93864271, 49.939733843999996], [5.938588656, 49.939733843999996], [5.938588656, 49.94005816799999], [5.938534602, 49.94005816799999], [5.938534602, 49.940328437999995], [5.938480548, 49.940328437999995], [5.938480548, 49.94054465399999], [5.938426494, 49.94054465399999], [5.938426494, 49.94076087], [5.93837244, 49.94076087], [5.93837244, 49.940868978], [5.938696764, 49.940868978], [5.938696764, 49.94065276199999], [5.938750818, 49.94065276199999], [5.938750818, 49.9404906], [5.9388048719999995, 49.9404906], [5.9388048719999995, 49.94027438399999], [5.938858926, 49.94027438399999], [5.938858926, 49.940004114], [5.93891298, 49.940004114], [5.93891298, 49.93978789799999], [5.938967034, 49.93978789799999], [5.938967034, 49.93967978999999], [5.9388048719999995, 49.93967978999999], [5.9388048719999995, 49.939625735999996], [5.93864271, 49.939625735999996]]]}}, {"type": "Feature", "properties": {"id": "ftw-luxembourg-002", "country": "luxembourg", "source": "fields-of-the-world", "area_ha": 0.4208}, "geometry": {"type": "Polygon", "coordinates": [[[5.950912968, 49.62414769076471], [5.950912968, 49.62420139147059], [5.9509670219999995, 49.62420139147059], [5.9509670219999995, 49.62452359570589], [5.951021076, 49.62452359570589], [5.951021076, 49.62463099711765], [5.9510751299999995, 49.62463099711765], [5.9510751299999995, 49.624738398529416], [5.951129184, 49.624738398529416], [5.951129184, 49.62484579994118], [5.951183238, 49.62484579994118], [5.951183238, 49.624953201352945], [5.951237292, 49.624953201352945], [5.951237292, 49.62506060276471], [5.951291346, 49.62506060276471], [5.951291346, 49.62516800417647], [5.9513454, 49.62516800417647], [5.9513454, 49.62522170488236], [5.951399454, 49.62522170488236], [5.951399454, 49.62527540558824], [5.951507562, 49.62527540558824], [5.951507562, 49.62522170488236], [5.95161567, 49.62522170488236], [5.95161567, 49.62511430347059], [5.951561616, 49.62511430347059], [5.951561616, 49.624738398529416], [5.95161567, 49.624738398529416], [5.95161567, 49.62436249358824], [5.951561616, 49.62436249358824], [5.951561616, 49.624255092176476], [5.951507562, 49.624255092176476], [5.951507562, 49.62414769076471], [5.950912968, 49.62414769076471]]]}}, {"type": "Feature", "properties": {"id": "ftw-luxembourg-003", "country": "luxembourg", "source": "fields-of-the-world", "area_ha": 0.4655}, "geometry": {"type": "Polygon", "coordinates": [[[5.983894917000001, 49.809806046], [5.983894917000001, 49.809968207999994], [5.983841216294118, 49.809968207999994], [5.983841216294118, 49.810130369999996], [5.983787515588236, 49.810130369999996], [5.983787515588236, 49.810238477999995], [5.983733814882354, 49.810238477999995], [5.983733814882354, 49.81040064], [5.983680114176471, 49.81040064], [5.983680114176471, 49.810508748], [5.9836264134705885, 49.810508748], [5.9836264134705885, 49.81067091], [5.9835727127647065, 49.81067091], [5.9835727127647065, 49.810779018], [5.9835190120588235, 49.810779018], [5.9835190120588235, 49.810833071999994], [5.9835727127647065, 49.810833071999994], [5.9835727127647065, 49.810887126], [5.983680114176471, 49.810887126], [5.983680114176471, 49.81094118], [5.983787515588236, 49.81094118], [5.983787515588236, 49.810995233999996], [5.983841216294118, 49.810995233999996], [5.983841216294118, 49.810833071999994], [5.983894917000001, 49.810833071999994], [5.983894917000001, 49.810724963999995], [5.983948617705883, 49.810724963999995], [5.983948617705883, 49.81067091], [5.984056019117648, 49.81067091], [5.984056019117648, 49.810616855999996], [5.984217121235295, 49.810616855999996], [5.984217121235295, 49.810562802], [5.984270821941177, 49.810562802], [5.984270821941177, 49.810508748], [5.984324522647059, 49.810508748], [5.984324522647059, 49.810346585999994], [5.984378223352941, 49.810346585999994], [5.984378223352941, 49.810184424], [5.984431924058824, 49.810184424], [5.984431924058824, 49.810022262], [5.984485624764706, 49.810022262], [5.984485624764706, 49.809914154], [5.984378223352941, 49.809914154], [5.984378223352941, 49.809860099999995], [5.984163420529412, 49.809860099999995], [5.984163420529412, 49.809806046], [5.983894917000001, 49.809806046]]]}}, {"type": "Feature", "properties": {"id": "ftw-luxembourg-004", "country": "luxembourg", "source": "fields-of-the-world", "area_ha": 0.565}, "geometry": {"type": "Polygon", "coordinates": [[[5.981209881705882, 49.817589822], [5.981209881705882, 49.817643876], [5.981102480294118, 49.817643876], [5.981102480294118, 49.81769793], [5.980941378176471, 49.81769793], [5.980941378176471, 49.817751984], [5.980887677470588, 49.817751984], [5.980887677470588, 49.817806038], [5.980833976764706, 49.817806038], [5.980833976764706, 49.817860092000004], [5.980726575352941, 49.817860092000004], [5.980726575352941, 49.817914146], [5.980672874647059, 49.817914146], [5.980672874647059, 49.8179682], [5.980619173941177, 49.8179682], [5.980619173941177, 49.818022254], [5.980511772529412, 49.818022254], [5.980511772529412, 49.818076308], [5.98045807182353, 49.818076308], [5.98045807182353, 49.818130362], [5.980404371117647, 49.818130362], [5.980404371117647, 49.818184416], [5.98045807182353, 49.818184416], [5.98045807182353, 49.81823847], [5.980565473235294, 49.81823847], [5.980565473235294, 49.818292524], [5.980619173941177, 49.818292524], [5.980619173941177, 49.818346578], [5.980672874647059, 49.818346578], [5.980672874647059, 49.818400632], [5.980726575352941, 49.818400632], [5.980726575352941, 49.818454686], [5.980833976764706, 49.818454686], [5.980833976764706, 49.81850874], [5.981048779588235, 49.81850874], [5.981048779588235, 49.818454686], [5.981102480294118, 49.818454686], [5.981102480294118, 49.818400632], [5.981209881705882, 49.818400632], [5.981209881705882, 49.818346578], [5.981317283117647, 49.818346578], [5.981317283117647, 49.818292524], [5.981370983823529, 49.818292524], [5.981370983823529, 49.81823847], [5.981478385235294, 49.81823847], [5.981478385235294, 49.818184416], [5.9815320859411765, 49.818184416], [5.9815320859411765, 49.818130362], [5.9816394873529415, 49.818130362], [5.9816394873529415, 49.818076308], [5.9816931880588236, 49.818076308], [5.9816931880588236, 49.818022254], [5.981800589470589, 49.818022254], [5.981800589470589, 49.8179682], [5.981854290176471, 49.8179682], [5.981854290176471, 49.817914146], [5.981800589470589, 49.817914146], [5.981800589470589, 49.817860092000004], [5.9816931880588236, 49.817860092000004], [5.9816931880588236, 49.817806038], [5.981585786647059, 49.817806038], [5.981585786647059, 49.817751984], [5.981478385235294, 49.817751984], [5.981478385235294, 49.81769793], [5.981424684529412, 49.81769793], [5.981424684529412, 49.817643876], [5.981317283117647, 49.817643876], [5.981317283117647, 49.817589822], [5.981209881705882, 49.817589822]]]}}, {"type": "Feature", "properties": {"id": "ftw-luxembourg-005", "country": "luxembourg", "source": "fields-of-the-world", "area_ha": 0.751}, "geometry": {"type": "Polygon", "coordinates": [[[5.940696762, 49.93881492599999], [5.940696762, 49.938868979999995], [5.940588654, 49.938868979999995], [5.940588654, 49.93892303399999], [5.940480546, 49.93892303399999], [5.940480546, 49.938977087999994], [5.940426492, 49.938977087999994], [5.940426492, 49.939031142], [5.940318384, 49.939031142], [5.940318384, 49.93908519599999], [5.94026433, 49.93908519599999], [5.94026433, 49.93913925], [5.940480546, 49.93913925], [5.940480546, 49.93919330399999], [5.940912978, 49.93919330399999], [5.940912978, 49.939247357999996], [5.941291356, 49.939247357999996], [5.941291356, 49.93930141199999], [5.94161568, 49.93930141199999], [5.94161568, 49.939355465999995], [5.94188595, 49.939355465999995], [5.94188595, 49.93940952], [5.942210274, 49.93940952], [5.942210274, 49.939463573999994], [5.9425886519999995, 49.939463573999994], [5.9425886519999995, 49.93940952], [5.94269676, 49.93940952], [5.94269676, 49.939355465999995], [5.942750814, 49.939355465999995], [5.942750814, 49.93930141199999], [5.942804868, 49.93930141199999], [5.942804868, 49.939247357999996], [5.942858922, 49.939247357999996], [5.942858922, 49.93919330399999], [5.94296703, 49.93919330399999], [5.94296703, 49.93913925], [5.942858922, 49.93913925], [5.942858922, 49.93908519599999], [5.94242649, 49.93908519599999], [5.94242649, 49.939031142], [5.94215622, 49.939031142], [5.94215622, 49.938977087999994], [5.941831896, 49.938977087999994], [5.941831896, 49.93892303399999], [5.941507572, 49.93892303399999], [5.941507572, 49.938868979999995], [5.941183248, 49.938868979999995], [5.941183248, 49.93881492599999], [5.940696762, 49.93881492599999]]]}}, {"type": "Feature", "properties": {"id": "ftw-luxembourg-006", "country": "luxembourg", "source": "fields-of-the-world", "area_ha": 0.8859}, "geometry": {"type": "Polygon", "coordinates": [[[5.951777831999999, 49.62103304982353], [5.951777831999999, 49.621086750529415], [5.951831886, 49.621086750529415], [5.951831886, 49.62124785264706], [5.9518859399999995, 49.62124785264706], [5.9518859399999995, 49.62140895476471], [5.951939994, 49.62140895476471], [5.951939994, 49.62151635617647], [5.9519940479999995, 49.62151635617647], [5.9519940479999995, 49.621570056882355], [5.952048102, 49.621570056882355], [5.952048102, 49.62162375758824], [5.952372426, 49.62162375758824], [5.952372426, 49.62167745829412], [5.952750804, 49.62167745829412], [5.952750804, 49.621731159], [5.9529129659999995, 49.621731159], [5.9529129659999995, 49.62178485970588], [5.953129182, 49.62178485970588], [5.953129182, 49.62183856041177], [5.953399451999999, 49.62183856041177], [5.953399451999999, 49.62189226111765], [5.953615667999999, 49.62189226111765], [5.953615667999999, 49.621945961823535], [5.953885938, 49.621945961823535], [5.953885938, 49.62199966252941], [5.954156208, 49.62199966252941], [5.954156208, 49.622053363235295], [5.954426477999999, 49.622053363235295], [5.954426477999999, 49.62210706394118], [5.9546426939999995, 49.62210706394118], [5.9546426939999995, 49.62216076464706], [5.954912964, 49.62216076464706], [5.954912964, 49.62221446535295], [5.95512918, 49.62221446535295], [5.95512918, 49.62216076464706], [5.955075126, 49.62216076464706], [5.955075126, 49.622053363235295], [5.954912964, 49.622053363235295], [5.954912964, 49.62199966252941], [5.954696748, 49.62199966252941], [5.954696748, 49.621945961823535], [5.95458864, 49.621945961823535], [5.95458864, 49.62189226111765], [5.954426477999999, 49.62189226111765], [5.954426477999999, 49.62183856041177], [5.954264316, 49.62183856041177], [5.954264316, 49.62178485970588], [5.954102154, 49.62178485970588], [5.954102154, 49.621731159], [5.953939992, 49.621731159], [5.953939992, 49.62167745829412], [5.9538318839999995, 49.62167745829412], [5.9538318839999995, 49.62162375758824], [5.9537237759999995, 49.62162375758824], [5.9537237759999995, 49.621570056882355], [5.953561614, 49.621570056882355], [5.953561614, 49.62151635617647], [5.953453506, 49.62151635617647], [5.953453506, 49.62146265547059], [5.95323729, 49.62146265547059], [5.95323729, 49.62140895476471], [5.953075128, 49.62140895476471], [5.953075128, 49.62135525405883], [5.952858912, 49.62135525405883], [5.952858912, 49.62130155335294], [5.952750804, 49.62130155335294], [5.952750804, 49.62124785264706], [5.952642696, 49.62124785264706], [5.952642696, 49.62119415194118], [5.952588641999999, 49.62119415194118], [5.952588641999999, 49.62124785264706], [5.952480534, 49.62124785264706], [5.952480534, 49.62119415194118], [5.952372426, 49.62119415194118], [5.952372426, 49.6211404512353], [5.95215621, 49.6211404512353], [5.95215621, 49.621086750529415], [5.9518859399999995, 49.621086750529415], [5.9518859399999995, 49.62103304982353], [5.951777831999999, 49.62103304982353]]]}}, {"type": "Feature", "properties": {"id": "ftw-luxembourg-007", "country": "luxembourg", "source": "fields-of-the-world", "area_ha": 1.1023}, "geometry": {"type": "Polygon", "coordinates": [[[5.980296969705883, 49.818184416], [5.980296969705883, 49.81823847], [5.980189568294118, 49.81823847], [5.980189568294118, 49.818292524], [5.980082166882354, 49.818292524], [5.980082166882354, 49.818346578], [5.979974765470589, 49.818346578], [5.979974765470589, 49.818400632], [5.979867364058824, 49.818400632], [5.979867364058824, 49.818454686], [5.9798136633529415, 49.818454686], [5.9798136633529415, 49.81850874], [5.9797062619411765, 49.81850874], [5.9797062619411765, 49.818562794], [5.979652561235294, 49.818562794], [5.979652561235294, 49.818616848], [5.979545159823529, 49.818616848], [5.979545159823529, 49.818670902], [5.979437758411765, 49.818670902], [5.979437758411765, 49.818724956], [5.979384057705882, 49.818724956], [5.979384057705882, 49.81877901], [5.979276656294118, 49.81877901], [5.979276656294118, 49.818724956], [5.979169254882353, 49.818724956], [5.979169254882353, 49.818670902], [5.979115554176471, 49.818670902], [5.979115554176471, 49.818616848], [5.979008152764706, 49.818616848], [5.979008152764706, 49.818562794], [5.978847050647059, 49.818562794], [5.978847050647059, 49.818616848], [5.978793349941177, 49.818616848], [5.978793349941177, 49.818670902], [5.978739649235294, 49.818670902], [5.978739649235294, 49.818724956], [5.978685948529412, 49.818724956], [5.978685948529412, 49.81877901], [5.97863224782353, 49.81877901], [5.97863224782353, 49.818833064], [5.978578547117647, 49.818833064], [5.978578547117647, 49.818887118], [5.978471145705883, 49.818887118], [5.978471145705883, 49.818941172], [5.978417445, 49.818941172], [5.978417445, 49.818995226], [5.978310043588236, 49.818995226], [5.978310043588236, 49.81904928], [5.978256342882354, 49.81904928], [5.978256342882354, 49.819157388], [5.978363744294118, 49.819157388], [5.978363744294118, 49.819211442000004], [5.978417445, 49.819211442000004], [5.978417445, 49.81931955], [5.978471145705883, 49.81931955], [5.978471145705883, 49.819373604], [5.978524846411765, 49.819373604], [5.978524846411765, 49.819427658], [5.978578547117647, 49.819427658], [5.978578547117647, 49.819589820000004], [5.97863224782353, 49.819589820000004], [5.97863224782353, 49.819751982], [5.978685948529412, 49.819751982], [5.978685948529412, 49.819697928000004], [5.978847050647059, 49.819697928000004], [5.978847050647059, 49.819643874], [5.978954452058824, 49.819643874], [5.978954452058824, 49.819589820000004], [5.979061853470588, 49.819589820000004], [5.979061853470588, 49.819535766], [5.979169254882353, 49.819535766], [5.979169254882353, 49.819481712], [5.979222955588235, 49.819481712], [5.979222955588235, 49.819427658], [5.979330357, 49.819427658], [5.979330357, 49.819373604], [5.979437758411765, 49.819373604], [5.979437758411765, 49.81931955], [5.979491459117647, 49.81931955], [5.979491459117647, 49.819265496], [5.979598860529412, 49.819265496], [5.979598860529412, 49.819211442000004], [5.9797062619411765, 49.819211442000004], [5.9797062619411765, 49.819157388], [5.9798136633529415, 49.819157388], [5.9798136633529415, 49.819103334], [5.9797599626470594, 49.819103334], [5.9797599626470594, 49.81904928], [5.9797062619411765, 49.81904928], [5.9797062619411765, 49.818941172], [5.9798136633529415, 49.818941172], [5.9798136633529415, 49.818887118], [5.9799210647647065, 49.818887118], [5.9799210647647065, 49.818833064], [5.980028466176471, 49.818833064], [5.980028466176471, 49.81877901], [5.980135867588236, 49.81877901], [5.980135867588236, 49.818724956], [5.980189568294118, 49.818724956], [5.980189568294118, 49.818670902], [5.980243269000001, 49.818670902], [5.980243269000001, 49.818616848], [5.980350670411765, 49.818616848], [5.980350670411765, 49.818562794], [5.980404371117647, 49.818562794], [5.980404371117647, 49.81850874], [5.980511772529412, 49.81850874], [5.980511772529412, 49.818454686], [5.980619173941177, 49.818454686], [5.980619173941177, 49.818346578], [5.980565473235294, 49.818346578], [5.980565473235294, 49.818292524], [5.98045807182353, 49.818292524], [5.98045807182353, 49.81823847], [5.980404371117647, 49.81823847], [5.980404371117647, 49.818184416], [5.980296969705883, 49.818184416]]]}}, {"type": "Feature", "properties": {"id": "ftw-luxembourg-008", "country": "luxembourg", "source": "fields-of-the-world", "area_ha": 1.2323}, "geometry": {"type": "Polygon", "coordinates": [[[5.948156214, 49.62199966252941], [5.948156214, 49.62210706394118], [5.94810216, 49.62210706394118], [5.94810216, 49.62237556747059], [5.948156214, 49.62237556747059], [5.948156214, 49.622429268176475], [5.948264322, 49.622429268176475], [5.948264322, 49.62248296888236], [5.948318376, 49.62248296888236], [5.948318376, 49.622536669588236], [5.94837243, 49.622536669588236], [5.94837243, 49.62259037029412], [5.948426484, 49.62259037029412], [5.948426484, 49.622644071], [5.948480538, 49.622644071], [5.948480538, 49.62269777170589], [5.948588646, 49.62269777170589], [5.948588646, 49.62275147241177], [5.9486427, 49.62275147241177], [5.9486427, 49.62280517311765], [5.948696754, 49.62280517311765], [5.948696754, 49.62285887382353], [5.948750808, 49.62285887382353], [5.948750808, 49.622912574529416], [5.948858916, 49.622912574529416], [5.948858916, 49.6229662752353], [5.94891297, 49.6229662752353], [5.94891297, 49.623019975941176], [5.948967024, 49.623019975941176], [5.948967024, 49.62307367664706], [5.949021078, 49.62307367664706], [5.949021078, 49.623127377352944], [5.949075132, 49.623127377352944], [5.949075132, 49.62318107805883], [5.94918324, 49.62318107805883], [5.94918324, 49.62323477876471], [5.949237294, 49.62323477876471], [5.949237294, 49.62328847947059], [5.949291348, 49.62328847947059], [5.949291348, 49.62323477876471], [5.949345402, 49.62323477876471], [5.949345402, 49.62318107805883], [5.949399456, 49.62318107805883], [5.949399456, 49.623127377352944], [5.94945351, 49.623127377352944], [5.94945351, 49.62307367664706], [5.949507564, 49.62307367664706], [5.949507564, 49.623019975941176], [5.94972378, 49.623019975941176], [5.94972378, 49.62307367664706], [5.9500481039999995, 49.62307367664706], [5.9500481039999995, 49.623127377352944], [5.95026432, 49.623127377352944], [5.95026432, 49.62318107805883], [5.950588644, 49.62318107805883], [5.950588644, 49.62323477876471], [5.951237292, 49.62323477876471], [5.951237292, 49.62328847947059], [5.951453508, 49.62328847947059], [5.951453508, 49.6229662752353], [5.951021076, 49.6229662752353], [5.951021076, 49.622912574529416], [5.950750806, 49.622912574529416], [5.950750806, 49.62285887382353], [5.950480536, 49.62285887382353], [5.950480536, 49.62280517311765], [5.950210266, 49.62280517311765], [5.950210266, 49.62275147241177], [5.94999405, 49.62275147241177], [5.94999405, 49.62269777170589], [5.949831888, 49.62269777170589], [5.949831888, 49.622644071], [5.949669726, 49.622644071], [5.949669726, 49.62259037029412], [5.949507564, 49.62259037029412], [5.949507564, 49.622536669588236], [5.949345402, 49.622536669588236], [5.949345402, 49.62248296888236], [5.949237294, 49.62248296888236], [5.949237294, 49.622429268176475], [5.949075132, 49.622429268176475], [5.949075132, 49.62237556747059], [5.948967024, 49.62237556747059], [5.948967024, 49.62232186676471], [5.948858916, 49.62232186676471], [5.948858916, 49.622268166058824], [5.948750808, 49.622268166058824], [5.948750808, 49.62221446535295], [5.9486427, 49.62221446535295], [5.9486427, 49.62216076464706], [5.948534592, 49.62216076464706], [5.948534592, 49.62210706394118], [5.948426484, 49.62210706394118], [5.948426484, 49.622053363235295], [5.948264322, 49.622053363235295], [5.948264322, 49.62199966252941], [5.948156214, 49.62199966252941]]]}}, {"type": "Feature", "properties": {"id": "ftw-luxembourg-009", "country": "luxembourg", "source": "fields-of-the-world", "area_ha": 1.3368}, "geometry": {"type": "Polygon", "coordinates": [[[5.946048108, 49.624469895000004], [5.946048108, 49.62452359570589], [5.945777838, 49.62452359570589], [5.945777838, 49.624577296411765], [5.9455616220000005, 49.624577296411765], [5.9455616220000005, 49.624953201352945], [5.945507568, 49.624953201352945], [5.945507568, 49.62549020841177], [5.945453514, 49.62549020841177], [5.945453514, 49.6257050112353], [5.94539946, 49.6257050112353], [5.94539946, 49.625812412647065], [5.945345406, 49.625812412647065], [5.945345406, 49.625919814058825], [5.945291352, 49.625919814058825], [5.945291352, 49.62597351476471], [5.945237298, 49.62597351476471], [5.945237298, 49.62602721547059], [5.945183244, 49.62602721547059], [5.945183244, 49.62608091617648], [5.94512919, 49.62608091617648], [5.94512919, 49.62618831758824], [5.945183244, 49.62618831758824], [5.945183244, 49.62624201829412], [5.94539946, 49.62624201829412], [5.94539946, 49.626295719000005], [5.945615676, 49.626295719000005], [5.945615676, 49.62634941970589], [5.945831892, 49.62634941970589], [5.945831892, 49.626403120411766], [5.946048108, 49.626403120411766], [5.946048108, 49.62645682111765], [5.946264324, 49.62645682111765], [5.946264324, 49.62651052182353], [5.94648054, 49.62651052182353], [5.94648054, 49.62656422252942], [5.946642702, 49.62656422252942], [5.946642702, 49.6266179232353], [5.946696756, 49.6266179232353], [5.946696756, 49.626403120411766], [5.946642702, 49.626403120411766], [5.946642702, 49.62624201829412], [5.946588648, 49.62624201829412], [5.946588648, 49.626134616882354], [5.946534594, 49.626134616882354], [5.946534594, 49.62608091617648], [5.94648054, 49.62608091617648], [5.94648054, 49.62602721547059], [5.946426486, 49.62602721547059], [5.946426486, 49.62597351476471], [5.946372432, 49.62597351476471], [5.946372432, 49.625919814058825], [5.946318378, 49.625919814058825], [5.946318378, 49.625812412647065], [5.946264324, 49.625812412647065], [5.946264324, 49.62575871194118], [5.94621027, 49.62575871194118], [5.94621027, 49.624469895000004], [5.946048108, 49.624469895000004]]]}}, {"type": "Feature", "properties": {"id": "ftw-luxembourg-010", "country": "luxembourg", "source": "fields-of-the-world", "area_ha": 1.8529}, "geometry": {"type": "Polygon", "coordinates": [[[5.978900751352941, 49.80775199399999], [5.978900751352941, 49.807806047999996], [5.978041540058824, 49.807806047999996], [5.978041540058824, 49.80786010199999], [5.976913825235294, 49.80786010199999], [5.976913825235294, 49.807914155999995], [5.976215716058824, 49.807914155999995], [5.976215716058824, 49.80796821], [5.976269416764707, 49.80796821], [5.976269416764707, 49.808022263999995], [5.976323117470589, 49.808022263999995], [5.976323117470589, 49.808076318], [5.976376818176471, 49.808076318], [5.976376818176471, 49.808184426], [5.976430518882354, 49.808184426], [5.976430518882354, 49.80823847999999], [5.976484219588236, 49.80823847999999], [5.976484219588236, 49.808292533999996], [5.976537920294118, 49.808292533999996], [5.976537920294118, 49.808400641999995], [5.976591621, 49.808400641999995], [5.976591621, 49.808454696], [5.976645321705883, 49.808454696], [5.976645321705883, 49.808508749999994], [5.976699022411765, 49.808508749999994], [5.976699022411765, 49.80861685799999], [5.976752723117647, 49.80861685799999], [5.976752723117647, 49.808670912], [5.976860124529412, 49.808670912], [5.976860124529412, 49.80861685799999], [5.977343430882353, 49.80861685799999], [5.977343430882353, 49.808562804], [5.977611934411765, 49.808562804], [5.977611934411765, 49.808508749999994], [5.9778267372352945, 49.808508749999994], [5.9778267372352945, 49.808454696], [5.978041540058824, 49.808454696], [5.978041540058824, 49.808400641999995], [5.978256342882354, 49.808400641999995], [5.978256342882354, 49.80834658799999], [5.978417445, 49.80834658799999], [5.978417445, 49.808400641999995], [5.978471145705883, 49.808400641999995], [5.978471145705883, 49.808454696], [5.978524846411765, 49.808454696], [5.978524846411765, 49.808508749999994], [5.978578547117647, 49.808508749999994], [5.978578547117647, 49.808562804], [5.97863224782353, 49.808562804], [5.97863224782353, 49.80861685799999], [5.978685948529412, 49.80861685799999], [5.978685948529412, 49.808670912], [5.978793349941177, 49.808670912], [5.978793349941177, 49.80872496599999], [5.978847050647059, 49.80872496599999], [5.978847050647059, 49.808779019999996], [5.978900751352941, 49.808779019999996], [5.978900751352941, 49.808833074], [5.978954452058824, 49.808833074], [5.978954452058824, 49.808887127999995], [5.979008152764706, 49.808887127999995], [5.979008152764706, 49.808941182], [5.979061853470588, 49.808941182], [5.979061853470588, 49.808995235999994], [5.979115554176471, 49.808995235999994], [5.979115554176471, 49.80904929], [5.979169254882353, 49.80904929], [5.979169254882353, 49.80910334399999], [5.979222955588235, 49.80910334399999], [5.979222955588235, 49.809157397999996], [5.979276656294118, 49.809157397999996], [5.979276656294118, 49.809211452], [5.979330357, 49.809211452], [5.979330357, 49.809265505999996], [5.979384057705882, 49.809265505999996], [5.979384057705882, 49.80931956], [5.979437758411765, 49.80931956], [5.979437758411765, 49.809373613999995], [5.979491459117647, 49.809373613999995], [5.979491459117647, 49.809427668], [5.979545159823529, 49.809427668], [5.979545159823529, 49.809481721999994], [5.979652561235294, 49.809481721999994], [5.979652561235294, 49.809535776], [5.9797062619411765, 49.809535776], [5.9797062619411765, 49.80958982999999], [5.9797599626470594, 49.80958982999999], [5.9797599626470594, 49.809643883999996], [5.979867364058824, 49.809643883999996], [5.979867364058824, 49.809697938], [5.9799210647647065, 49.809697938], [5.9799210647647065, 49.809860099999995], [5.979974765470589, 49.809860099999995], [5.979974765470589, 49.809914154], [5.980296969705883, 49.809914154], [5.980296969705883, 49.809860099999995], [5.980243269000001, 49.809860099999995], [5.980243269000001, 49.809751991999995], [5.980189568294118, 49.809751991999995], [5.980189568294118, 49.809697938], [5.980135867588236, 49.809697938], [5.980135867588236, 49.809643883999996], [5.980082166882354, 49.809643883999996], [5.980082166882354, 49.80958982999999], [5.980028466176471, 49.80958982999999], [5.980028466176471, 49.809535776], [5.979974765470589, 49.809535776], [5.979974765470589, 49.809481721999994], [5.9799210647647065, 49.809481721999994], [5.9799210647647065, 49.809427668], [5.979867364058824, 49.809427668], [5.979867364058824, 49.809373613999995], [5.9798136633529415, 49.809373613999995], [5.9798136633529415, 49.80931956], [5.9797599626470594, 49.80931956], [5.9797599626470594, 49.809265505999996], [5.9797062619411765, 49.809265505999996], [5.9797062619411765, 49.809211452], [5.979652561235294, 49.809211452], [5.979652561235294, 49.809157397999996], [5.979598860529412, 49.809157397999996], [5.979598860529412, 49.80910334399999], [5.979545159823529, 49.80910334399999], [5.979545159823529, 49.80904929], [5.979491459117647, 49.80904929], [5.979491459117647, 49.808995235999994], [5.979437758411765, 49.808995235999994], [5.979437758411765, 49.808941182], [5.979384057705882, 49.808941182], [5.979384057705882, 49.808887127999995], [5.979330357, 49.808887127999995], [5.979330357, 49.808833074], [5.979276656294118, 49.808833074], [5.979276656294118, 49.808779019999996], [5.979222955588235, 49.808779019999996], [5.979222955588235, 49.80872496599999], [5.979169254882353, 49.80872496599999], [5.979169254882353, 49.808670912], [5.979115554176471, 49.808670912], [5.979115554176471, 49.80861685799999], [5.979061853470588, 49.80861685799999], [5.979061853470588, 49.808562804], [5.979008152764706, 49.808562804], [5.979008152764706, 49.808508749999994], [5.978954452058824, 49.808508749999994], [5.978954452058824, 49.808454696], [5.978900751352941, 49.808454696], [5.978900751352941, 49.808400641999995], [5.978847050647059, 49.808400641999995], [5.978847050647059, 49.80834658799999], [5.978954452058824, 49.80834658799999], [5.978954452058824, 49.808292533999996], [5.979061853470588, 49.808292533999996], [5.979061853470588, 49.80823847999999], [5.979169254882353, 49.80823847999999], [5.979169254882353, 49.808184426], [5.979222955588235, 49.808184426], [5.979222955588235, 49.807914155999995], [5.979276656294118, 49.807914155999995], [5.979276656294118, 49.807806047999996], [5.979330357, 49.807806047999996], [5.979330357, 49.80775199399999], [5.978900751352941, 49.80775199399999]], [[5.980028466176471, 49.809751991999995], [5.980082166882354, 49.809751991999995], [5.980082166882354, 49.809806046], [5.980028466176471, 49.809806046], [5.980028466176471, 49.809751991999995]]]}}, {"type": "Feature", "properties": {"id": "ftw-luxembourg-011", "country": "luxembourg", "source": "fields-of-the-world", "area_ha": 2.4974}, "geometry": {"type": "Polygon", "coordinates": [[[5.939940006, 49.93378790399999], [5.939940006, 49.933841957999995], [5.9396156819999995, 49.933841957999995], [5.9396156819999995, 49.93389601199999], [5.939561628, 49.93389601199999], [5.939561628, 49.933950065999994], [5.939507574, 49.933950065999994], [5.939507574, 49.93400411999999], [5.93945352, 49.93400411999999], [5.93945352, 49.93405817399999], [5.939399466, 49.93405817399999], [5.939399466, 49.93411222799999], [5.939291358, 49.93411222799999], [5.939291358, 49.93416628199999], [5.939237304, 49.93416628199999], [5.939237304, 49.934220335999996], [5.93918325, 49.934220335999996], [5.93918325, 49.93427438999999], [5.939129196, 49.93427438999999], [5.939129196, 49.934328443999995], [5.939021088, 49.934328443999995], [5.939021088, 49.93438249799999], [5.93891298, 49.93438249799999], [5.93891298, 49.934436551999994], [5.938858926, 49.934436551999994], [5.938858926, 49.93449060599999], [5.9388048719999995, 49.93449060599999], [5.9388048719999995, 49.93454465999999], [5.938696764, 49.93454465999999], [5.938696764, 49.93459871399999], [5.93864271, 49.93459871399999], [5.93864271, 49.93465276799999], [5.938534602, 49.93465276799999], [5.938534602, 49.934706821999995], [5.938426494, 49.934706821999995], [5.938426494, 49.93476087599999], [5.938318386, 49.93476087599999], [5.938318386, 49.93486898399999], [5.938264332, 49.93486898399999], [5.938264332, 49.934923037999994], [5.938048116, 49.934923037999994], [5.938048116, 49.93497709199999], [5.93756163, 49.93497709199999], [5.93756163, 49.935409523999994], [5.937345414, 49.935409523999994], [5.937345414, 49.93546357799999], [5.936967036, 49.93546357799999], [5.936967036, 49.93551763199999], [5.936588658, 49.93551763199999], [5.936588658, 49.935571685999996], [5.936318388, 49.935571685999996], [5.936318388, 49.93562573999999], [5.936264334, 49.93562573999999], [5.936264334, 49.935787901999994], [5.936318388, 49.935787901999994], [5.936318388, 49.93584195599999], [5.936426496, 49.93584195599999], [5.936426496, 49.93589600999999], [5.936642712, 49.93589600999999], [5.936642712, 49.935950064], [5.936804874, 49.935950064], [5.936804874, 49.93600411799999], [5.936967036, 49.93600411799999], [5.936967036, 49.936058171999996], [5.93702109, 49.936058171999996], [5.93702109, 49.93611222599999], [5.937129198, 49.93611222599999], [5.937129198, 49.936166279999995], [5.93729136, 49.936166279999995], [5.93729136, 49.93611222599999], [5.937399468, 49.93611222599999], [5.937399468, 49.936058171999996], [5.93756163, 49.936058171999996], [5.93756163, 49.93600411799999], [5.937723792, 49.93600411799999], [5.937723792, 49.935950064], [5.937940008, 49.935950064], [5.937940008, 49.93589600999999], [5.938210278, 49.93589600999999], [5.938210278, 49.93584195599999], [5.938534602, 49.93584195599999], [5.938534602, 49.935787901999994], [5.9388048719999995, 49.935787901999994], [5.9388048719999995, 49.93573384799999], [5.939075142, 49.93573384799999], [5.939075142, 49.935679793999995], [5.939129196, 49.935679793999995], [5.939129196, 49.93551763199999], [5.939075142, 49.93551763199999], [5.939075142, 49.93535546999999], [5.939021088, 49.93535546999999], [5.939021088, 49.93524736199999], [5.938967034, 49.93524736199999], [5.938967034, 49.935193307999995], [5.93891298, 49.935193307999995], [5.93891298, 49.93508519999999], [5.938858926, 49.93508519999999], [5.938858926, 49.93497709199999], [5.938967034, 49.93497709199999], [5.938967034, 49.934923037999994], [5.93918325, 49.934923037999994], [5.93918325, 49.93486898399999], [5.939399466, 49.93486898399999], [5.939399466, 49.934814929999995], [5.939507574, 49.934814929999995], [5.939507574, 49.93476087599999], [5.9396156819999995, 49.93476087599999], [5.9396156819999995, 49.934706821999995], [5.9397237899999995, 49.934706821999995], [5.9397237899999995, 49.93465276799999], [5.939777844, 49.93465276799999], [5.939777844, 49.93459871399999], [5.939885952, 49.93459871399999], [5.939885952, 49.93454465999999], [5.939940006, 49.93454465999999], [5.939940006, 49.93449060599999], [5.940048114, 49.93449060599999], [5.940048114, 49.934436551999994], [5.940102168, 49.934436551999994], [5.940102168, 49.934328443999995], [5.940156222, 49.934328443999995], [5.940156222, 49.934220335999996], [5.94026433, 49.934220335999996], [5.94026433, 49.93411222799999], [5.940318384, 49.93411222799999], [5.940318384, 49.93405817399999], [5.940372438, 49.93405817399999], [5.940372438, 49.933841957999995], [5.940426492, 49.933841957999995], [5.940426492, 49.93378790399999], [5.939940006, 49.93378790399999]]]}}, {"type": "Feature", "properties": {"id": "ftw-luxembourg-012", "country": "luxembourg", "source": "fields-of-the-world", "area_ha": 3.5339}, "geometry": {"type": "Polygon", "coordinates": [[[5.948156214, 49.623610683705884], [5.948156214, 49.62366438441177], [5.948210268, 49.62366438441177], [5.948210268, 49.623771785823536], [5.948264322, 49.623771785823536], [5.948264322, 49.62382548652941], [5.948318376, 49.62382548652941], [5.948318376, 49.62393288794118], [5.94837243, 49.62393288794118], [5.94837243, 49.62414769076471], [5.948318376, 49.62414769076471], [5.948318376, 49.624255092176476], [5.94837243, 49.624255092176476], [5.94837243, 49.62430879288236], [5.948426484, 49.62430879288236], [5.948426484, 49.62441619429412], [5.948480538, 49.62441619429412], [5.948480538, 49.624469895000004], [5.948534592, 49.624469895000004], [5.948534592, 49.62452359570589], [5.948588646, 49.62452359570589], [5.948588646, 49.624577296411765], [5.9486427, 49.624577296411765], [5.9486427, 49.62468469782353], [5.948696754, 49.62468469782353], [5.948696754, 49.624738398529416], [5.948750808, 49.624738398529416], [5.948750808, 49.6247920992353], [5.948804862, 49.6247920992353], [5.948804862, 49.62489950064706], [5.948967024, 49.62489950064706], [5.948967024, 49.62484579994118], [5.949075132, 49.62484579994118], [5.949075132, 49.624953201352945], [5.9491291859999995, 49.624953201352945], [5.9491291859999995, 49.62506060276471], [5.94918324, 49.62506060276471], [5.94918324, 49.62511430347059], [5.949237294, 49.62511430347059], [5.949237294, 49.62516800417647], [5.949291348, 49.62516800417647], [5.949291348, 49.62522170488236], [5.949345402, 49.62522170488236], [5.949345402, 49.625329106294124], [5.949399456, 49.625329106294124], [5.949399456, 49.625382807], [5.94945351, 49.625382807], [5.94945351, 49.625436507705885], [5.949507564, 49.625436507705885], [5.949507564, 49.62554390911765], [5.949561618, 49.62554390911765], [5.949561618, 49.62559760982354], [5.949615672, 49.62559760982354], [5.949615672, 49.62565131052941], [5.949669726, 49.62565131052941], [5.949669726, 49.6257050112353], [5.94972378, 49.6257050112353], [5.94972378, 49.62575871194118], [5.949777834, 49.62575871194118], [5.949777834, 49.625812412647065], [5.949885942, 49.625812412647065], [5.949885942, 49.62586611335295], [5.9499399959999995, 49.62586611335295], [5.9499399959999995, 49.625919814058825], [5.94999405, 49.625919814058825], [5.94999405, 49.62597351476471], [5.9500481039999995, 49.62597351476471], [5.9500481039999995, 49.62602721547059], [5.950102158, 49.62602721547059], [5.950102158, 49.62608091617648], [5.950210266, 49.62608091617648], [5.950210266, 49.626134616882354], [5.95026432, 49.626134616882354], [5.95026432, 49.62618831758824], [5.950318374, 49.62618831758824], [5.950318374, 49.62624201829412], [5.950372428, 49.62624201829412], [5.950372428, 49.626295719000005], [5.950480536, 49.626295719000005], [5.950480536, 49.62624201829412], [5.950642698, 49.62624201829412], [5.950642698, 49.62618831758824], [5.95080486, 49.62618831758824], [5.95080486, 49.626134616882354], [5.950912968, 49.626134616882354], [5.950912968, 49.62608091617648], [5.951021076, 49.62608091617648], [5.951021076, 49.62602721547059], [5.951183238, 49.62602721547059], [5.951183238, 49.62597351476471], [5.951291346, 49.62597351476471], [5.951291346, 49.625919814058825], [5.951507562, 49.625919814058825], [5.951507562, 49.62586611335295], [5.951723778, 49.62586611335295], [5.951723778, 49.625812412647065], [5.95161567, 49.625812412647065], [5.95161567, 49.6257050112353], [5.951561616, 49.6257050112353], [5.951561616, 49.62559760982354], [5.951507562, 49.62559760982354], [5.951507562, 49.62549020841177], [5.951453508, 49.62549020841177], [5.951453508, 49.625382807], [5.951399454, 49.625382807], [5.951399454, 49.62527540558824], [5.9513454, 49.62527540558824], [5.9513454, 49.62522170488236], [5.951291346, 49.62522170488236], [5.951291346, 49.62516800417647], [5.951237292, 49.62516800417647], [5.951237292, 49.62506060276471], [5.951183238, 49.62506060276471], [5.951183238, 49.624953201352945], [5.951129184, 49.624953201352945], [5.951129184, 49.62484579994118], [5.9510751299999995, 49.62484579994118], [5.9510751299999995, 49.624738398529416], [5.951021076, 49.624738398529416], [5.951021076, 49.62468469782353], [5.9509670219999995, 49.62468469782353], [5.9509670219999995, 49.624577296411765], [5.950912968, 49.624577296411765], [5.950912968, 49.62430879288236], [5.950372428, 49.62430879288236], [5.950372428, 49.624255092176476], [5.9500481039999995, 49.624255092176476], [5.9500481039999995, 49.62420139147059], [5.949831888, 49.62420139147059], [5.949831888, 49.62414769076471], [5.94972378, 49.62414769076471], [5.94972378, 49.624093990058824], [5.949561618, 49.624093990058824], [5.949561618, 49.62404028935295], [5.949399456, 49.62404028935295], [5.949399456, 49.623986588647064], [5.949291348, 49.623986588647064], [5.949291348, 49.62393288794118], [5.94918324, 49.62393288794118], [5.94918324, 49.623879187235296], [5.949075132, 49.623879187235296], [5.949075132, 49.62382548652941], [5.949021078, 49.62382548652941], [5.949021078, 49.623771785823536], [5.94891297, 49.623771785823536], [5.94891297, 49.62371808511765], [5.948858916, 49.62371808511765], [5.948858916, 49.62366438441177], [5.948804862, 49.62366438441177], [5.948804862, 49.623610683705884], [5.948156214, 49.623610683705884]]]}}, {"type": "Feature", "properties": {"id": "ftw-luxembourg-013", "country": "luxembourg", "source": "fields-of-the-world", "area_ha": 4.3153}, "geometry": {"type": "Polygon", "coordinates": [[[5.9519940479999995, 49.62167745829412], [5.9519940479999995, 49.62178485970588], [5.952048102, 49.62178485970588], [5.952048102, 49.62189226111765], [5.952102156, 49.62189226111765], [5.952102156, 49.622053363235295], [5.95215621, 49.622053363235295], [5.95215621, 49.62216076464706], [5.952210264, 49.62216076464706], [5.952210264, 49.62232186676471], [5.952264318, 49.62232186676471], [5.952264318, 49.622429268176475], [5.952318372, 49.622429268176475], [5.952318372, 49.62259037029412], [5.952372426, 49.62259037029412], [5.952372426, 49.62269777170589], [5.952588641999999, 49.62269777170589], [5.952588641999999, 49.62275147241177], [5.953075128, 49.62275147241177], [5.953075128, 49.62280517311765], [5.953615667999999, 49.62280517311765], [5.953615667999999, 49.62285887382353], [5.9540481, 49.62285887382353], [5.9540481, 49.622912574529416], [5.954318369999999, 49.622912574529416], [5.954318369999999, 49.6229662752353], [5.954264316, 49.6229662752353], [5.954264316, 49.62318107805883], [5.954210262, 49.62318107805883], [5.954210262, 49.62350328229412], [5.954156208, 49.62350328229412], [5.954156208, 49.62371808511765], [5.953939992, 49.62371808511765], [5.953939992, 49.62366438441177], [5.9537237759999995, 49.62366438441177], [5.9537237759999995, 49.62371808511765], [5.953669722, 49.62371808511765], [5.953669722, 49.623879187235296], [5.953615667999999, 49.623879187235296], [5.953615667999999, 49.623986588647064], [5.953561614, 49.623986588647064], [5.953561614, 49.62404028935295], [5.9537237759999995, 49.62404028935295], [5.9537237759999995, 49.624093990058824], [5.9540481, 49.624093990058824], [5.9540481, 49.62414769076471], [5.95458864, 49.62414769076471], [5.95458864, 49.62420139147059], [5.955021072, 49.62420139147059], [5.955021072, 49.624255092176476], [5.955291342, 49.624255092176476], [5.955291342, 49.62430879288236], [5.955507558, 49.62430879288236], [5.955507558, 49.62436249358824], [5.955723774, 49.62436249358824], [5.955723774, 49.62441619429412], [5.9557778279999996, 49.62441619429412], [5.9557778279999996, 49.62430879288236], [5.955831882, 49.62430879288236], [5.955831882, 49.62420139147059], [5.955885936, 49.62420139147059], [5.955885936, 49.624093990058824], [5.95593999, 49.624093990058824], [5.95593999, 49.623879187235296], [5.955994044, 49.623879187235296], [5.955994044, 49.62344958158824], [5.956048097999999, 49.62344958158824], [5.956048097999999, 49.62323477876471], [5.956102152, 49.62323477876471], [5.956102152, 49.622912574529416], [5.956156205999999, 49.622912574529416], [5.956156205999999, 49.62280517311765], [5.956102152, 49.62280517311765], [5.956102152, 49.62275147241177], [5.955994044, 49.62275147241177], [5.955994044, 49.62269777170589], [5.955885936, 49.62269777170589], [5.955885936, 49.622644071], [5.9557778279999996, 49.622644071], [5.9557778279999996, 49.62259037029412], [5.9556697199999995, 49.62259037029412], [5.9556697199999995, 49.622536669588236], [5.9555616119999994, 49.622536669588236], [5.9555616119999994, 49.62248296888236], [5.955453503999999, 49.62248296888236], [5.955453503999999, 49.622429268176475], [5.955237287999999, 49.622429268176475], [5.955237287999999, 49.62237556747059], [5.95512918, 49.62237556747059], [5.95512918, 49.62232186676471], [5.954967018, 49.62232186676471], [5.954967018, 49.622268166058824], [5.9547508019999995, 49.622268166058824], [5.9547508019999995, 49.62221446535295], [5.954372424, 49.62221446535295], [5.954372424, 49.62216076464706], [5.954210262, 49.62216076464706], [5.954210262, 49.62210706394118], [5.953939992, 49.62210706394118], [5.953939992, 49.622053363235295], [5.95377783, 49.622053363235295], [5.95377783, 49.62199966252941], [5.953561614, 49.62199966252941], [5.953561614, 49.621945961823535], [5.953345398, 49.621945961823535], [5.953345398, 49.62189226111765], [5.95296702, 49.62189226111765], [5.95296702, 49.62183856041177], [5.9528048579999995, 49.62183856041177], [5.9528048579999995, 49.62178485970588], [5.952480534, 49.62178485970588], [5.952480534, 49.621731159], [5.95215621, 49.621731159], [5.95215621, 49.62167745829412], [5.9519940479999995, 49.62167745829412]]]}}, {"type": "Feature", "properties": {"id": "ftw-netherlands-000", "country": "netherlands", "source": "fields-of-the-world", "area_ha": 0.2292}, "geometry": {"type": "Polygon", "coordinates": [[[5.281832556, 51.98636242799999], [5.281832556, 51.986470536], [5.281886610000001, 51.986470536], [5.281886610000001, 51.986578644], [5.281292016, 51.986578644], [5.281292016, 51.986632697999994], [5.281346070000001, 51.986632697999994], [5.281346070000001, 51.98674080599999], [5.281400124, 51.98674080599999], [5.281400124, 51.986848914], [5.281454178000001, 51.986848914], [5.281454178000001, 51.986902967999995], [5.281832556, 51.986902967999995], [5.281832556, 51.986848914], [5.2821568800000005, 51.986848914], [5.2821568800000005, 51.98636242799999], [5.281832556, 51.98636242799999]]]}}, {"type": "Feature", "properties": {"id": "ftw-netherlands-001", "country": "netherlands", "source": "fields-of-the-world", "area_ha": 0.2407}, "geometry": {"type": "Polygon", "coordinates": [[[5.542859322, 51.913407545999995], [5.542859322, 51.9134616], [5.542805268, 51.9134616], [5.542805268, 51.913515654], [5.542751214, 51.913515654], [5.542751214, 51.913569708], [5.54269716, 51.913569708], [5.54269716, 51.913623762], [5.542643106, 51.913623762], [5.542643106, 51.913677815999996], [5.542589052, 51.913677815999996], [5.542589052, 51.91373187], [5.542480944, 51.91373187], [5.542480944, 51.913785923999995], [5.542426890000001, 51.913785923999995], [5.542426890000001, 51.913839978], [5.542372836, 51.913839978], [5.542372836, 51.913894032], [5.542318782000001, 51.913894032], [5.542318782000001, 51.913948086], [5.542264728, 51.913948086], [5.542264728, 51.91400214], [5.542210674000001, 51.91400214], [5.542210674000001, 51.914056194], [5.54215662, 51.914056194], [5.54215662, 51.914110248], [5.5421025660000005, 51.914110248], [5.5421025660000005, 51.914164301999996], [5.5419944580000005, 51.914164301999996], [5.5419944580000005, 51.914218356], [5.541940404, 51.914218356], [5.541940404, 51.914272409999995], [5.54188635, 51.914272409999995], [5.54188635, 51.914326464], [5.541832296, 51.914326464], [5.541832296, 51.914380518], [5.541724188, 51.914380518], [5.541724188, 51.914434572], [5.541670134, 51.914434572], [5.541670134, 51.914488626], [5.541616080000001, 51.914488626], [5.541616080000001, 51.91454268], [5.541562026, 51.91454268], [5.541562026, 51.914596734], [5.541453918, 51.914596734], [5.541453918, 51.914704842], [5.541562026, 51.914704842], [5.541562026, 51.914758895999995], [5.541616080000001, 51.914758895999995], [5.541616080000001, 51.914704842], [5.541670134, 51.914704842], [5.541670134, 51.914650787999996], [5.541778242, 51.914650787999996], [5.541778242, 51.914596734], [5.541832296, 51.914596734], [5.541832296, 51.91454268], [5.54188635, 51.91454268], [5.54188635, 51.914488626], [5.541940404, 51.914488626], [5.541940404, 51.914434572], [5.5419944580000005, 51.914434572], [5.5419944580000005, 51.914380518], [5.542048512, 51.914380518], [5.542048512, 51.914326464], [5.54215662, 51.914326464], [5.54215662, 51.914272409999995], [5.542210674000001, 51.914272409999995], [5.542210674000001, 51.914218356], [5.542264728, 51.914218356], [5.542264728, 51.914164301999996], [5.542318782000001, 51.914164301999996], [5.542318782000001, 51.914110248], [5.542372836, 51.914110248], [5.542372836, 51.914056194], [5.542480944, 51.914056194], [5.542480944, 51.91400214], [5.542534998000001, 51.91400214], [5.542534998000001, 51.913948086], [5.542589052, 51.913948086], [5.542589052, 51.913894032], [5.542643106, 51.913894032], [5.542643106, 51.913839978], [5.54269716, 51.913839978], [5.54269716, 51.913785923999995], [5.542751214, 51.913785923999995], [5.542751214, 51.91373187], [5.542805268, 51.91373187], [5.542805268, 51.913677815999996], [5.542859322, 51.913677815999996], [5.542859322, 51.913623762], [5.5429133760000004, 51.913623762], [5.5429133760000004, 51.913515654], [5.54296743, 51.913515654], [5.54296743, 51.913407545999995], [5.542859322, 51.913407545999995]]]}}, {"type": "Feature", "properties": {"id": "ftw-netherlands-002", "country": "netherlands", "source": "fields-of-the-world", "area_ha": 0.3699}, "geometry": {"type": "Polygon", "coordinates": [[[5.547886344, 51.914218356], [5.547886344, 51.914596734], [5.54783229, 51.914596734], [5.54783229, 51.914758895999995], [5.547778236, 51.914758895999995], [5.547778236, 51.91481295], [5.547886344, 51.91481295], [5.547886344, 51.914867004], [5.548156614, 51.914867004], [5.548156614, 51.914921058], [5.54837283, 51.914921058], [5.54837283, 51.914975112], [5.548589046, 51.914975112], [5.548589046, 51.91454268], [5.5486431, 51.91454268], [5.5486431, 51.914272409999995], [5.547940398, 51.914272409999995], [5.547940398, 51.914218356], [5.547886344, 51.914218356]]]}}, {"type": "Feature", "properties": {"id": "ftw-netherlands-003", "country": "netherlands", "source": "fields-of-the-world", "area_ha": 0.4857}, "geometry": {"type": "Polygon", "coordinates": [[[5.550913368, 51.918542676], [5.550913368, 51.91859673], [5.550859314, 51.91859673], [5.550859314, 51.918650784], [5.55080526, 51.918650784], [5.55080526, 51.918704838000004], [5.550751206, 51.918704838000004], [5.550751206, 51.918758892], [5.550697152, 51.918758892], [5.550697152, 51.918812946], [5.550643098, 51.918812946], [5.550643098, 51.918867], [5.550589044, 51.918867], [5.550589044, 51.918921054], [5.55053499, 51.918921054], [5.55053499, 51.918975108], [5.550480936, 51.918975108], [5.550480936, 51.919083216000004], [5.550426882, 51.919083216000004], [5.550426882, 51.91913727], [5.551778232, 51.91913727], [5.551778232, 51.919083216000004], [5.551832286, 51.919083216000004], [5.551832286, 51.918975108], [5.55188634, 51.918975108], [5.55188634, 51.918921054], [5.551940394, 51.918921054], [5.551940394, 51.918867], [5.551994448, 51.918867], [5.551994448, 51.918812946], [5.551940394, 51.918812946], [5.551940394, 51.918758892], [5.551832286, 51.918758892], [5.551832286, 51.918704838000004], [5.551562016, 51.918704838000004], [5.551562016, 51.918650784], [5.5513458, 51.918650784], [5.5513458, 51.91859673], [5.551021476, 51.91859673], [5.551021476, 51.918542676], [5.550913368, 51.918542676]]]}}, {"type": "Feature", "properties": {"id": "ftw-netherlands-004", "country": "netherlands", "source": "fields-of-the-world", "area_ha": 0.8112}, "geometry": {"type": "Polygon", "coordinates": [[[5.545183644, 51.907894037999995], [5.545183644, 51.908164307999996], [5.54512959, 51.908164307999996], [5.54512959, 51.908704848], [5.545183644, 51.908704848], [5.545183644, 51.910164306], [5.545237698, 51.910164306], [5.545237698, 51.910272414], [5.545345806, 51.910272414], [5.545345806, 51.910380522], [5.54539986, 51.910380522], [5.54539986, 51.910272414], [5.545616076, 51.910272414], [5.545616076, 51.90832647], [5.54567013, 51.90832647], [5.54567013, 51.908002145999994], [5.545616076, 51.908002145999994], [5.545616076, 51.907948092], [5.54539986, 51.907948092], [5.54539986, 51.907894037999995], [5.545183644, 51.907894037999995]]]}}, {"type": "Feature", "properties": {"id": "ftw-netherlands-005", "country": "netherlands", "source": "fields-of-the-world", "area_ha": 0.8188}, "geometry": {"type": "Polygon", "coordinates": [[[5.284535256000001, 51.983984052], [5.284535256000001, 51.98403810599999], [5.283670392, 51.98403810599999], [5.283670392, 51.984092159999996], [5.283724446000001, 51.984092159999996], [5.283724446000001, 51.984200267999995], [5.2837785, 51.984200267999995], [5.2837785, 51.984254322], [5.283832554, 51.984254322], [5.283832554, 51.984308375999994], [5.283886608, 51.984308375999994], [5.283886608, 51.98436243], [5.283940662, 51.98436243], [5.283940662, 51.98441648399999], [5.2839947160000005, 51.98441648399999], [5.2839947160000005, 51.984470538], [5.28404877, 51.984470538], [5.28404877, 51.984578645999996], [5.2841028240000005, 51.984578645999996], [5.2841028240000005, 51.98463269999999], [5.284156878, 51.98463269999999], [5.284156878, 51.984686753999995], [5.284210932000001, 51.984686753999995], [5.284210932000001, 51.984740808], [5.284264986, 51.984740808], [5.284264986, 51.984794861999994], [5.284319040000001, 51.984794861999994], [5.284319040000001, 51.984848916], [5.284373094, 51.984848916], [5.284373094, 51.98490296999999], [5.28458931, 51.98490296999999], [5.28458931, 51.984848916], [5.284805526, 51.984848916], [5.284805526, 51.984794861999994], [5.2850217420000005, 51.984794861999994], [5.2850217420000005, 51.984740808], [5.285183904, 51.984740808], [5.285183904, 51.984686753999995], [5.285346066000001, 51.984686753999995], [5.285346066000001, 51.98463269999999], [5.285508228, 51.98463269999999], [5.285508228, 51.98452459199999], [5.285454174000001, 51.98452459199999], [5.285454174000001, 51.984470538], [5.28540012, 51.984470538], [5.28540012, 51.98441648399999], [5.285346066000001, 51.98441648399999], [5.285346066000001, 51.984308375999994], [5.285292012, 51.984308375999994], [5.285292012, 51.984254322], [5.285237958000001, 51.984254322], [5.285237958000001, 51.984200267999995], [5.285183904, 51.984200267999995], [5.285183904, 51.98414621399999], [5.285129850000001, 51.98414621399999], [5.285129850000001, 51.984092159999996], [5.285075796, 51.984092159999996], [5.285075796, 51.983984052], [5.284535256000001, 51.983984052]]]}}, {"type": "Feature", "properties": {"id": "ftw-netherlands-006", "country": "netherlands", "source": "fields-of-the-world", "area_ha": 1.5332}, "geometry": {"type": "Polygon", "coordinates": [[[5.543832294, 51.911948087999995], [5.543832294, 51.912002142], [5.543345808000001, 51.912002142], [5.543345808000001, 51.912056195999995], [5.5431295920000005, 51.912056195999995], [5.5431295920000005, 51.912164304], [5.543183646, 51.912164304], [5.543183646, 51.912272412], [5.5430214840000005, 51.912272412], [5.5430214840000005, 51.912326465999996], [5.542859322, 51.912326465999996], [5.542859322, 51.91238052], [5.542751214, 51.91238052], [5.542751214, 51.912488628], [5.542643106, 51.912488628], [5.542643106, 51.91238052], [5.542534998000001, 51.91238052], [5.542534998000001, 51.912434573999995], [5.542372836, 51.912434573999995], [5.542372836, 51.91238052], [5.54215662, 51.91238052], [5.54215662, 51.912434573999995], [5.5421025660000005, 51.912434573999995], [5.5421025660000005, 51.912488628], [5.54215662, 51.912488628], [5.54215662, 51.912542681999994], [5.542210674000001, 51.912542681999994], [5.542210674000001, 51.912596736], [5.542264728, 51.912596736], [5.542264728, 51.91265079], [5.542318782000001, 51.91265079], [5.542318782000001, 51.912704844], [5.542372836, 51.912704844], [5.542372836, 51.912758898], [5.542426890000001, 51.912758898], [5.542426890000001, 51.912812951999996], [5.542480944, 51.912812951999996], [5.542480944, 51.912867006], [5.542534998000001, 51.912867006], [5.542534998000001, 51.912921059999995], [5.542589052, 51.912921059999995], [5.542589052, 51.912975114], [5.542643106, 51.912975114], [5.542643106, 51.913029167999994], [5.54269716, 51.913029167999994], [5.54269716, 51.913083222], [5.542751214, 51.913083222], [5.542751214, 51.913137276], [5.542859322, 51.913137276], [5.542859322, 51.91319133], [5.543075538, 51.91319133], [5.543075538, 51.913245384], [5.543237700000001, 51.913245384], [5.543237700000001, 51.913299437999996], [5.543562024, 51.913299437999996], [5.543562024, 51.913353492], [5.54377824, 51.913353492], [5.54377824, 51.913407545999995], [5.543994456, 51.913407545999995], [5.543994456, 51.9134616], [5.544102564, 51.9134616], [5.544102564, 51.913353492], [5.544156618000001, 51.913353492], [5.544156618000001, 51.913137276], [5.544210672, 51.913137276], [5.544210672, 51.911948087999995], [5.543832294, 51.911948087999995]]]}}, {"type": "Feature", "properties": {"id": "ftw-netherlands-007", "country": "netherlands", "source": "fields-of-the-world", "area_ha": 1.6076}, "geometry": {"type": "Polygon", "coordinates": [[[5.582192616, 51.82477700399999], [5.582192616, 51.82483105799999], [5.582138562000001, 51.82483105799999], [5.582138562000001, 51.82488511199999], [5.582084508, 51.82488511199999], [5.582084508, 51.82499321999999], [5.582030454000001, 51.82499321999999], [5.582030454000001, 51.825047273999985], [5.5819764, 51.825047273999985], [5.5819764, 51.82510132799999], [5.581922346000001, 51.82510132799999], [5.581922346000001, 51.82515538199999], [5.581868292, 51.82515538199999], [5.581868292, 51.82520943599999], [5.581814238000001, 51.82520943599999], [5.581814238000001, 51.82526348999999], [5.581760184, 51.82526348999999], [5.581760184, 51.82531754399999], [5.581706130000001, 51.82531754399999], [5.581706130000001, 51.825425651999986], [5.581652076, 51.825425651999986], [5.581652076, 51.82547970599999], [5.5815980220000005, 51.82547970599999], [5.5815980220000005, 51.82553375999999], [5.581543968, 51.82553375999999], [5.581543968, 51.82558781399999], [5.5814899140000005, 51.82558781399999], [5.5814899140000005, 51.82564186799999], [5.58143586, 51.82564186799999], [5.58143586, 51.82569592199999], [5.5813818060000004, 51.82569592199999], [5.5813818060000004, 51.82574997599999], [5.581327752000001, 51.82574997599999], [5.581327752000001, 51.82585808399999], [5.581273698, 51.82585808399999], [5.581273698, 51.82591213799999], [5.581219644000001, 51.82591213799999], [5.581219644000001, 51.82596619199999], [5.58116559, 51.82596619199999], [5.58116559, 51.82602024599999], [5.581111536000001, 51.82602024599999], [5.581111536000001, 51.82607429999999], [5.581273698, 51.82607429999999], [5.581273698, 51.82612835399999], [5.5815980220000005, 51.82612835399999], [5.5815980220000005, 51.82618240799999], [5.581922346000001, 51.82618240799999], [5.581922346000001, 51.82623646199999], [5.58224667, 51.82623646199999], [5.58224667, 51.826290515999986], [5.582570994, 51.826290515999986], [5.582570994, 51.82634456999999], [5.58278721, 51.82634456999999], [5.58278721, 51.82623646199999], [5.582841264000001, 51.82623646199999], [5.582841264000001, 51.82618240799999], [5.582895318, 51.82618240799999], [5.582895318, 51.82607429999999], [5.582949372000001, 51.82607429999999], [5.582949372000001, 51.82602024599999], [5.583003426, 51.82602024599999], [5.583003426, 51.82591213799999], [5.583057480000001, 51.82591213799999], [5.583057480000001, 51.82585808399999], [5.583111534, 51.82585808399999], [5.583111534, 51.82574997599999], [5.583165588, 51.82574997599999], [5.583165588, 51.82564186799999], [5.583219642, 51.82564186799999], [5.583219642, 51.82558781399999], [5.583273696, 51.82558781399999], [5.583273696, 51.82547970599999], [5.5833277500000005, 51.82547970599999], [5.5833277500000005, 51.825425651999986], [5.583381804, 51.825425651999986], [5.583381804, 51.82531754399999], [5.5834358580000005, 51.82531754399999], [5.5834358580000005, 51.82526348999999], [5.5833277500000005, 51.82526348999999], [5.5833277500000005, 51.82520943599999], [5.583111534, 51.82520943599999], [5.583111534, 51.82515538199999], [5.583003426, 51.82515538199999], [5.583003426, 51.82510132799999], [5.583057480000001, 51.82510132799999], [5.583057480000001, 51.82499321999999], [5.583003426, 51.82499321999999], [5.583003426, 51.824939165999986], [5.58278721, 51.824939165999986], [5.58278721, 51.82488511199999], [5.582570994, 51.82488511199999], [5.582570994, 51.82483105799999], [5.582354778, 51.82483105799999], [5.582354778, 51.82477700399999], [5.582192616, 51.82477700399999]]]}}, {"type": "Feature", "properties": {"id": "ftw-netherlands-008", "country": "netherlands", "source": "fields-of-the-world", "area_ha": 1.6424}, "geometry": {"type": "Polygon", "coordinates": [[[5.54431878, 51.911948087999995], [5.54431878, 51.91319133], [5.544264726, 51.91319133], [5.544264726, 51.913515654], [5.54431878, 51.913515654], [5.54431878, 51.9134616], [5.544426888, 51.9134616], [5.544426888, 51.913515654], [5.544534996, 51.913515654], [5.544534996, 51.913569708], [5.544697158, 51.913569708], [5.544697158, 51.913623762], [5.544805266, 51.913623762], [5.544805266, 51.913677815999996], [5.544913374, 51.913677815999996], [5.544913374, 51.91373187], [5.545075536000001, 51.91373187], [5.545075536000001, 51.913785923999995], [5.54512959, 51.913785923999995], [5.54512959, 51.913894032], [5.545453914, 51.913894032], [5.545453914, 51.913948086], [5.545616076, 51.913948086], [5.545616076, 51.91400214], [5.5457782380000005, 51.91400214], [5.5457782380000005, 51.913407545999995], [5.545832292, 51.913407545999995], [5.545832292, 51.912921059999995], [5.545237698, 51.912921059999995], [5.545237698, 51.912434573999995], [5.545291752, 51.912434573999995], [5.545291752, 51.912002142], [5.544913374, 51.912002142], [5.544913374, 51.911948087999995], [5.54431878, 51.911948087999995]], [[5.545075536000001, 51.912218358], [5.545183644, 51.912218358], [5.545183644, 51.912326465999996], [5.545075536000001, 51.912326465999996], [5.545075536000001, 51.912218358]]]}}, {"type": "Feature", "properties": {"id": "ftw-netherlands-009", "country": "netherlands", "source": "fields-of-the-world", "area_ha": 1.989}, "geometry": {"type": "Polygon", "coordinates": [[[5.285237958000001, 51.984740808], [5.285237958000001, 51.984794861999994], [5.2850217420000005, 51.984794861999994], [5.2850217420000005, 51.984848916], [5.28485958, 51.984848916], [5.28485958, 51.98490296999999], [5.284697418, 51.98490296999999], [5.284697418, 51.984957023999996], [5.284481202, 51.984957023999996], [5.284481202, 51.985065131999995], [5.284535256000001, 51.985065131999995], [5.284535256000001, 51.985119186], [5.28458931, 51.985119186], [5.28458931, 51.985173239999995], [5.284643364000001, 51.985173239999995], [5.284643364000001, 51.985281347999994], [5.284697418, 51.985281347999994], [5.284697418, 51.985335402], [5.284751472, 51.985335402], [5.284751472, 51.98538945599999], [5.284805526, 51.98538945599999], [5.284805526, 51.985443509999996], [5.28485958, 51.985443509999996], [5.28485958, 51.985497564], [5.2849136340000005, 51.985497564], [5.2849136340000005, 51.985551617999995], [5.284967688, 51.985551617999995], [5.284967688, 51.985605672], [5.2850217420000005, 51.985605672], [5.2850217420000005, 51.985659725999994], [5.285075796, 51.985659725999994], [5.285075796, 51.985767833999994], [5.285129850000001, 51.985767833999994], [5.285129850000001, 51.985821888], [5.285183904, 51.985821888], [5.285183904, 51.98587594199999], [5.285237958000001, 51.98587594199999], [5.285237958000001, 51.985929995999996], [5.285292012, 51.985929995999996], [5.285292012, 51.98598405], [5.285346066000001, 51.98598405], [5.285346066000001, 51.986038103999995], [5.28540012, 51.986038103999995], [5.28540012, 51.986092158], [5.285454174000001, 51.986092158], [5.285454174000001, 51.986146211999994], [5.285508228, 51.986146211999994], [5.285508228, 51.98625431999999], [5.285562282000001, 51.98625431999999], [5.285562282000001, 51.986308374], [5.285616336, 51.986308374], [5.285616336, 51.98636242799999], [5.28567039, 51.98636242799999], [5.28567039, 51.986416481999996], [5.285724444, 51.986416481999996], [5.285724444, 51.986470536], [5.285778498, 51.986470536], [5.285778498, 51.986524589999995], [5.2858325520000005, 51.986524589999995], [5.2858325520000005, 51.986578644], [5.285886606, 51.986578644], [5.285886606, 51.986632697999994], [5.2859406600000005, 51.986632697999994], [5.2859406600000005, 51.986686752], [5.285994714, 51.986686752], [5.285994714, 51.986794859999996], [5.286048768000001, 51.986794859999996], [5.286048768000001, 51.986848914], [5.286102822, 51.986848914], [5.286102822, 51.986902967999995], [5.286156876000001, 51.986902967999995], [5.286156876000001, 51.986957022], [5.28621093, 51.986957022], [5.28621093, 51.987011075999995], [5.286264984000001, 51.987011075999995], [5.286264984000001, 51.98706513], [5.286319038, 51.98706513], [5.286319038, 51.987119183999994], [5.286373092000001, 51.987119183999994], [5.286373092000001, 51.987173238], [5.286427146, 51.987173238], [5.286427146, 51.987227292], [5.2864812, 51.987227292], [5.2864812, 51.9873354], [5.286535254, 51.9873354], [5.286535254, 51.987389453999995], [5.286697416, 51.987389453999995], [5.286697416, 51.9873354], [5.286913632, 51.9873354], [5.286913632, 51.987281345999996], [5.287183902000001, 51.987281345999996], [5.287183902000001, 51.987227292], [5.287454172, 51.987227292], [5.287454172, 51.987119183999994], [5.287400118, 51.987119183999994], [5.287400118, 51.98706513], [5.287346064, 51.98706513], [5.287346064, 51.987011075999995], [5.28729201, 51.987011075999995], [5.28729201, 51.986957022], [5.287237956, 51.986957022], [5.287237956, 51.986848914], [5.287183902000001, 51.986848914], [5.287183902000001, 51.986794859999996], [5.287129848, 51.986794859999996], [5.287129848, 51.98674080599999], [5.287075794000001, 51.98674080599999], [5.287075794000001, 51.986686752], [5.28702174, 51.986686752], [5.28702174, 51.986632697999994], [5.2869676860000006, 51.986632697999994], [5.2869676860000006, 51.986578644], [5.286913632, 51.986578644], [5.286913632, 51.986524589999995], [5.2868595780000005, 51.986524589999995], [5.2868595780000005, 51.986470536], [5.286805524, 51.986470536], [5.286805524, 51.986416481999996], [5.2867514700000005, 51.986416481999996], [5.2867514700000005, 51.98636242799999], [5.286697416, 51.98636242799999], [5.286697416, 51.98625431999999], [5.286643362, 51.98625431999999], [5.286643362, 51.986200266], [5.286589308, 51.986200266], [5.286589308, 51.986146211999994], [5.286535254, 51.986146211999994], [5.286535254, 51.986092158], [5.2864812, 51.986092158], [5.2864812, 51.986038103999995], [5.286427146, 51.986038103999995], [5.286427146, 51.98598405], [5.286373092000001, 51.98598405], [5.286373092000001, 51.985929995999996], [5.286319038, 51.985929995999996], [5.286319038, 51.98587594199999], [5.286264984000001, 51.98587594199999], [5.286264984000001, 51.985821888], [5.28621093, 51.985821888], [5.28621093, 51.985767833999994], [5.286156876000001, 51.985767833999994], [5.286156876000001, 51.98571378], [5.286102822, 51.98571378], [5.286102822, 51.985605672], [5.286048768000001, 51.985605672], [5.286048768000001, 51.985551617999995], [5.285994714, 51.985551617999995], [5.285994714, 51.985497564], [5.2859406600000005, 51.985497564], [5.2859406600000005, 51.985443509999996], [5.285886606, 51.985443509999996], [5.285886606, 51.98538945599999], [5.2858325520000005, 51.98538945599999], [5.2858325520000005, 51.985335402], [5.285778498, 51.985335402], [5.285778498, 51.985281347999994], [5.285724444, 51.985281347999994], [5.285724444, 51.985227294], [5.28567039, 51.985227294], [5.28567039, 51.985173239999995], [5.285616336, 51.985173239999995], [5.285616336, 51.985119186], [5.285562282000001, 51.985119186], [5.285562282000001, 51.98501107799999], [5.285508228, 51.98501107799999], [5.285508228, 51.984957023999996], [5.285454174000001, 51.984957023999996], [5.285454174000001, 51.98490296999999], [5.28540012, 51.98490296999999], [5.28540012, 51.984848916], [5.285346066000001, 51.984848916], [5.285346066000001, 51.984794861999994], [5.285292012, 51.984794861999994], [5.285292012, 51.984740808], [5.285237958000001, 51.984740808]]]}}, {"type": "Feature", "properties": {"id": "ftw-netherlands-010", "country": "netherlands", "source": "fields-of-the-world", "area_ha": 2.3789}, "geometry": {"type": "Polygon", "coordinates": [[[5.783832054, 51.764254541999996], [5.783832054, 51.764308596], [5.783669892, 51.764308596], [5.783669892, 51.764362649999995], [5.78350773, 51.764362649999995], [5.78350773, 51.764416704], [5.783399622, 51.764416704], [5.783399622, 51.764470757999995], [5.783291514, 51.764470757999995], [5.783291514, 51.764524812], [5.783183406, 51.764524812], [5.783183406, 51.764578865999994], [5.783021244, 51.764578865999994], [5.783021244, 51.76463292], [5.782913136, 51.76463292], [5.782913136, 51.764686974], [5.782805028, 51.764686974], [5.782805028, 51.764795082], [5.782859082, 51.764795082], [5.782859082, 51.764849135999995], [5.782913136, 51.764849135999995], [5.782913136, 51.76490319], [5.78296719, 51.76490319], [5.78296719, 51.764957243999994], [5.783021244, 51.764957243999994], [5.783021244, 51.765011298], [5.783075298, 51.765011298], [5.783075298, 51.76506535199999], [5.7831293520000004, 51.76506535199999], [5.7831293520000004, 51.76517346], [5.783183406, 51.76517346], [5.783183406, 51.765227513999996], [5.78323746, 51.765227513999996], [5.78323746, 51.765281568], [5.783291514, 51.765281568], [5.783291514, 51.765335621999995], [5.783345568, 51.765335621999995], [5.783345568, 51.765389676], [5.783399622, 51.765389676], [5.783399622, 51.765443729999994], [5.783453676, 51.765443729999994], [5.783453676, 51.765497784], [5.78350773, 51.765497784], [5.78350773, 51.76555183799999], [5.783561784, 51.76555183799999], [5.783561784, 51.765605891999996], [5.783615838, 51.765605891999996], [5.783615838, 51.765659946], [5.783669892, 51.765659946], [5.783669892, 51.765713999999996], [5.783723946, 51.765713999999996], [5.783723946, 51.765822107999995], [5.783778, 51.765822107999995], [5.783778, 51.765876162], [5.783832054, 51.765876162], [5.783832054, 51.765930215999994], [5.783886108, 51.765930215999994], [5.783886108, 51.76598427], [5.783940162, 51.76598427], [5.783940162, 51.766038324], [5.783994216, 51.766038324], [5.783994216, 51.766092377999996], [5.7840482699999995, 51.766092377999996], [5.7840482699999995, 51.766146432], [5.784102324, 51.766146432], [5.784102324, 51.766200485999995], [5.784156378, 51.766200485999995], [5.784156378, 51.76625454], [5.784210432, 51.76625454], [5.784210432, 51.766308593999995], [5.784264486, 51.766308593999995], [5.784264486, 51.766362648], [5.78431854, 51.766362648], [5.78431854, 51.766416702], [5.784372594, 51.766416702], [5.784372594, 51.766470756], [5.784534756, 51.766470756], [5.784534756, 51.766416702], [5.784696918, 51.766416702], [5.784696918, 51.766362648], [5.78485908, 51.766362648], [5.78485908, 51.766308593999995], [5.7849671879999995, 51.766308593999995], [5.7849671879999995, 51.76625454], [5.78512935, 51.76625454], [5.78512935, 51.766200485999995], [5.785237458, 51.766200485999995], [5.785237458, 51.766146432], [5.78539962, 51.766146432], [5.78539962, 51.766092377999996], [5.785507728, 51.766092377999996], [5.785507728, 51.766038324], [5.785615836, 51.766038324], [5.785615836, 51.76598427], [5.78566989, 51.76598427], [5.78566989, 51.765930215999994], [5.785615836, 51.765930215999994], [5.785615836, 51.765876162], [5.785561782, 51.765876162], [5.785561782, 51.765822107999995], [5.785507728, 51.765822107999995], [5.785507728, 51.765713999999996], [5.785453674, 51.765713999999996], [5.785453674, 51.765659946], [5.78539962, 51.765659946], [5.78539962, 51.765605891999996], [5.785345566, 51.765605891999996], [5.785345566, 51.76555183799999], [5.785291512, 51.76555183799999], [5.785291512, 51.765497784], [5.785237458, 51.765497784], [5.785237458, 51.765443729999994], [5.785183404, 51.765443729999994], [5.785183404, 51.765389676], [5.78512935, 51.765389676], [5.78512935, 51.765335621999995], [5.785075296, 51.765335621999995], [5.785075296, 51.765281568], [5.785021242, 51.765281568], [5.785021242, 51.765227513999996], [5.7849671879999995, 51.765227513999996], [5.7849671879999995, 51.76517346], [5.784913134, 51.76517346], [5.784913134, 51.765119406], [5.78485908, 51.765119406], [5.78485908, 51.76506535199999], [5.784805026, 51.76506535199999], [5.784805026, 51.765011298], [5.784750972, 51.765011298], [5.784750972, 51.764957243999994], [5.784696918, 51.764957243999994], [5.784696918, 51.76490319], [5.784642864, 51.76490319], [5.784642864, 51.764849135999995], [5.78458881, 51.764849135999995], [5.78458881, 51.764795082], [5.784534756, 51.764795082], [5.784534756, 51.764741027999996], [5.784480702, 51.764741027999996], [5.784480702, 51.764686974], [5.784372594, 51.764686974], [5.784372594, 51.76463292], [5.78431854, 51.76463292], [5.78431854, 51.764578865999994], [5.784264486, 51.764578865999994], [5.784264486, 51.764524812], [5.784210432, 51.764524812], [5.784210432, 51.764470757999995], [5.784156378, 51.764470757999995], [5.784156378, 51.764416704], [5.784102324, 51.764416704], [5.784102324, 51.764362649999995], [5.7840482699999995, 51.764362649999995], [5.7840482699999995, 51.764308596], [5.783994216, 51.764308596], [5.783994216, 51.764254541999996], [5.783832054, 51.764254541999996]]]}}, {"type": "Feature", "properties": {"id": "ftw-netherlands-011", "country": "netherlands", "source": "fields-of-the-world", "area_ha": 2.9435}, "geometry": {"type": "Polygon", "coordinates": [[[5.285237958000001, 51.983929997999994], [5.285237958000001, 51.984092159999996], [5.285292012, 51.984092159999996], [5.285292012, 51.98414621399999], [5.285346066000001, 51.98414621399999], [5.285346066000001, 51.984200267999995], [5.28540012, 51.984200267999995], [5.28540012, 51.984254322], [5.285454174000001, 51.984254322], [5.285454174000001, 51.984308375999994], [5.285508228, 51.984308375999994], [5.285508228, 51.98441648399999], [5.285562282000001, 51.98441648399999], [5.285562282000001, 51.984470538], [5.285616336, 51.984470538], [5.285616336, 51.98452459199999], [5.28567039, 51.98452459199999], [5.28567039, 51.984578645999996], [5.285778498, 51.984578645999996], [5.285778498, 51.98463269999999], [5.285724444, 51.98463269999999], [5.285724444, 51.984686753999995], [5.28567039, 51.984686753999995], [5.28567039, 51.98463269999999], [5.285562282000001, 51.98463269999999], [5.285562282000001, 51.984686753999995], [5.28540012, 51.984686753999995], [5.28540012, 51.984740808], [5.285346066000001, 51.984740808], [5.285346066000001, 51.984794861999994], [5.28540012, 51.984794861999994], [5.28540012, 51.984848916], [5.285454174000001, 51.984848916], [5.285454174000001, 51.98490296999999], [5.285508228, 51.98490296999999], [5.285508228, 51.984957023999996], [5.285562282000001, 51.984957023999996], [5.285562282000001, 51.98501107799999], [5.285616336, 51.98501107799999], [5.285616336, 51.985119186], [5.28567039, 51.985119186], [5.28567039, 51.985173239999995], [5.285724444, 51.985173239999995], [5.285724444, 51.985227294], [5.285778498, 51.985227294], [5.285778498, 51.985281347999994], [5.2858325520000005, 51.985281347999994], [5.2858325520000005, 51.985335402], [5.285886606, 51.985335402], [5.285886606, 51.98538945599999], [5.2859406600000005, 51.98538945599999], [5.2859406600000005, 51.985443509999996], [5.285994714, 51.985443509999996], [5.285994714, 51.985497564], [5.286048768000001, 51.985497564], [5.286048768000001, 51.985551617999995], [5.286102822, 51.985551617999995], [5.286102822, 51.985605672], [5.286156876000001, 51.985605672], [5.286156876000001, 51.98571378], [5.28621093, 51.98571378], [5.28621093, 51.985767833999994], [5.286264984000001, 51.985767833999994], [5.286264984000001, 51.985821888], [5.286319038, 51.985821888], [5.286319038, 51.98587594199999], [5.286373092000001, 51.98587594199999], [5.286373092000001, 51.985929995999996], [5.286427146, 51.985929995999996], [5.286427146, 51.98598405], [5.2864812, 51.98598405], [5.2864812, 51.986038103999995], [5.286535254, 51.986038103999995], [5.286535254, 51.986092158], [5.286589308, 51.986092158], [5.286589308, 51.986146211999994], [5.286643362, 51.986146211999994], [5.286643362, 51.986200266], [5.286697416, 51.986200266], [5.286697416, 51.98625431999999], [5.2867514700000005, 51.98625431999999], [5.2867514700000005, 51.98636242799999], [5.286805524, 51.98636242799999], [5.286805524, 51.986416481999996], [5.2868595780000005, 51.986416481999996], [5.2868595780000005, 51.986470536], [5.286913632, 51.986470536], [5.286913632, 51.986524589999995], [5.2869676860000006, 51.986524589999995], [5.2869676860000006, 51.986578644], [5.28702174, 51.986578644], [5.28702174, 51.986632697999994], [5.287075794000001, 51.986632697999994], [5.287075794000001, 51.986686752], [5.287129848, 51.986686752], [5.287129848, 51.98674080599999], [5.287183902000001, 51.98674080599999], [5.287183902000001, 51.986794859999996], [5.287237956, 51.986794859999996], [5.287237956, 51.986848914], [5.28729201, 51.986848914], [5.28729201, 51.986957022], [5.287346064, 51.986957022], [5.287346064, 51.987011075999995], [5.287400118, 51.987011075999995], [5.287400118, 51.98706513], [5.287454172, 51.98706513], [5.287454172, 51.987119183999994], [5.287508226, 51.987119183999994], [5.287508226, 51.987173238], [5.2877784960000005, 51.987173238], [5.2877784960000005, 51.987119183999994], [5.287994712000001, 51.987119183999994], [5.287994712000001, 51.98706513], [5.288048766, 51.98706513], [5.288048766, 51.987119183999994], [5.288210928, 51.987119183999994], [5.288210928, 51.98706513], [5.288535252, 51.98706513], [5.288535252, 51.987011075999995], [5.2886974140000005, 51.987011075999995], [5.2886974140000005, 51.986957022], [5.28864336, 51.986957022], [5.28864336, 51.986902967999995], [5.288589306, 51.986902967999995], [5.288589306, 51.986848914], [5.288535252, 51.986848914], [5.288535252, 51.98674080599999], [5.288481198, 51.98674080599999], [5.288481198, 51.986686752], [5.288427144, 51.986686752], [5.288427144, 51.986632697999994], [5.28837309, 51.986632697999994], [5.28837309, 51.986578644], [5.288319036, 51.986578644], [5.288319036, 51.986524589999995], [5.288264982, 51.986524589999995], [5.288264982, 51.986470536], [5.288210928, 51.986470536], [5.288210928, 51.986416481999996], [5.288156874, 51.986416481999996], [5.288156874, 51.986308374], [5.288102820000001, 51.986308374], [5.288102820000001, 51.98625431999999], [5.288048766, 51.98625431999999], [5.288048766, 51.986200266], [5.287994712000001, 51.986200266], [5.287994712000001, 51.986146211999994], [5.287940658, 51.986146211999994], [5.287940658, 51.986092158], [5.2878866040000005, 51.986092158], [5.2878866040000005, 51.986038103999995], [5.28783255, 51.986038103999995], [5.28783255, 51.98598405], [5.2877784960000005, 51.98598405], [5.2877784960000005, 51.98587594199999], [5.287724442, 51.98587594199999], [5.287724442, 51.985821888], [5.287670388, 51.985821888], [5.287670388, 51.985767833999994], [5.287616334, 51.985767833999994], [5.287616334, 51.98571378], [5.28756228, 51.98571378], [5.28756228, 51.985659725999994], [5.287508226, 51.985659725999994], [5.287508226, 51.985605672], [5.287454172, 51.985605672], [5.287454172, 51.985551617999995], [5.287400118, 51.985551617999995], [5.287400118, 51.985443509999996], [5.287346064, 51.985443509999996], [5.287346064, 51.98538945599999], [5.28729201, 51.98538945599999], [5.28729201, 51.985335402], [5.287237956, 51.985335402], [5.287237956, 51.985281347999994], [5.287129848, 51.985281347999994], [5.287129848, 51.985173239999995], [5.287075794000001, 51.985173239999995], [5.287075794000001, 51.985119186], [5.28702174, 51.985119186], [5.28702174, 51.985065131999995], [5.2869676860000006, 51.985065131999995], [5.2869676860000006, 51.98501107799999], [5.286913632, 51.98501107799999], [5.286913632, 51.984957023999996], [5.2868595780000005, 51.984957023999996], [5.2868595780000005, 51.98490296999999], [5.286805524, 51.98490296999999], [5.286805524, 51.984848916], [5.2867514700000005, 51.984848916], [5.2867514700000005, 51.984794861999994], [5.286697416, 51.984794861999994], [5.286697416, 51.984740808], [5.286643362, 51.984740808], [5.286643362, 51.984686753999995], [5.286589308, 51.984686753999995], [5.286589308, 51.98463269999999], [5.2864812, 51.98463269999999], [5.2864812, 51.984578645999996], [5.286427146, 51.984578645999996], [5.286427146, 51.98452459199999], [5.286373092000001, 51.98452459199999], [5.286373092000001, 51.984470538], [5.286319038, 51.984470538], [5.286319038, 51.98436243], [5.286264984000001, 51.98436243], [5.286264984000001, 51.984308375999994], [5.28621093, 51.984308375999994], [5.28621093, 51.984254322], [5.286156876000001, 51.984254322], [5.286156876000001, 51.984200267999995], [5.286102822, 51.984200267999995], [5.286102822, 51.98414621399999], [5.286048768000001, 51.98414621399999], [5.286048768000001, 51.98403810599999], [5.285994714, 51.98403810599999], [5.285994714, 51.983984052], [5.2859406600000005, 51.983984052], [5.2859406600000005, 51.983929997999994], [5.285237958000001, 51.983929997999994]]]}}, {"type": "Feature", "properties": {"id": "ftw-netherlands-012", "country": "netherlands", "source": "fields-of-the-world", "area_ha": 3.0881}, "geometry": {"type": "Polygon", "coordinates": [[[5.2831839060000005, 51.98403810599999], [5.2831839060000005, 51.984092159999996], [5.282643366, 51.984092159999996], [5.282643366, 51.98414621399999], [5.28242715, 51.98414621399999], [5.28242715, 51.984200267999995], [5.282481204000001, 51.984200267999995], [5.282481204000001, 51.984254322], [5.282535258, 51.984254322], [5.282535258, 51.984308375999994], [5.282589312000001, 51.984308375999994], [5.282589312000001, 51.98436243], [5.282643366, 51.98436243], [5.282643366, 51.98441648399999], [5.282697420000001, 51.98441648399999], [5.282697420000001, 51.984470538], [5.282751474, 51.984470538], [5.282751474, 51.984578645999996], [5.282805528000001, 51.984578645999996], [5.282805528000001, 51.98463269999999], [5.282859582, 51.98463269999999], [5.282859582, 51.984686753999995], [5.282913636000001, 51.984686753999995], [5.282913636000001, 51.984740808], [5.28296769, 51.984740808], [5.28296769, 51.984794861999994], [5.283021744, 51.984794861999994], [5.283021744, 51.984848916], [5.2830757980000005, 51.984848916], [5.2830757980000005, 51.98490296999999], [5.283129852, 51.98490296999999], [5.283129852, 51.984957023999996], [5.2831839060000005, 51.984957023999996], [5.2831839060000005, 51.985065131999995], [5.28323796, 51.985065131999995], [5.28323796, 51.985119186], [5.283292014000001, 51.985119186], [5.283292014000001, 51.985173239999995], [5.283346068, 51.985173239999995], [5.283346068, 51.985227294], [5.283400122000001, 51.985227294], [5.283400122000001, 51.985281347999994], [5.283454176, 51.985281347999994], [5.283454176, 51.985335402], [5.283508230000001, 51.985335402], [5.283508230000001, 51.98538945599999], [5.283562284, 51.98538945599999], [5.283562284, 51.985443509999996], [5.283616338000001, 51.985443509999996], [5.283616338000001, 51.985497564], [5.283670392, 51.985497564], [5.283670392, 51.985605672], [5.283724446000001, 51.985605672], [5.283724446000001, 51.985659725999994], [5.2837785, 51.985659725999994], [5.2837785, 51.98571378], [5.283832554, 51.98571378], [5.283832554, 51.985767833999994], [5.283886608, 51.985767833999994], [5.283886608, 51.985821888], [5.283940662, 51.985821888], [5.283940662, 51.98587594199999], [5.2839947160000005, 51.98587594199999], [5.2839947160000005, 51.985929995999996], [5.28404877, 51.985929995999996], [5.28404877, 51.98598405], [5.2841028240000005, 51.98598405], [5.2841028240000005, 51.986038103999995], [5.284156878, 51.986038103999995], [5.284156878, 51.986092158], [5.284210932000001, 51.986092158], [5.284210932000001, 51.986200266], [5.284264986, 51.986200266], [5.284264986, 51.98625431999999], [5.284319040000001, 51.98625431999999], [5.284319040000001, 51.986308374], [5.284373094, 51.986308374], [5.284373094, 51.98636242799999], [5.284427148000001, 51.98636242799999], [5.284427148000001, 51.986416481999996], [5.284481202, 51.986416481999996], [5.284481202, 51.986470536], [5.284535256000001, 51.986470536], [5.284535256000001, 51.986524589999995], [5.28458931, 51.986524589999995], [5.28458931, 51.986578644], [5.284643364000001, 51.986578644], [5.284643364000001, 51.986632697999994], [5.284697418, 51.986632697999994], [5.284697418, 51.98674080599999], [5.284751472, 51.98674080599999], [5.284751472, 51.986794859999996], [5.284805526, 51.986794859999996], [5.284805526, 51.986848914], [5.28485958, 51.986848914], [5.28485958, 51.986902967999995], [5.2849136340000005, 51.986902967999995], [5.2849136340000005, 51.986957022], [5.284967688, 51.986957022], [5.284967688, 51.987011075999995], [5.2850217420000005, 51.987011075999995], [5.2850217420000005, 51.98706513], [5.285075796, 51.98706513], [5.285075796, 51.987119183999994], [5.285129850000001, 51.987119183999994], [5.285129850000001, 51.987173238], [5.285183904, 51.987173238], [5.285183904, 51.987227292], [5.285237958000001, 51.987227292], [5.285237958000001, 51.9873354], [5.285292012, 51.9873354], [5.285292012, 51.987389453999995], [5.285346066000001, 51.987389453999995], [5.285346066000001, 51.987443508], [5.28540012, 51.987443508], [5.28540012, 51.987497561999994], [5.285454174000001, 51.987497561999994], [5.285454174000001, 51.987551616], [5.28567039, 51.987551616], [5.28567039, 51.987497561999994], [5.285994714, 51.987497561999994], [5.285994714, 51.987443508], [5.286373092000001, 51.987443508], [5.286373092000001, 51.987389453999995], [5.2864812, 51.987389453999995], [5.2864812, 51.9873354], [5.286427146, 51.9873354], [5.286427146, 51.987281345999996], [5.286373092000001, 51.987281345999996], [5.286373092000001, 51.987227292], [5.286319038, 51.987227292], [5.286319038, 51.987119183999994], [5.286264984000001, 51.987119183999994], [5.286264984000001, 51.98706513], [5.28621093, 51.98706513], [5.28621093, 51.987011075999995], [5.286156876000001, 51.987011075999995], [5.286156876000001, 51.986957022], [5.286102822, 51.986957022], [5.286102822, 51.986902967999995], [5.286048768000001, 51.986902967999995], [5.286048768000001, 51.986848914], [5.285994714, 51.986848914], [5.285994714, 51.986794859999996], [5.2859406600000005, 51.986794859999996], [5.2859406600000005, 51.98674080599999], [5.285886606, 51.98674080599999], [5.285886606, 51.986632697999994], [5.2858325520000005, 51.986632697999994], [5.2858325520000005, 51.986578644], [5.285778498, 51.986578644], [5.285778498, 51.986524589999995], [5.285724444, 51.986524589999995], [5.285724444, 51.986470536], [5.28567039, 51.986470536], [5.28567039, 51.986416481999996], [5.285616336, 51.986416481999996], [5.285616336, 51.98636242799999], [5.285562282000001, 51.98636242799999], [5.285562282000001, 51.986308374], [5.285508228, 51.986308374], [5.285508228, 51.98625431999999], [5.285454174000001, 51.98625431999999], [5.285454174000001, 51.986146211999994], [5.28540012, 51.986146211999994], [5.28540012, 51.986092158], [5.285346066000001, 51.986092158], [5.285346066000001, 51.986038103999995], [5.285292012, 51.986038103999995], [5.285292012, 51.98598405], [5.285237958000001, 51.98598405], [5.285237958000001, 51.985929995999996], [5.285183904, 51.985929995999996], [5.285183904, 51.98587594199999], [5.285129850000001, 51.98587594199999], [5.285129850000001, 51.985821888], [5.285075796, 51.985821888], [5.285075796, 51.985767833999994], [5.2850217420000005, 51.985767833999994], [5.2850217420000005, 51.985659725999994], [5.284967688, 51.985659725999994], [5.284967688, 51.985605672], [5.2849136340000005, 51.985605672], [5.2849136340000005, 51.985551617999995], [5.28485958, 51.985551617999995], [5.28485958, 51.985497564], [5.284805526, 51.985497564], [5.284805526, 51.985443509999996], [5.284751472, 51.985443509999996], [5.284751472, 51.98538945599999], [5.284697418, 51.98538945599999], [5.284697418, 51.985335402], [5.284643364000001, 51.985335402], [5.284643364000001, 51.985281347999994], [5.28458931, 51.985281347999994], [5.28458931, 51.985173239999995], [5.284535256000001, 51.985173239999995], [5.284535256000001, 51.985119186], [5.284481202, 51.985119186], [5.284481202, 51.985065131999995], [5.284427148000001, 51.985065131999995], [5.284427148000001, 51.98501107799999], [5.284373094, 51.98501107799999], [5.284373094, 51.984957023999996], [5.284319040000001, 51.984957023999996], [5.284319040000001, 51.98490296999999], [5.284264986, 51.98490296999999], [5.284264986, 51.984848916], [5.284210932000001, 51.984848916], [5.284210932000001, 51.984740808], [5.284156878, 51.984740808], [5.284156878, 51.984686753999995], [5.2841028240000005, 51.984686753999995], [5.2841028240000005, 51.98463269999999], [5.28404877, 51.98463269999999], [5.28404877, 51.984578645999996], [5.2839947160000005, 51.984578645999996], [5.2839947160000005, 51.98452459199999], [5.283940662, 51.98452459199999], [5.283940662, 51.984470538], [5.283886608, 51.984470538], [5.283886608, 51.98441648399999], [5.283832554, 51.98441648399999], [5.283832554, 51.98436243], [5.2837785, 51.98436243], [5.2837785, 51.984308375999994], [5.283724446000001, 51.984308375999994], [5.283724446000001, 51.984254322], [5.283670392, 51.984254322], [5.283670392, 51.984200267999995], [5.283616338000001, 51.984200267999995], [5.283616338000001, 51.98414621399999], [5.283562284, 51.98414621399999], [5.283562284, 51.984092159999996], [5.283508230000001, 51.984092159999996], [5.283508230000001, 51.98403810599999], [5.2831839060000005, 51.98403810599999]]]}}, {"type": "Feature", "properties": {"id": "ftw-netherlands-013", "country": "netherlands", "source": "fields-of-the-world", "area_ha": 3.769}, "geometry": {"type": "Polygon", "coordinates": [[[5.280967692000001, 51.984092159999996], [5.280967692000001, 51.98414621399999], [5.279454180000001, 51.98414621399999], [5.279454180000001, 51.984200267999995], [5.278805532000001, 51.984200267999995], [5.278805532000001, 51.984254322], [5.278210938000001, 51.984254322], [5.278210938000001, 51.984308375999994], [5.278264992, 51.984308375999994], [5.278264992, 51.98436243], [5.278319046000001, 51.98436243], [5.278319046000001, 51.98441648399999], [5.278427154000001, 51.98441648399999], [5.278427154000001, 51.984470538], [5.278535262000001, 51.984470538], [5.278535262000001, 51.98452459199999], [5.278643370000001, 51.98452459199999], [5.278643370000001, 51.984578645999996], [5.278751478, 51.984578645999996], [5.278751478, 51.98463269999999], [5.278805532000001, 51.98463269999999], [5.278805532000001, 51.984686753999995], [5.278913640000001, 51.984686753999995], [5.278913640000001, 51.984740808], [5.278967694, 51.984740808], [5.278967694, 51.984794861999994], [5.279075802, 51.984794861999994], [5.279075802, 51.984848916], [5.279129856000001, 51.984848916], [5.279129856000001, 51.98490296999999], [5.279237964000001, 51.98490296999999], [5.279237964000001, 51.984957023999996], [5.2792920180000005, 51.984957023999996], [5.2792920180000005, 51.98501107799999], [5.279346072000001, 51.98501107799999], [5.279346072000001, 51.985065131999995], [5.279454180000001, 51.985065131999995], [5.279454180000001, 51.985119186], [5.279508234000001, 51.985119186], [5.279508234000001, 51.985173239999995], [5.279562288, 51.985173239999995], [5.279562288, 51.985227294], [5.279616342000001, 51.985227294], [5.279616342000001, 51.985281347999994], [5.279724450000001, 51.985281347999994], [5.279724450000001, 51.985335402], [5.279778504, 51.985335402], [5.279778504, 51.98538945599999], [5.279832558000001, 51.98538945599999], [5.279832558000001, 51.985443509999996], [5.279886612, 51.985443509999996], [5.279886612, 51.985497564], [5.27999472, 51.985497564], [5.27999472, 51.985551617999995], [5.280048774000001, 51.985551617999995], [5.280048774000001, 51.985605672], [5.280102828, 51.985605672], [5.280102828, 51.985659725999994], [5.280156882000001, 51.985659725999994], [5.280156882000001, 51.98571378], [5.2802109360000005, 51.98571378], [5.2802109360000005, 51.985767833999994], [5.280264990000001, 51.985767833999994], [5.280264990000001, 51.985821888], [5.280373098, 51.985821888], [5.280373098, 51.98587594199999], [5.280427152000001, 51.98587594199999], [5.280427152000001, 51.985929995999996], [5.280535260000001, 51.985929995999996], [5.280535260000001, 51.98598405], [5.280697422, 51.98598405], [5.280697422, 51.986038103999995], [5.281400124, 51.986038103999995], [5.281400124, 51.985929995999996], [5.281346070000001, 51.985929995999996], [5.281346070000001, 51.985821888], [5.2821568800000005, 51.985821888], [5.2821568800000005, 51.985659725999994], [5.282102826000001, 51.985659725999994], [5.282102826000001, 51.98414621399999], [5.2820487720000004, 51.98414621399999], [5.2820487720000004, 51.984092159999996], [5.280967692000001, 51.984092159999996]]]}}, {"type": "Feature", "properties": {"id": "ftw-rwanda-000", "country": "rwanda", "source": "fields-of-the-world", "area_ha": 0.2099}, "geometry": {"type": "Polygon", "coordinates": [[[30.332337270529415, -1.5016236529411766], [30.332337270529415, -1.5015688923529413], [30.3322828632353, -1.5015688923529413], [30.3322828632353, -1.5014593711764708], [30.33222845594118, -1.5014593711764708], [30.33222845594118, -1.5014046105882355], [30.33217404864706, -1.5014046105882355], [30.33217404864706, -1.50134985], [30.332119641352946, -1.50134985], [30.332119641352946, -1.5012950894117647], [30.332065234058827, -1.5012950894117647], [30.332065234058827, -1.5012403288235294], [30.33201082676471, -1.5012403288235294], [30.33201082676471, -1.5011308076470589], [30.331956419470593, -1.5011308076470589], [30.331956419470593, -1.5010760470588236], [30.331902012176474, -1.5010760470588236], [30.331902012176474, -1.5010212864705883], [30.331847604882356, -1.5010212864705883], [30.331847604882356, -1.500966525882353], [30.33179319758824, -1.500966525882353], [30.33179319758824, -1.5008570047058825], [30.33173879029412, -1.5008570047058825], [30.33173879029412, -1.5008022441176472], [30.331684383000002, -1.5008022441176472], [30.331684383000002, -1.500747483529412], [30.33173879029412, -1.500747483529412], [30.33173879029412, -1.5006379623529413], [30.33179319758824, -1.5006379623529413], [30.33179319758824, -1.5006927229411766], [30.331847604882356, -1.5006927229411766], [30.331847604882356, -1.5008022441176472], [30.331902012176474, -1.5008022441176472], [30.331902012176474, -1.5008570047058825], [30.331956419470593, -1.5008570047058825], [30.331956419470593, -1.5009117652941177], [30.33201082676471, -1.5009117652941177], [30.33201082676471, -1.500966525882353], [30.332065234058827, -1.500966525882353], [30.332065234058827, -1.5010212864705883], [30.332119641352946, -1.5010212864705883], [30.332119641352946, -1.5011308076470589], [30.33217404864706, -1.5011308076470589], [30.33217404864706, -1.5011855682352941], [30.33222845594118, -1.5011855682352941], [30.33222845594118, -1.5012403288235294], [30.3322828632353, -1.5012403288235294], [30.3322828632353, -1.5012950894117647], [30.332337270529415, -1.5012950894117647], [30.332337270529415, -1.50134985], [30.332391677823534, -1.50134985], [30.332391677823534, -1.5014593711764708], [30.332446085117653, -1.5014593711764708], [30.332446085117653, -1.501514131764706], [30.332500492411768, -1.501514131764706], [30.332500492411768, -1.5015688923529413], [30.332391677823534, -1.5015688923529413], [30.332391677823534, -1.5016236529411766], [30.332337270529415, -1.5016236529411766]]]}}, {"type": "Feature", "properties": {"id": "ftw-rwanda-001", "country": "rwanda", "source": "fields-of-the-world", "area_ha": 0.2725}, "geometry": {"type": "Polygon", "coordinates": [[[30.33103149547059, -1.5009117652941177], [30.33103149547059, -1.5008570047058825], [30.330977088176475, -1.5008570047058825], [30.330977088176475, -1.5008022441176472], [30.330922680882356, -1.5008022441176472], [30.330922680882356, -1.5006927229411766], [30.330868273588237, -1.5006927229411766], [30.330868273588237, -1.5006379623529413], [30.330813866294122, -1.5006379623529413], [30.330813866294122, -1.500583201764706], [30.330759459000003, -1.500583201764706], [30.330759459000003, -1.5005284411764708], [30.330705051705884, -1.5005284411764708], [30.330705051705884, -1.5004736805882355], [30.33065064441177, -1.5004736805882355], [30.33065064441177, -1.5003641594117647], [30.33059623711765, -1.5003641594117647], [30.33059623711765, -1.5003093988235294], [30.330541829823535, -1.5003093988235294], [30.330541829823535, -1.5002546382352941], [30.33059623711765, -1.5002546382352941], [30.33059623711765, -1.5001998776470589], [30.330705051705884, -1.5001998776470589], [30.330705051705884, -1.5001451170588236], [30.330759459000003, -1.5001451170588236], [30.330759459000003, -1.5000903564705883], [30.330813866294122, -1.5000903564705883], [30.330813866294122, -1.5001998776470589], [30.330868273588237, -1.5001998776470589], [30.330868273588237, -1.5002546382352941], [30.330922680882356, -1.5002546382352941], [30.330922680882356, -1.5003641594117647], [30.330977088176475, -1.5003641594117647], [30.330977088176475, -1.50041892], [30.33103149547059, -1.50041892], [30.33103149547059, -1.5004736805882355], [30.33108590276471, -1.5004736805882355], [30.33108590276471, -1.500583201764706], [30.331140310058828, -1.500583201764706], [30.331140310058828, -1.5006927229411766], [30.331194717352943, -1.5006927229411766], [30.331194717352943, -1.500747483529412], [30.331249124647062, -1.500747483529412], [30.331249124647062, -1.5008022441176472], [30.331194717352943, -1.5008022441176472], [30.331194717352943, -1.5008570047058825], [30.33108590276471, -1.5008570047058825], [30.33108590276471, -1.5009117652941177], [30.33103149547059, -1.5009117652941177]]]}}, {"type": "Feature", "properties": {"id": "ftw-rwanda-002", "country": "rwanda", "source": "fields-of-the-world", "area_ha": 0.3998}, "geometry": {"type": "Polygon", "coordinates": [[[30.312474192, -1.5277057678235295], [30.312474192, -1.527651360529412], [30.312420137999997, -1.527651360529412], [30.312420137999997, -1.5275969532352942], [30.312312029999998, -1.5275969532352942], [30.312312029999998, -1.5275425459411767], [30.312257975999998, -1.5275425459411767], [30.312257975999998, -1.527488138647059], [30.312203922, -1.527488138647059], [30.312203922, -1.5274337313529414], [30.312149868, -1.5274337313529414], [30.312149868, -1.5273793240588236], [30.312095814, -1.5273793240588236], [30.312095814, -1.527324916764706], [30.311987705999996, -1.527324916764706], [30.311987705999996, -1.5272705094705883], [30.311933651999997, -1.5272705094705883], [30.311933651999997, -1.5272161021764707], [30.311879597999997, -1.5272161021764707], [30.311879597999997, -1.527161694882353], [30.311825543999998, -1.527161694882353], [30.311825543999998, -1.5271072875882354], [30.311771489999998, -1.5271072875882354], [30.311771489999998, -1.527052880294118], [30.311717436, -1.527052880294118], [30.311717436, -1.5269984730000001], [30.311771489999998, -1.5269984730000001], [30.311771489999998, -1.5269440657058826], [30.311825543999998, -1.5269440657058826], [30.311825543999998, -1.5268896584117648], [30.311879597999997, -1.5268896584117648], [30.311879597999997, -1.5269440657058826], [30.311987705999996, -1.5269440657058826], [30.311987705999996, -1.5269984730000001], [30.312095814, -1.5269984730000001], [30.312095814, -1.527052880294118], [30.312203922, -1.527052880294118], [30.312203922, -1.5271072875882354], [30.312312029999998, -1.5271072875882354], [30.312312029999998, -1.527161694882353], [30.312366083999997, -1.527161694882353], [30.312366083999997, -1.5272161021764707], [30.312474192, -1.5272161021764707], [30.312474192, -1.5272705094705883], [30.3125823, -1.5272705094705883], [30.3125823, -1.527324916764706], [30.312690407999998, -1.527324916764706], [30.312690407999998, -1.5273793240588236], [30.312798515999997, -1.5273793240588236], [30.312798515999997, -1.5274337313529414], [30.312744461999998, -1.5274337313529414], [30.312744461999998, -1.527488138647059], [30.312690407999998, -1.527488138647059], [30.312690407999998, -1.5275425459411767], [30.312636354, -1.5275425459411767], [30.312636354, -1.5275969532352942], [30.3125823, -1.5275969532352942], [30.3125823, -1.527651360529412], [30.312528246, -1.527651360529412], [30.312528246, -1.5277057678235295], [30.312474192, -1.5277057678235295]]]}}, {"type": "Feature", "properties": {"id": "ftw-rwanda-003", "country": "rwanda", "source": "fields-of-the-world", "area_ha": 0.5008}, "geometry": {"type": "Polygon", "coordinates": [[[30.329997756882356, -1.499104665882353], [30.329997756882356, -1.4989951447058825], [30.329943349588238, -1.4989951447058825], [30.329943349588238, -1.498885623529412], [30.329888942294122, -1.498885623529412], [30.329888942294122, -1.4987761023529413], [30.329834535000003, -1.4987761023529413], [30.329834535000003, -1.498721341764706], [30.329780127705884, -1.498721341764706], [30.329780127705884, -1.4986118205882355], [30.32972572041177, -1.4986118205882355], [30.32972572041177, -1.4985022994117647], [30.32967131311765, -1.4985022994117647], [30.32967131311765, -1.4983927782352942], [30.32961690582353, -1.4983927782352942], [30.32961690582353, -1.4982284964705883], [30.32972572041177, -1.4982284964705883], [30.32972572041177, -1.498173735882353], [30.329888942294122, -1.498173735882353], [30.329888942294122, -1.4981189752941177], [30.329997756882356, -1.4981189752941177], [30.329997756882356, -1.4982284964705883], [30.330052164176475, -1.4982284964705883], [30.330052164176475, -1.4982832570588236], [30.33010657147059, -1.4982832570588236], [30.33010657147059, -1.4983927782352942], [30.33016097876471, -1.4983927782352942], [30.33016097876471, -1.4984475388235294], [30.33021538605883, -1.4984475388235294], [30.33021538605883, -1.49855706], [30.330269793352944, -1.49855706], [30.330269793352944, -1.4986665811764708], [30.330324200647063, -1.4986665811764708], [30.330324200647063, -1.498721341764706], [30.33037860794118, -1.498721341764706], [30.33037860794118, -1.4988308629411766], [30.330433015235297, -1.4988308629411766], [30.330433015235297, -1.498885623529412], [30.330324200647063, -1.498885623529412], [30.330324200647063, -1.4989403841176472], [30.330269793352944, -1.4989403841176472], [30.330269793352944, -1.4989951447058825], [30.33016097876471, -1.4989951447058825], [30.33016097876471, -1.4990499052941177], [30.330052164176475, -1.4990499052941177], [30.330052164176475, -1.499104665882353], [30.329997756882356, -1.499104665882353]]]}}, {"type": "Feature", "properties": {"id": "ftw-rwanda-004", "country": "rwanda", "source": "fields-of-the-world", "area_ha": 0.6293}, "geometry": {"type": "Polygon", "coordinates": [[[30.31788471476471, -1.496366813117647], [30.31788471476471, -1.4962579985294118], [30.317939122058824, -1.4962579985294118], [30.317939122058824, -1.496203591235294], [30.317993529352943, -1.496203591235294], [30.317993529352943, -1.4961491839411765], [30.318047936647062, -1.4961491839411765], [30.318047936647062, -1.4960947766470587], [30.318102343941177, -1.4960947766470587], [30.318102343941177, -1.4960403693529412], [30.318156751235296, -1.4960403693529412], [30.318156751235296, -1.4959859620588234], [30.318211158529415, -1.4959859620588234], [30.318211158529415, -1.495877147470588], [30.31826556582353, -1.495877147470588], [30.31826556582353, -1.4958227401764705], [30.31831997311765, -1.4958227401764705], [30.31831997311765, -1.4957683328823528], [30.31837438041177, -1.4957683328823528], [30.31837438041177, -1.4957139255882352], [30.318428787705884, -1.4957139255882352], [30.318428787705884, -1.4956595182941177], [30.318483195000002, -1.4956595182941177], [30.318483195000002, -1.495605111], [30.31853760229412, -1.495605111], [30.31853760229412, -1.4956595182941177], [30.318646416882356, -1.4956595182941177], [30.318646416882356, -1.495605111], [30.318700824176474, -1.495605111], [30.318700824176474, -1.4955507037058824], [30.31875523147059, -1.4955507037058824], [30.31875523147059, -1.4954962964117646], [30.31880963876471, -1.4954962964117646], [30.31880963876471, -1.495441889117647], [30.318864046058827, -1.495441889117647], [30.318864046058827, -1.4953874818235293], [30.318918453352943, -1.4953874818235293], [30.318918453352943, -1.4953330745294118], [30.31897286064706, -1.4953330745294118], [30.31897286064706, -1.495278667235294], [30.31902726794118, -1.495278667235294], [30.31902726794118, -1.4952242599411765], [30.319081675235296, -1.4952242599411765], [30.319081675235296, -1.4951698526470587], [30.319136082529415, -1.4951698526470587], [30.319136082529415, -1.4952242599411765], [30.319190489823534, -1.4952242599411765], [30.319190489823534, -1.4953330745294118], [30.31924489711765, -1.4953330745294118], [30.31924489711765, -1.4953874818235293], [30.319299304411768, -1.4953874818235293], [30.319299304411768, -1.495441889117647], [30.319353711705887, -1.495441889117647], [30.319353711705887, -1.4955507037058824], [30.319408119000002, -1.4955507037058824], [30.319408119000002, -1.495605111], [30.319299304411768, -1.495605111], [30.319299304411768, -1.4956595182941177], [30.319190489823534, -1.4956595182941177], [30.319190489823534, -1.4957139255882352], [30.319081675235296, -1.4957139255882352], [30.319081675235296, -1.4957683328823528], [30.31897286064706, -1.4957683328823528], [30.31897286064706, -1.4958227401764705], [30.318864046058827, -1.4958227401764705], [30.318864046058827, -1.495877147470588], [30.31875523147059, -1.495877147470588], [30.31875523147059, -1.4959315547647059], [30.318700824176474, -1.4959315547647059], [30.318700824176474, -1.4959859620588234], [30.318592009588237, -1.4959859620588234], [30.318592009588237, -1.4960403693529412], [30.318483195000002, -1.4960403693529412], [30.318483195000002, -1.4960947766470587], [30.31837438041177, -1.4960947766470587], [30.31837438041177, -1.4961491839411765], [30.31826556582353, -1.4961491839411765], [30.31826556582353, -1.496203591235294], [30.318156751235296, -1.496203591235294], [30.318156751235296, -1.4962579985294118], [30.318047936647062, -1.4962579985294118], [30.318047936647062, -1.4963124058235293], [30.317939122058824, -1.4963124058235293], [30.317939122058824, -1.496366813117647], [30.31788471476471, -1.496366813117647]]]}}, {"type": "Feature", "properties": {"id": "ftw-rwanda-005", "country": "rwanda", "source": "fields-of-the-world", "area_ha": 0.7291}, "geometry": {"type": "Polygon", "coordinates": [[[30.32689654111765, -1.4995427505882355], [30.32689654111765, -1.49948799], [30.326842133823533, -1.49948799], [30.326842133823533, -1.4994332294117647], [30.326787726529414, -1.4994332294117647], [30.326787726529414, -1.4993784688235294], [30.3267333192353, -1.4993784688235294], [30.3267333192353, -1.4993237082352942], [30.32667891194118, -1.4993237082352942], [30.32667891194118, -1.4992689476470589], [30.32662450464706, -1.4992689476470589], [30.32662450464706, -1.4992141870588236], [30.326570097352946, -1.4992141870588236], [30.326570097352946, -1.4991594264705883], [30.326515690058827, -1.4991594264705883], [30.326515690058827, -1.499104665882353], [30.326570097352946, -1.499104665882353], [30.326570097352946, -1.4990499052941177], [30.32662450464706, -1.4990499052941177], [30.32662450464706, -1.4989951447058825], [30.32667891194118, -1.4989951447058825], [30.32667891194118, -1.498885623529412], [30.3267333192353, -1.498885623529412], [30.3267333192353, -1.4988308629411766], [30.326787726529414, -1.4988308629411766], [30.326787726529414, -1.4987761023529413], [30.326842133823533, -1.4987761023529413], [30.326842133823533, -1.498721341764706], [30.32689654111765, -1.498721341764706], [30.32689654111765, -1.4986665811764708], [30.326950948411767, -1.4986665811764708], [30.326950948411767, -1.4986118205882355], [30.327005355705886, -1.4986118205882355], [30.327005355705886, -1.49855706], [30.327059763000005, -1.49855706], [30.327059763000005, -1.4984475388235294], [30.32711417029412, -1.4984475388235294], [30.32711417029412, -1.4983927782352942], [30.32716857758824, -1.4983927782352942], [30.32716857758824, -1.4983380176470589], [30.327222984882354, -1.4983380176470589], [30.327222984882354, -1.4984475388235294], [30.327277392176473, -1.4984475388235294], [30.327277392176473, -1.4985022994117647], [30.327331799470592, -1.4985022994117647], [30.327331799470592, -1.4986118205882355], [30.327386206764707, -1.4986118205882355], [30.327386206764707, -1.498721341764706], [30.327440614058826, -1.498721341764706], [30.327440614058826, -1.4987761023529413], [30.327495021352945, -1.4987761023529413], [30.327495021352945, -1.498885623529412], [30.32754942864706, -1.498885623529412], [30.32754942864706, -1.4989403841176472], [30.327495021352945, -1.4989403841176472], [30.327495021352945, -1.4989951447058825], [30.327440614058826, -1.4989951447058825], [30.327440614058826, -1.4990499052941177], [30.327386206764707, -1.4990499052941177], [30.327386206764707, -1.499104665882353], [30.327331799470592, -1.499104665882353], [30.327331799470592, -1.4991594264705883], [30.327277392176473, -1.4991594264705883], [30.327277392176473, -1.4992141870588236], [30.327222984882354, -1.4992141870588236], [30.327222984882354, -1.4992689476470589], [30.32716857758824, -1.4992689476470589], [30.32716857758824, -1.4993237082352942], [30.32711417029412, -1.4993237082352942], [30.32711417029412, -1.4993784688235294], [30.327059763000005, -1.4993784688235294], [30.327059763000005, -1.4994332294117647], [30.327005355705886, -1.4994332294117647], [30.327005355705886, -1.49948799], [30.326950948411767, -1.49948799], [30.326950948411767, -1.4995427505882355], [30.32689654111765, -1.4995427505882355]]]}}, {"type": "Feature", "properties": {"id": "ftw-rwanda-006", "country": "rwanda", "source": "fields-of-the-world", "area_ha": 0.7793}, "geometry": {"type": "Polygon", "coordinates": [[[30.31739504911765, -1.4955507037058824], [30.31739504911765, -1.495441889117647], [30.31734064182353, -1.495441889117647], [30.31734064182353, -1.4953330745294118], [30.31739504911765, -1.4953330745294118], [30.31739504911765, -1.495278667235294], [30.31744945641177, -1.495278667235294], [30.31744945641177, -1.4952242599411765], [30.317503863705884, -1.4952242599411765], [30.317503863705884, -1.4951698526470587], [30.317558271000003, -1.4951698526470587], [30.317558271000003, -1.4951154453529412], [30.317612678294118, -1.4951154453529412], [30.317612678294118, -1.4950610380588234], [30.317667085588237, -1.4950610380588234], [30.317667085588237, -1.4950066307647059], [30.317721492882356, -1.4950066307647059], [30.317721492882356, -1.494952223470588], [30.31777590017647, -1.494952223470588], [30.31777590017647, -1.4948978161764706], [30.31783030747059, -1.4948978161764706], [30.31783030747059, -1.4948434088823528], [30.31788471476471, -1.4948434088823528], [30.31788471476471, -1.4947890015882352], [30.317939122058824, -1.4947890015882352], [30.317939122058824, -1.4947345942941177], [30.317993529352943, -1.4947345942941177], [30.317993529352943, -1.494680187], [30.317939122058824, -1.494680187], [30.317939122058824, -1.4945713724117646], [30.31788471476471, -1.4945713724117646], [30.31788471476471, -1.494516965117647], [30.31783030747059, -1.494516965117647], [30.31783030747059, -1.494353743235294], [30.31788471476471, -1.494353743235294], [30.31788471476471, -1.4942993359411765], [30.317939122058824, -1.4942993359411765], [30.317939122058824, -1.4942449286470587], [30.318047936647062, -1.4942449286470587], [30.318047936647062, -1.4941905213529412], [30.318156751235296, -1.4941905213529412], [30.318156751235296, -1.4941361140588234], [30.318211158529415, -1.4941361140588234], [30.318211158529415, -1.4940817067647059], [30.31831997311765, -1.4940817067647059], [30.31831997311765, -1.494027299470588], [30.31837438041177, -1.494027299470588], [30.31837438041177, -1.4941361140588234], [30.318428787705884, -1.4941361140588234], [30.318428787705884, -1.4942449286470587], [30.318483195000002, -1.4942449286470587], [30.318483195000002, -1.494353743235294], [30.31853760229412, -1.494353743235294], [30.31853760229412, -1.4944625578235293], [30.318592009588237, -1.4944625578235293], [30.318592009588237, -1.4945713724117646], [30.31853760229412, -1.4945713724117646], [30.31853760229412, -1.4946257797058824], [30.318483195000002, -1.4946257797058824], [30.318483195000002, -1.494680187], [30.318428787705884, -1.494680187], [30.318428787705884, -1.4947345942941177], [30.31837438041177, -1.4947345942941177], [30.31837438041177, -1.4947890015882352], [30.31826556582353, -1.4947890015882352], [30.31826556582353, -1.4948434088823528], [30.318211158529415, -1.4948434088823528], [30.318211158529415, -1.4948978161764706], [30.318156751235296, -1.4948978161764706], [30.318156751235296, -1.494952223470588], [30.318102343941177, -1.494952223470588], [30.318102343941177, -1.4950066307647059], [30.318047936647062, -1.4950066307647059], [30.318047936647062, -1.4950610380588234], [30.317993529352943, -1.4950610380588234], [30.317993529352943, -1.4951154453529412], [30.317939122058824, -1.4951154453529412], [30.317939122058824, -1.4951698526470587], [30.31788471476471, -1.4951698526470587], [30.31788471476471, -1.4952242599411765], [30.31783030747059, -1.4952242599411765], [30.31783030747059, -1.495278667235294], [30.31777590017647, -1.495278667235294], [30.31777590017647, -1.4953330745294118], [30.317667085588237, -1.4953330745294118], [30.317667085588237, -1.4953874818235293], [30.317612678294118, -1.4953874818235293], [30.317612678294118, -1.495441889117647], [30.317558271000003, -1.495441889117647], [30.317558271000003, -1.4954962964117646], [30.317503863705884, -1.4954962964117646], [30.317503863705884, -1.4955507037058824], [30.31739504911765, -1.4955507037058824]]]}}, {"type": "Feature", "properties": {"id": "ftw-rwanda-007", "country": "rwanda", "source": "fields-of-the-world", "area_ha": 1.1708}, "geometry": {"type": "Polygon", "coordinates": [[[30.317721492882356, -1.496203591235294], [30.317721492882356, -1.4960947766470587], [30.317667085588237, -1.4960947766470587], [30.317667085588237, -1.4959859620588234], [30.317612678294118, -1.4959859620588234], [30.317612678294118, -1.495877147470588], [30.317558271000003, -1.495877147470588], [30.317558271000003, -1.4957683328823528], [30.317503863705884, -1.4957683328823528], [30.317503863705884, -1.4956595182941177], [30.317558271000003, -1.4956595182941177], [30.317558271000003, -1.495605111], [30.317612678294118, -1.495605111], [30.317612678294118, -1.4955507037058824], [30.317667085588237, -1.4955507037058824], [30.317667085588237, -1.4954962964117646], [30.317721492882356, -1.4954962964117646], [30.317721492882356, -1.495441889117647], [30.31783030747059, -1.495441889117647], [30.31783030747059, -1.4953874818235293], [30.31788471476471, -1.4953874818235293], [30.31788471476471, -1.4953330745294118], [30.317939122058824, -1.4953330745294118], [30.317939122058824, -1.495278667235294], [30.317993529352943, -1.495278667235294], [30.317993529352943, -1.4952242599411765], [30.318047936647062, -1.4952242599411765], [30.318047936647062, -1.4951698526470587], [30.318102343941177, -1.4951698526470587], [30.318102343941177, -1.4951154453529412], [30.318156751235296, -1.4951154453529412], [30.318156751235296, -1.4950610380588234], [30.318211158529415, -1.4950610380588234], [30.318211158529415, -1.4950066307647059], [30.31826556582353, -1.4950066307647059], [30.31826556582353, -1.494952223470588], [30.31831997311765, -1.494952223470588], [30.31831997311765, -1.4948978161764706], [30.31837438041177, -1.4948978161764706], [30.31837438041177, -1.4948434088823528], [30.318483195000002, -1.4948434088823528], [30.318483195000002, -1.4947890015882352], [30.31853760229412, -1.4947890015882352], [30.31853760229412, -1.4947345942941177], [30.318592009588237, -1.4947345942941177], [30.318592009588237, -1.494680187], [30.318646416882356, -1.494680187], [30.318646416882356, -1.4946257797058824], [30.318700824176474, -1.4946257797058824], [30.318700824176474, -1.4945713724117646], [30.31875523147059, -1.4945713724117646], [30.31875523147059, -1.494680187], [30.31880963876471, -1.494680187], [30.31880963876471, -1.4947890015882352], [30.318864046058827, -1.4947890015882352], [30.318864046058827, -1.4948434088823528], [30.318918453352943, -1.4948434088823528], [30.318918453352943, -1.494952223470588], [30.31897286064706, -1.494952223470588], [30.31897286064706, -1.4950610380588234], [30.31902726794118, -1.4950610380588234], [30.31902726794118, -1.4951154453529412], [30.31897286064706, -1.4951154453529412], [30.31897286064706, -1.4951698526470587], [30.318918453352943, -1.4951698526470587], [30.318918453352943, -1.4952242599411765], [30.318864046058827, -1.4952242599411765], [30.318864046058827, -1.495278667235294], [30.31880963876471, -1.495278667235294], [30.31880963876471, -1.4953330745294118], [30.31875523147059, -1.4953330745294118], [30.31875523147059, -1.4953874818235293], [30.318700824176474, -1.4953874818235293], [30.318700824176474, -1.495441889117647], [30.318646416882356, -1.495441889117647], [30.318646416882356, -1.4954962964117646], [30.318483195000002, -1.4954962964117646], [30.318483195000002, -1.4955507037058824], [30.318428787705884, -1.4955507037058824], [30.318428787705884, -1.495605111], [30.31837438041177, -1.495605111], [30.31837438041177, -1.4956595182941177], [30.31831997311765, -1.4956595182941177], [30.31831997311765, -1.4957139255882352], [30.31826556582353, -1.4957139255882352], [30.31826556582353, -1.4957683328823528], [30.318211158529415, -1.4957683328823528], [30.318211158529415, -1.4958227401764705], [30.318156751235296, -1.4958227401764705], [30.318156751235296, -1.495877147470588], [30.318047936647062, -1.495877147470588], [30.318047936647062, -1.4959315547647059], [30.317993529352943, -1.4959315547647059], [30.317993529352943, -1.4959859620588234], [30.317939122058824, -1.4959859620588234], [30.317939122058824, -1.4960403693529412], [30.31788471476471, -1.4960403693529412], [30.31788471476471, -1.4960947766470587], [30.31783030747059, -1.4960947766470587], [30.31783030747059, -1.4961491839411765], [30.31777590017647, -1.4961491839411765], [30.31777590017647, -1.496203591235294], [30.317721492882356, -1.496203591235294]]]}}, {"type": "Feature", "properties": {"id": "ftw-rwanda-008", "country": "rwanda", "source": "fields-of-the-world", "area_ha": 1.3304}, "geometry": {"type": "Polygon", "coordinates": [[[30.307825547999997, -1.533472941], [30.307825547999997, -1.5334185337058823], [30.307771493999997, -1.5334185337058823], [30.307771493999997, -1.5333641264117648], [30.307717439999998, -1.5333641264117648], [30.307717439999998, -1.533309719117647], [30.307663385999998, -1.533309719117647], [30.307663385999998, -1.5332553118235295], [30.307609332, -1.5332553118235295], [30.307609332, -1.533200904529412], [30.307555278, -1.533200904529412], [30.307555278, -1.5331464972352942], [30.307501224, -1.5331464972352942], [30.307501224, -1.5330920899411766], [30.30744717, -1.5330920899411766], [30.30744717, -1.5330376826470589], [30.307393116, -1.5330376826470589], [30.307393116, -1.5329832753529413], [30.307339061999997, -1.5329832753529413], [30.307339061999997, -1.5329288680588236], [30.307285007999997, -1.5329288680588236], [30.307285007999997, -1.532874460764706], [30.307230953999998, -1.532874460764706], [30.307230953999998, -1.5328200534705883], [30.307176899999998, -1.5328200534705883], [30.307176899999998, -1.532711238882353], [30.307285007999997, -1.532711238882353], [30.307285007999997, -1.5326568315882354], [30.30744717, -1.5326568315882354], [30.30744717, -1.5326024242941176], [30.307555278, -1.5326024242941176], [30.307555278, -1.532548017], [30.307717439999998, -1.532548017], [30.307717439999998, -1.5324936097058823], [30.307879602, -1.5324936097058823], [30.307879602, -1.5324392024117648], [30.30798771, -1.5324392024117648], [30.30798771, -1.5323847951176472], [30.308095817999998, -1.5323847951176472], [30.308095817999998, -1.5324392024117648], [30.308203925999997, -1.5324392024117648], [30.308203925999997, -1.5324936097058823], [30.308312034, -1.5324936097058823], [30.308312034, -1.532548017], [30.308420142, -1.532548017], [30.308420142, -1.5326024242941176], [30.30852825, -1.5326024242941176], [30.30852825, -1.5326568315882354], [30.308636357999998, -1.5326568315882354], [30.308636357999998, -1.532711238882353], [30.308744465999997, -1.532711238882353], [30.308744465999997, -1.5327656461764707], [30.30879852, -1.5327656461764707], [30.30879852, -1.5328200534705883], [30.308906628, -1.5328200534705883], [30.308906628, -1.532874460764706], [30.308960682, -1.532874460764706], [30.308960682, -1.5329288680588236], [30.309014735999998, -1.5329288680588236], [30.309014735999998, -1.5329832753529413], [30.308906628, -1.5329832753529413], [30.308906628, -1.5330376826470589], [30.30879852, -1.5330376826470589], [30.30879852, -1.5330920899411766], [30.308636357999998, -1.5330920899411766], [30.308636357999998, -1.5331464972352942], [30.30852825, -1.5331464972352942], [30.30852825, -1.533200904529412], [30.308420142, -1.533200904529412], [30.308420142, -1.5332553118235295], [30.308312034, -1.5332553118235295], [30.308312034, -1.533309719117647], [30.308149871999998, -1.533309719117647], [30.308149871999998, -1.5333641264117648], [30.308041764, -1.5333641264117648], [30.308041764, -1.5334185337058823], [30.307933656, -1.5334185337058823], [30.307933656, -1.533472941], [30.307825547999997, -1.533472941]]]}}, {"type": "Feature", "properties": {"id": "ftw-rwanda-009", "country": "rwanda", "source": "fields-of-the-world", "area_ha": 1.6794}, "geometry": {"type": "Polygon", "coordinates": [[[30.315817237588238, -1.4979446246470587], [30.315817237588238, -1.4978358100588234], [30.31576283029412, -1.4978358100588234], [30.31576283029412, -1.4977814027647058], [30.315708423000004, -1.4977814027647058], [30.315708423000004, -1.497726995470588], [30.315654015705885, -1.497726995470588], [30.315654015705885, -1.4976181808823528], [30.315599608411766, -1.4976181808823528], [30.315599608411766, -1.4975637735882352], [30.31554520111765, -1.4975637735882352], [30.31554520111765, -1.4975093662941175], [30.315490793823532, -1.4975093662941175], [30.315490793823532, -1.4974005517058822], [30.315436386529413, -1.4974005517058822], [30.315436386529413, -1.4973461444117646], [30.315381979235298, -1.4973461444117646], [30.315381979235298, -1.497291737117647], [30.31532757194118, -1.497291737117647], [30.31532757194118, -1.4971829225294118], [30.31527316464706, -1.4971829225294118], [30.31527316464706, -1.497128515235294], [30.315218757352945, -1.497128515235294], [30.315218757352945, -1.4970741079411765], [30.315164350058826, -1.4970741079411765], [30.315164350058826, -1.4969652933529412], [30.315109942764707, -1.4969652933529412], [30.315109942764707, -1.4969108860588234], [30.31505553547059, -1.4969108860588234], [30.31505553547059, -1.4968564787647058], [30.315001128176473, -1.4968564787647058], [30.315001128176473, -1.4967476641764705], [30.314946720882354, -1.4967476641764705], [30.314946720882354, -1.4966932568823528], [30.31489231358824, -1.4966932568823528], [30.31489231358824, -1.4966388495882352], [30.31483790629412, -1.4966388495882352], [30.31483790629412, -1.496530035], [30.314783499, -1.496530035], [30.314783499, -1.4964756277058824], [30.31483790629412, -1.4964756277058824], [30.31483790629412, -1.496366813117647], [30.31489231358824, -1.496366813117647], [30.31489231358824, -1.4963124058235293], [30.314946720882354, -1.4963124058235293], [30.314946720882354, -1.496203591235294], [30.315001128176473, -1.496203591235294], [30.315001128176473, -1.4961491839411765], [30.31505553547059, -1.4961491839411765], [30.31505553547059, -1.4960403693529412], [30.315109942764707, -1.4960403693529412], [30.315109942764707, -1.4959315547647059], [30.315164350058826, -1.4959315547647059], [30.315164350058826, -1.495877147470588], [30.315218757352945, -1.495877147470588], [30.315218757352945, -1.4957683328823528], [30.31527316464706, -1.4957683328823528], [30.31527316464706, -1.495877147470588], [30.31532757194118, -1.495877147470588], [30.31532757194118, -1.4959315547647059], [30.315381979235298, -1.4959315547647059], [30.315381979235298, -1.4960403693529412], [30.315436386529413, -1.4960403693529412], [30.315436386529413, -1.4960947766470587], [30.315490793823532, -1.4960947766470587], [30.315490793823532, -1.496203591235294], [30.31554520111765, -1.496203591235294], [30.31554520111765, -1.4962579985294118], [30.315599608411766, -1.4962579985294118], [30.315599608411766, -1.496366813117647], [30.315654015705885, -1.496366813117647], [30.315654015705885, -1.4964212204117646], [30.315708423000004, -1.4964212204117646], [30.315708423000004, -1.496530035], [30.31576283029412, -1.496530035], [30.31576283029412, -1.4966388495882352], [30.315817237588238, -1.4966388495882352], [30.315817237588238, -1.4966932568823528], [30.315871644882357, -1.4966932568823528], [30.315871644882357, -1.496802071470588], [30.315926052176472, -1.496802071470588], [30.315926052176472, -1.4968564787647058], [30.31598045947059, -1.4968564787647058], [30.31598045947059, -1.4969652933529412], [30.316034866764706, -1.4969652933529412], [30.316034866764706, -1.4970197006470587], [30.316089274058825, -1.4970197006470587], [30.316089274058825, -1.497128515235294], [30.316143681352944, -1.497128515235294], [30.316143681352944, -1.4971829225294118], [30.31619808864706, -1.4971829225294118], [30.31619808864706, -1.497291737117647], [30.31625249594118, -1.497291737117647], [30.31625249594118, -1.4973461444117646], [30.31619808864706, -1.4973461444117646], [30.31619808864706, -1.497454959], [30.316143681352944, -1.497454959], [30.316143681352944, -1.4975637735882352], [30.316089274058825, -1.4975637735882352], [30.316089274058825, -1.4976725881764705], [30.316034866764706, -1.4976725881764705], [30.316034866764706, -1.4977814027647058], [30.31598045947059, -1.4977814027647058], [30.31598045947059, -1.4978902173529411], [30.315926052176472, -1.4978902173529411], [30.315926052176472, -1.4979446246470587], [30.315817237588238, -1.4979446246470587]]]}}, {"type": "Feature", "properties": {"id": "ftw-rwanda-010", "country": "rwanda", "source": "fields-of-the-world", "area_ha": 2.2977}, "geometry": {"type": "Polygon", "coordinates": [[[30.311954319705883, -1.498651919470588], [30.311954319705883, -1.4985975121764705], [30.311899912411768, -1.4985975121764705], [30.311899912411768, -1.4985431048823528], [30.31184550511765, -1.4985431048823528], [30.31184550511765, -1.4984886975882352], [30.31179109782353, -1.4984886975882352], [30.31179109782353, -1.4984342902941175], [30.311736690529415, -1.4984342902941175], [30.311736690529415, -1.498379883], [30.311682283235296, -1.498379883], [30.311682283235296, -1.4983254757058821], [30.311627875941177, -1.4983254757058821], [30.311627875941177, -1.4982710684117646], [30.311682283235296, -1.4982710684117646], [30.311682283235296, -1.498216661117647], [30.311736690529415, -1.498216661117647], [30.311736690529415, -1.4981078465294118], [30.31179109782353, -1.4981078465294118], [30.31179109782353, -1.498053439235294], [30.31184550511765, -1.498053439235294], [30.31184550511765, -1.4979990319411765], [30.311899912411768, -1.4979990319411765], [30.311899912411768, -1.4978902173529411], [30.311954319705883, -1.4978902173529411], [30.311954319705883, -1.4978358100588234], [30.312008727000002, -1.4978358100588234], [30.312008727000002, -1.4977814027647058], [30.31206313429412, -1.4977814027647058], [30.31206313429412, -1.497726995470588], [30.312117541588236, -1.497726995470588], [30.312117541588236, -1.4976181808823528], [30.312171948882355, -1.4976181808823528], [30.312171948882355, -1.4975637735882352], [30.312226356176474, -1.4975637735882352], [30.312226356176474, -1.4975093662941175], [30.31228076347059, -1.4975093662941175], [30.31228076347059, -1.4974005517058822], [30.312335170764708, -1.4974005517058822], [30.312335170764708, -1.4973461444117646], [30.312389578058827, -1.4973461444117646], [30.312389578058827, -1.497291737117647], [30.312443985352942, -1.497291737117647], [30.312443985352942, -1.4971829225294118], [30.31249839264706, -1.4971829225294118], [30.31249839264706, -1.497128515235294], [30.312552799941177, -1.497128515235294], [30.312552799941177, -1.4970197006470587], [30.312607207235295, -1.4970197006470587], [30.312607207235295, -1.496802071470588], [30.312661614529414, -1.496802071470588], [30.312661614529414, -1.4966388495882352], [30.31271602182353, -1.4966388495882352], [30.31271602182353, -1.4964212204117646], [30.31277042911765, -1.4964212204117646], [30.31277042911765, -1.496203591235294], [30.312824836411767, -1.496203591235294], [30.312824836411767, -1.4960403693529412], [30.312879243705883, -1.4960403693529412], [30.312879243705883, -1.4959315547647059], [30.312933651, -1.4959315547647059], [30.312933651, -1.4958227401764705], [30.31298805829412, -1.4958227401764705], [30.31298805829412, -1.4957139255882352], [30.313042465588236, -1.4957139255882352], [30.313042465588236, -1.495605111], [30.313096872882355, -1.495605111], [30.313096872882355, -1.4954962964117646], [30.313151280176474, -1.4954962964117646], [30.313151280176474, -1.4953330745294118], [30.31320568747059, -1.4953330745294118], [30.31320568747059, -1.4952242599411765], [30.313260094764708, -1.4952242599411765], [30.313260094764708, -1.4951154453529412], [30.313314502058827, -1.4951154453529412], [30.313314502058827, -1.4950066307647059], [30.313368909352942, -1.4950066307647059], [30.313368909352942, -1.4948978161764706], [30.31342331664706, -1.4948978161764706], [30.31342331664706, -1.494952223470588], [30.31347772394118, -1.494952223470588], [30.31347772394118, -1.4950610380588234], [30.313532131235295, -1.4950610380588234], [30.313532131235295, -1.4951154453529412], [30.313586538529414, -1.4951154453529412], [30.313586538529414, -1.4952242599411765], [30.313640945823533, -1.4952242599411765], [30.313640945823533, -1.4953330745294118], [30.313695353117648, -1.4953330745294118], [30.313695353117648, -1.4953874818235293], [30.313749760411767, -1.4953874818235293], [30.313749760411767, -1.4954962964117646], [30.313804167705886, -1.4954962964117646], [30.313804167705886, -1.4955507037058824], [30.313749760411767, -1.4955507037058824], [30.313749760411767, -1.4956595182941177], [30.313695353117648, -1.4956595182941177], [30.313695353117648, -1.4957683328823528], [30.313640945823533, -1.4957683328823528], [30.313640945823533, -1.495877147470588], [30.313586538529414, -1.495877147470588], [30.313586538529414, -1.4959859620588234], [30.313532131235295, -1.4959859620588234], [30.313532131235295, -1.4960947766470587], [30.31347772394118, -1.4960947766470587], [30.31347772394118, -1.496203591235294], [30.31342331664706, -1.496203591235294], [30.31342331664706, -1.4963124058235293], [30.313368909352942, -1.4963124058235293], [30.313368909352942, -1.496366813117647], [30.313314502058827, -1.496366813117647], [30.313314502058827, -1.4964756277058824], [30.313260094764708, -1.4964756277058824], [30.313260094764708, -1.4965844422941175], [30.31320568747059, -1.4965844422941175], [30.31320568747059, -1.4966932568823528], [30.313151280176474, -1.4966932568823528], [30.313151280176474, -1.496802071470588], [30.313096872882355, -1.496802071470588], [30.313096872882355, -1.4969108860588234], [30.313042465588236, -1.4969108860588234], [30.313042465588236, -1.4970197006470587], [30.31298805829412, -1.4970197006470587], [30.31298805829412, -1.497128515235294], [30.312933651, -1.497128515235294], [30.312933651, -1.4972373298235293], [30.312879243705883, -1.4972373298235293], [30.312879243705883, -1.497291737117647], [30.312824836411767, -1.497291737117647], [30.312824836411767, -1.4974005517058822], [30.31277042911765, -1.4974005517058822], [30.31277042911765, -1.497454959], [30.31271602182353, -1.497454959], [30.31271602182353, -1.4975637735882352], [30.312661614529414, -1.4975637735882352], [30.312661614529414, -1.4976181808823528], [30.312607207235295, -1.4976181808823528], [30.312607207235295, -1.497726995470588], [30.312552799941177, -1.497726995470588], [30.312552799941177, -1.4977814027647058], [30.31249839264706, -1.4977814027647058], [30.31249839264706, -1.4978902173529411], [30.312443985352942, -1.4978902173529411], [30.312443985352942, -1.4979446246470587], [30.312389578058827, -1.4979446246470587], [30.312389578058827, -1.498053439235294], [30.312335170764708, -1.498053439235294], [30.312335170764708, -1.4981622538235293], [30.31228076347059, -1.4981622538235293], [30.31228076347059, -1.498216661117647], [30.312226356176474, -1.498216661117647], [30.312226356176474, -1.4983254757058821], [30.312171948882355, -1.4983254757058821], [30.312171948882355, -1.498379883], [30.312117541588236, -1.498379883], [30.312117541588236, -1.4984886975882352], [30.31206313429412, -1.4984886975882352], [30.31206313429412, -1.4985431048823528], [30.312008727000002, -1.4985431048823528], [30.312008727000002, -1.498651919470588], [30.311954319705883, -1.498651919470588]]]}}, {"type": "Feature", "properties": {"id": "ftw-rwanda-011", "country": "rwanda", "source": "fields-of-the-world", "area_ha": 2.8462}, "geometry": {"type": "Polygon", "coordinates": [[[30.309609329999997, -1.5330376826470589], [30.309609329999997, -1.5329832753529413], [30.309501221999998, -1.5329832753529413], [30.309501221999998, -1.5329288680588236], [30.309393114, -1.5329288680588236], [30.309393114, -1.532874460764706], [30.309285006, -1.532874460764706], [30.309285006, -1.5328200534705883], [30.309176897999997, -1.5328200534705883], [30.309176897999997, -1.5327656461764707], [30.309068789999998, -1.5327656461764707], [30.309068789999998, -1.532711238882353], [30.309014735999998, -1.532711238882353], [30.309014735999998, -1.5326568315882354], [30.308906628, -1.5326568315882354], [30.308906628, -1.5326024242941176], [30.30879852, -1.5326024242941176], [30.30879852, -1.532548017], [30.308690411999997, -1.532548017], [30.308690411999997, -1.5324936097058823], [30.308582303999998, -1.5324936097058823], [30.308582303999998, -1.5324392024117648], [30.308474196, -1.5324392024117648], [30.308474196, -1.5323847951176472], [30.308366088, -1.5323847951176472], [30.308366088, -1.5323303878235295], [30.308312034, -1.5323303878235295], [30.308312034, -1.532275980529412], [30.308203925999997, -1.532275980529412], [30.308203925999997, -1.5322215732352942], [30.308095817999998, -1.5322215732352942], [30.308095817999998, -1.5321671659411766], [30.30798771, -1.5321671659411766], [30.30798771, -1.5321127586470589], [30.307879602, -1.5321127586470589], [30.307879602, -1.5320583513529413], [30.307771493999997, -1.5320583513529413], [30.307771493999997, -1.531949536764706], [30.307825547999997, -1.531949536764706], [30.307825547999997, -1.5318407221764707], [30.307879602, -1.5318407221764707], [30.307879602, -1.5316775002941176], [30.307933656, -1.5316775002941176], [30.307933656, -1.5315142784117648], [30.30798771, -1.5315142784117648], [30.30798771, -1.531351056529412], [30.308041764, -1.531351056529412], [30.308041764, -1.5311878346470589], [30.308095817999998, -1.5311878346470589], [30.308095817999998, -1.5311334273529413], [30.308149871999998, -1.5311334273529413], [30.308149871999998, -1.5311878346470589], [30.308257979999997, -1.5311878346470589], [30.308257979999997, -1.5312422419411766], [30.308420142, -1.5312422419411766], [30.308420142, -1.5312966492352942], [30.308582303999998, -1.5312966492352942], [30.308582303999998, -1.531351056529412], [30.308690411999997, -1.531351056529412], [30.308690411999997, -1.5314054638235295], [30.30879852, -1.5314054638235295], [30.30879852, -1.5314598711176473], [30.308906628, -1.5314598711176473], [30.308906628, -1.5315142784117648], [30.309014735999998, -1.5315142784117648], [30.309014735999998, -1.5315686857058823], [30.309122843999997, -1.5315686857058823], [30.309122843999997, -1.531623093], [30.309176897999997, -1.531623093], [30.309176897999997, -1.5316775002941176], [30.309285006, -1.5316775002941176], [30.309285006, -1.5317319075882354], [30.309393114, -1.5317319075882354], [30.309393114, -1.531786314882353], [30.309501221999998, -1.531786314882353], [30.309501221999998, -1.5318407221764707], [30.309609329999997, -1.5318407221764707], [30.309609329999997, -1.5318951294705883], [30.309663383999997, -1.5318951294705883], [30.309663383999997, -1.531949536764706], [30.309771492, -1.531949536764706], [30.309771492, -1.5320039440588236], [30.3098796, -1.5320039440588236], [30.3098796, -1.5320583513529413], [30.309933653999998, -1.5320583513529413], [30.309933653999998, -1.5321127586470589], [30.310041761999997, -1.5321127586470589], [30.310041761999997, -1.5321671659411766], [30.31014987, -1.5321671659411766], [30.31014987, -1.5322215732352942], [30.310203924, -1.5322215732352942], [30.310203924, -1.532275980529412], [30.310257978, -1.532275980529412], [30.310257978, -1.5323303878235295], [30.310203924, -1.5323303878235295], [30.310203924, -1.5324392024117648], [30.31014987, -1.5324392024117648], [30.31014987, -1.5324936097058823], [30.310095815999997, -1.5324936097058823], [30.310095815999997, -1.5326024242941176], [30.310041761999997, -1.5326024242941176], [30.310041761999997, -1.5326568315882354], [30.309987707999998, -1.5326568315882354], [30.309987707999998, -1.5327656461764707], [30.309933653999998, -1.5327656461764707], [30.309933653999998, -1.5328200534705883], [30.309825546, -1.5328200534705883], [30.309825546, -1.532874460764706], [30.309771492, -1.532874460764706], [30.309771492, -1.5329288680588236], [30.309717438, -1.5329288680588236], [30.309717438, -1.5329832753529413], [30.309663383999997, -1.5329832753529413], [30.309663383999997, -1.5330376826470589], [30.309609329999997, -1.5330376826470589]]]}}, {"type": "Feature", "properties": {"id": "ftw-rwanda-012", "country": "rwanda", "source": "fields-of-the-world", "area_ha": 4.0027}, "geometry": {"type": "Polygon", "coordinates": [[[30.32245492747059, -1.4964756277058824], [30.32245492747059, -1.4964212204117646], [30.322400520176473, -1.4964212204117646], [30.322400520176473, -1.496366813117647], [30.322346112882357, -1.496366813117647], [30.322346112882357, -1.4963124058235293], [30.32229170558824, -1.4963124058235293], [30.32229170558824, -1.4962579985294118], [30.32223729829412, -1.4962579985294118], [30.32223729829412, -1.496203591235294], [30.322182891000004, -1.496203591235294], [30.322182891000004, -1.4961491839411765], [30.322128483705885, -1.4961491839411765], [30.322128483705885, -1.4960403693529412], [30.322074076411766, -1.4960403693529412], [30.322074076411766, -1.4959859620588234], [30.32201966911765, -1.4959859620588234], [30.32201966911765, -1.4959315547647059], [30.321965261823532, -1.4959315547647059], [30.321965261823532, -1.495877147470588], [30.321910854529413, -1.495877147470588], [30.321910854529413, -1.4958227401764705], [30.321856447235298, -1.4958227401764705], [30.321856447235298, -1.4957683328823528], [30.32180203994118, -1.4957683328823528], [30.32180203994118, -1.4957139255882352], [30.32174763264706, -1.4957139255882352], [30.32174763264706, -1.495605111], [30.321693225352945, -1.495605111], [30.321693225352945, -1.4954962964117646], [30.321638818058826, -1.4954962964117646], [30.321638818058826, -1.495441889117647], [30.321584410764707, -1.495441889117647], [30.321584410764707, -1.4953330745294118], [30.321530003470592, -1.4953330745294118], [30.321530003470592, -1.4952242599411765], [30.321475596176473, -1.4952242599411765], [30.321475596176473, -1.4951154453529412], [30.321421188882354, -1.4951154453529412], [30.321421188882354, -1.4950610380588234], [30.321530003470592, -1.4950610380588234], [30.321530003470592, -1.4950066307647059], [30.321638818058826, -1.4950066307647059], [30.321638818058826, -1.494952223470588], [30.32174763264706, -1.494952223470588], [30.32174763264706, -1.4948978161764706], [30.32180203994118, -1.4948978161764706], [30.32180203994118, -1.4948434088823528], [30.321910854529413, -1.4948434088823528], [30.321910854529413, -1.4947890015882352], [30.32201966911765, -1.4947890015882352], [30.32201966911765, -1.4947345942941177], [30.322074076411766, -1.4947345942941177], [30.322074076411766, -1.494680187], [30.322182891000004, -1.494680187], [30.322182891000004, -1.4946257797058824], [30.32229170558824, -1.4946257797058824], [30.32229170558824, -1.4945713724117646], [30.322400520176473, -1.4945713724117646], [30.322400520176473, -1.494516965117647], [30.32245492747059, -1.494516965117647], [30.32245492747059, -1.4944625578235293], [30.322563742058826, -1.4944625578235293], [30.322563742058826, -1.4944081505294118], [30.322672556647063, -1.4944081505294118], [30.322672556647063, -1.494353743235294], [30.32272696394118, -1.494353743235294], [30.32272696394118, -1.4942993359411765], [30.322835778529416, -1.4942993359411765], [30.322835778529416, -1.4942449286470587], [30.32294459311765, -1.4942449286470587], [30.32294459311765, -1.4941905213529412], [30.323107815000004, -1.4941905213529412], [30.323107815000004, -1.4942993359411765], [30.32316222229412, -1.4942993359411765], [30.32316222229412, -1.4944081505294118], [30.323216629588238, -1.4944081505294118], [30.323216629588238, -1.494516965117647], [30.323271036882357, -1.494516965117647], [30.323271036882357, -1.4946257797058824], [30.323325444176472, -1.4946257797058824], [30.323325444176472, -1.4947345942941177], [30.32337985147059, -1.4947345942941177], [30.32337985147059, -1.4948434088823528], [30.32343425876471, -1.4948434088823528], [30.32343425876471, -1.494952223470588], [30.323488666058825, -1.494952223470588], [30.323488666058825, -1.4951154453529412], [30.323543073352944, -1.4951154453529412], [30.323543073352944, -1.4952242599411765], [30.323597480647063, -1.4952242599411765], [30.323597480647063, -1.4953330745294118], [30.32365188794118, -1.4953330745294118], [30.32365188794118, -1.495441889117647], [30.323706295235297, -1.495441889117647], [30.323706295235297, -1.4955507037058824], [30.323760702529416, -1.4955507037058824], [30.323760702529416, -1.4956595182941177], [30.32381510982353, -1.4956595182941177], [30.32381510982353, -1.4957683328823528], [30.32386951711765, -1.4957683328823528], [30.32386951711765, -1.495877147470588], [30.32392392441177, -1.495877147470588], [30.32392392441177, -1.4959315547647059], [30.32386951711765, -1.4959315547647059], [30.32386951711765, -1.4959859620588234], [30.323706295235297, -1.4959859620588234], [30.323706295235297, -1.4960403693529412], [30.323597480647063, -1.4960403693529412], [30.323597480647063, -1.4960947766470587], [30.32343425876471, -1.4960947766470587], [30.32343425876471, -1.4961491839411765], [30.323271036882357, -1.4961491839411765], [30.323271036882357, -1.496203591235294], [30.32316222229412, -1.496203591235294], [30.32316222229412, -1.4962579985294118], [30.322999000411766, -1.4962579985294118], [30.322999000411766, -1.4963124058235293], [30.322835778529416, -1.4963124058235293], [30.322835778529416, -1.496366813117647], [30.32272696394118, -1.496366813117647], [30.32272696394118, -1.4964212204117646], [30.322563742058826, -1.4964212204117646], [30.322563742058826, -1.4964756277058824], [30.32245492747059, -1.4964756277058824]]]}}, {"type": "Feature", "properties": {"id": "ftw-rwanda-013", "country": "rwanda", "source": "fields-of-the-world", "area_ha": 7.1456}, "geometry": {"type": "Polygon", "coordinates": [[[30.321965261823532, -1.496366813117647], [30.321965261823532, -1.4963124058235293], [30.321856447235298, -1.4963124058235293], [30.321856447235298, -1.4962579985294118], [30.321693225352945, -1.4962579985294118], [30.321693225352945, -1.496203591235294], [30.321584410764707, -1.496203591235294], [30.321584410764707, -1.4961491839411765], [30.32082270864706, -1.4961491839411765], [30.32082270864706, -1.496203591235294], [30.320115413823533, -1.496203591235294], [30.320115413823533, -1.4961491839411765], [30.320061006529414, -1.4961491839411765], [30.320061006529414, -1.4960403693529412], [30.320006599235295, -1.4960403693529412], [30.320006599235295, -1.4959859620588234], [30.31995219194118, -1.4959859620588234], [30.31995219194118, -1.4959315547647059], [30.31989778464706, -1.4959315547647059], [30.31989778464706, -1.495877147470588], [30.319843377352942, -1.495877147470588], [30.319843377352942, -1.4958227401764705], [30.319788970058827, -1.4958227401764705], [30.319788970058827, -1.4957139255882352], [30.319734562764708, -1.4957139255882352], [30.319734562764708, -1.4956595182941177], [30.31968015547059, -1.4956595182941177], [30.31968015547059, -1.495605111], [30.319625748176474, -1.495605111], [30.319625748176474, -1.4955507037058824], [30.319571340882355, -1.4955507037058824], [30.319571340882355, -1.4954962964117646], [30.319516933588236, -1.4954962964117646], [30.319516933588236, -1.4953874818235293], [30.31946252629412, -1.4953874818235293], [30.31946252629412, -1.4953330745294118], [30.319408119000002, -1.4953330745294118], [30.319408119000002, -1.495278667235294], [30.319353711705887, -1.495278667235294], [30.319353711705887, -1.4952242599411765], [30.319299304411768, -1.4952242599411765], [30.319299304411768, -1.4951698526470587], [30.31924489711765, -1.4951698526470587], [30.31924489711765, -1.4950610380588234], [30.319190489823534, -1.4950610380588234], [30.319190489823534, -1.4950066307647059], [30.319136082529415, -1.4950066307647059], [30.319136082529415, -1.494952223470588], [30.319081675235296, -1.494952223470588], [30.319081675235296, -1.4948978161764706], [30.31902726794118, -1.4948978161764706], [30.31902726794118, -1.4948434088823528], [30.31897286064706, -1.4948434088823528], [30.31897286064706, -1.4947345942941177], [30.318918453352943, -1.4947345942941177], [30.318918453352943, -1.494680187], [30.318864046058827, -1.494680187], [30.318864046058827, -1.4946257797058824], [30.31880963876471, -1.4946257797058824], [30.31880963876471, -1.494516965117647], [30.31875523147059, -1.494516965117647], [30.31875523147059, -1.4944081505294118], [30.318700824176474, -1.4944081505294118], [30.318700824176474, -1.4942993359411765], [30.318646416882356, -1.4942993359411765], [30.318646416882356, -1.4942449286470587], [30.318592009588237, -1.4942449286470587], [30.318592009588237, -1.4941361140588234], [30.31853760229412, -1.4941361140588234], [30.31853760229412, -1.494027299470588], [30.318483195000002, -1.494027299470588], [30.318483195000002, -1.4939728921764706], [30.318428787705884, -1.4939728921764706], [30.318428787705884, -1.4938640775882353], [30.31837438041177, -1.4938640775882353], [30.31837438041177, -1.493755263], [30.31831997311765, -1.493755263], [30.31831997311765, -1.4936464484117646], [30.31826556582353, -1.4936464484117646], [30.31826556582353, -1.493592041117647], [30.318211158529415, -1.493592041117647], [30.318211158529415, -1.4934832265294118], [30.318156751235296, -1.4934832265294118], [30.318156751235296, -1.4933744119411765], [30.318102343941177, -1.4933744119411765], [30.318102343941177, -1.4933200046470587], [30.318047936647062, -1.4933200046470587], [30.318047936647062, -1.4932111900588234], [30.317993529352943, -1.4932111900588234], [30.317993529352943, -1.493102375470588], [30.317939122058824, -1.493102375470588], [30.317939122058824, -1.492993560882353], [30.318047936647062, -1.492993560882353], [30.318047936647062, -1.4930479681764706], [30.318483195000002, -1.4930479681764706], [30.318483195000002, -1.493102375470588], [30.318864046058827, -1.493102375470588], [30.318864046058827, -1.4931567827647059], [30.31924489711765, -1.4931567827647059], [30.31924489711765, -1.4932111900588234], [30.31968015547059, -1.4932111900588234], [30.31968015547059, -1.4932655973529412], [30.319843377352942, -1.4932655973529412], [30.319843377352942, -1.4933744119411765], [30.31989778464706, -1.4933744119411765], [30.31989778464706, -1.493592041117647], [30.31995219194118, -1.493592041117647], [30.31995219194118, -1.4937008557058824], [30.320006599235295, -1.4937008557058824], [30.320006599235295, -1.493755263], [30.320061006529414, -1.493755263], [30.320061006529414, -1.4938640775882353], [30.320115413823533, -1.4938640775882353], [30.320115413823533, -1.4939184848823528], [30.32016982111765, -1.4939184848823528], [30.32016982111765, -1.4939728921764706], [30.320224228411767, -1.4939728921764706], [30.320224228411767, -1.494027299470588], [30.320278635705886, -1.494027299470588], [30.320278635705886, -1.4940817067647059], [30.320333043, -1.4940817067647059], [30.320333043, -1.4941361140588234], [30.32038745029412, -1.4941361140588234], [30.32038745029412, -1.4941905213529412], [30.32044185758824, -1.4941905213529412], [30.32044185758824, -1.4942449286470587], [30.320496264882355, -1.4942449286470587], [30.320496264882355, -1.4942993359411765], [30.320550672176473, -1.4942993359411765], [30.320550672176473, -1.494353743235294], [30.320605079470592, -1.494353743235294], [30.320605079470592, -1.4944081505294118], [30.320659486764708, -1.4944081505294118], [30.320659486764708, -1.4944625578235293], [30.320713894058827, -1.4944625578235293], [30.320713894058827, -1.494516965117647], [30.320768301352945, -1.494516965117647], [30.320768301352945, -1.4945713724117646], [30.32082270864706, -1.4945713724117646], [30.32082270864706, -1.4946257797058824], [30.32087711594118, -1.4946257797058824], [30.32087711594118, -1.494680187], [30.3209315232353, -1.494680187], [30.3209315232353, -1.4947345942941177], [30.320985930529414, -1.4947345942941177], [30.320985930529414, -1.4947890015882352], [30.321040337823533, -1.4947890015882352], [30.321040337823533, -1.4948434088823528], [30.321094745117648, -1.4948434088823528], [30.321094745117648, -1.4948978161764706], [30.321149152411767, -1.4948978161764706], [30.321149152411767, -1.494952223470588], [30.321203559705886, -1.494952223470588], [30.321203559705886, -1.4950066307647059], [30.321257967, -1.4950066307647059], [30.321257967, -1.4950610380588234], [30.32131237429412, -1.4950610380588234], [30.32131237429412, -1.4951698526470587], [30.32136678158824, -1.4951698526470587], [30.32136678158824, -1.495278667235294], [30.321421188882354, -1.495278667235294], [30.321421188882354, -1.4953874818235293], [30.321475596176473, -1.4953874818235293], [30.321475596176473, -1.495441889117647], [30.321530003470592, -1.495441889117647], [30.321530003470592, -1.4955507037058824], [30.321584410764707, -1.4955507037058824], [30.321584410764707, -1.4956595182941177], [30.321638818058826, -1.4956595182941177], [30.321638818058826, -1.4957683328823528], [30.321693225352945, -1.4957683328823528], [30.321693225352945, -1.4958227401764705], [30.32174763264706, -1.4958227401764705], [30.32174763264706, -1.495877147470588], [30.32180203994118, -1.495877147470588], [30.32180203994118, -1.4959315547647059], [30.321856447235298, -1.4959315547647059], [30.321856447235298, -1.4960403693529412], [30.321910854529413, -1.4960403693529412], [30.321910854529413, -1.4960947766470587], [30.321965261823532, -1.4960947766470587], [30.321965261823532, -1.4961491839411765], [30.32201966911765, -1.4961491839411765], [30.32201966911765, -1.496203591235294], [30.322074076411766, -1.496203591235294], [30.322074076411766, -1.4962579985294118], [30.322128483705885, -1.4962579985294118], [30.322128483705885, -1.496366813117647], [30.321965261823532, -1.496366813117647]]]}}, {"type": "Feature", "properties": {"id": "ftw-slovakia-000", "country": "slovakia", "source": "fields-of-the-world", "area_ha": 0.6016}, "geometry": {"type": "Polygon", "coordinates": [[[21.491221751999998, 49.033734749999994], [21.491221751999998, 49.03378880399999], [21.490897427999997, 49.03378880399999], [21.490897427999997, 49.03384285799999], [21.490681212, 49.03384285799999], [21.490681212, 49.03427528999999], [21.490951481999996, 49.03427528999999], [21.490951481999996, 49.03422123599999], [21.491221751999998, 49.03422123599999], [21.491221751999998, 49.03416718199999], [21.491654183999998, 49.03416718199999], [21.491654183999998, 49.034113127999994], [21.491978507999995, 49.034113127999994], [21.491978507999995, 49.03416718199999], [21.492356885999996, 49.03416718199999], [21.492356885999996, 49.034113127999994], [21.492627155999998, 49.034113127999994], [21.492627155999998, 49.03378880399999], [21.491329859999997, 49.03378880399999], [21.491329859999997, 49.033734749999994], [21.491221751999998, 49.033734749999994]]]}}, {"type": "Feature", "properties": {"id": "ftw-slovakia-001", "country": "slovakia", "source": "fields-of-the-world", "area_ha": 1.279}, "geometry": {"type": "Polygon", "coordinates": [[[21.492356885999996, 49.03254556199999], [21.492356885999996, 49.03259961599999], [21.492302831999996, 49.03259961599999], [21.492302831999996, 49.03265366999999], [21.492194723999997, 49.03265366999999], [21.492194723999997, 49.03270772399999], [21.491924453999996, 49.03270772399999], [21.491924453999996, 49.032761777999994], [21.491654183999998, 49.032761777999994], [21.491654183999998, 49.03281583199999], [21.491437967999996, 49.03281583199999], [21.491437967999996, 49.03286988599999], [21.491383913999996, 49.03286988599999], [21.491383913999996, 49.03292393999999], [21.491221751999998, 49.03292393999999], [21.491221751999998, 49.03297799399999], [21.491005535999996, 49.03297799399999], [21.491005535999996, 49.03303204799999], [21.490951481999996, 49.03303204799999], [21.490951481999996, 49.03308610199999], [21.490735265999998, 49.03308610199999], [21.490735265999998, 49.033140155999995], [21.490681212, 49.033140155999995], [21.490681212, 49.03319420999999], [21.490519049999996, 49.03319420999999], [21.490519049999996, 49.033248263999994], [21.490464995999996, 49.033248263999994], [21.490464995999996, 49.03335637199999], [21.490410941999997, 49.03335637199999], [21.490410941999997, 49.03341042599999], [21.490356887999997, 49.03341042599999], [21.490356887999997, 49.033518533999995], [21.490627157999995, 49.033518533999995], [21.490627157999995, 49.03346447999999], [21.491221751999998, 49.03346447999999], [21.491221751999998, 49.03341042599999], [21.491816345999997, 49.03341042599999], [21.491816345999997, 49.03346447999999], [21.492302831999996, 49.03346447999999], [21.492302831999996, 49.033518533999995], [21.492789317999996, 49.033518533999995], [21.492789317999996, 49.03346447999999], [21.493005533999998, 49.03346447999999], [21.493005533999998, 49.03330231799999], [21.492951479999995, 49.03330231799999], [21.492951479999995, 49.03308610199999], [21.492897425999995, 49.03308610199999], [21.492897425999995, 49.03297799399999], [21.492843371999996, 49.03297799399999], [21.492843371999996, 49.032761777999994], [21.492789317999996, 49.032761777999994], [21.492789317999996, 49.03254556199999], [21.492356885999996, 49.03254556199999]], [[21.492356885999996, 49.033248263999994], [21.492410939999996, 49.033248263999994], [21.492410939999996, 49.03330231799999], [21.492356885999996, 49.03330231799999], [21.492356885999996, 49.033248263999994]]]}}, {"type": "Feature", "properties": {"id": "ftw-slovakia-002", "country": "slovakia", "source": "fields-of-the-world", "area_ha": 7.1285}, "geometry": {"type": "Polygon", "coordinates": [[[21.701563884, 48.970455533999996], [21.701563884, 48.970509588], [21.701455776, 48.970509588], [21.701455776, 48.970563642], [21.701347668, 48.970563642], [21.701347668, 48.970617696], [21.701239559999998, 48.970617696], [21.701239559999998, 48.97067175], [21.701131452, 48.97067175], [21.701131452, 48.970725804], [21.701023344, 48.970725804], [21.701023344, 48.970779858], [21.700915236, 48.970779858], [21.700915236, 48.970833911999996], [21.700861182, 48.970833911999996], [21.700861182, 48.970942019999995], [21.700807127999997, 48.970942019999995], [21.700807127999997, 48.971050128], [21.700753073999998, 48.971050128], [21.700753073999998, 48.971158236], [21.70069902, 48.971158236], [21.70069902, 48.97121229], [21.700644966, 48.97121229], [21.700644966, 48.971320397999996], [21.700590912, 48.971320397999996], [21.700590912, 48.971374452], [21.700536858, 48.971374452], [21.700536858, 48.97148256], [21.700482804, 48.97148256], [21.700482804, 48.971590668], [21.70042875, 48.971590668], [21.70042875, 48.971698776], [21.700374696, 48.971698776], [21.700374696, 48.971914992], [21.700320641999998, 48.971914992], [21.700320641999998, 48.9720231], [21.700266587999998, 48.9720231], [21.700266587999998, 48.972455532], [21.700320641999998, 48.972455532], [21.700320641999998, 48.97256364], [21.700374696, 48.97256364], [21.700374696, 48.972617694], [21.70042875, 48.972617694], [21.70042875, 48.972725802], [21.700482804, 48.972725802], [21.700482804, 48.972779856], [21.700536858, 48.972779856], [21.700536858, 48.972887964], [21.700590912, 48.972887964], [21.700590912, 48.972942018], [21.70069902, 48.972942018], [21.70069902, 48.972996072], [21.700807127999997, 48.972996072], [21.700807127999997, 48.973050126], [21.700861182, 48.973050126], [21.700861182, 48.97310418], [21.700915236, 48.97310418], [21.700915236, 48.973158233999996], [21.70096929, 48.973158233999996], [21.70096929, 48.973320396], [21.701023344, 48.973320396], [21.701023344, 48.973428504], [21.701077398, 48.973428504], [21.701077398, 48.973482558], [21.701185505999998, 48.973482558], [21.701185505999998, 48.973536612], [21.701239559999998, 48.973536612], [21.701239559999998, 48.973590666], [21.701293614, 48.973590666], [21.701293614, 48.973698774], [21.701347668, 48.973698774], [21.701347668, 48.974077152], [21.701293614, 48.974077152], [21.701293614, 48.974293368], [21.701239559999998, 48.974293368], [21.701239559999998, 48.97526634], [21.701293614, 48.97526634], [21.701293614, 48.975428502], [21.701347668, 48.975428502], [21.701347668, 48.975590664], [21.701401722, 48.975590664], [21.701401722, 48.975698772], [21.701455776, 48.975698772], [21.701455776, 48.97580688], [21.70150983, 48.97580688], [21.70150983, 48.976563636], [21.701617938, 48.976563636], [21.701617938, 48.97661769], [21.701726045999997, 48.97661769], [21.701726045999997, 48.976401474], [21.7017801, 48.976401474], [21.7017801, 48.976293366], [21.701834154, 48.976293366], [21.701834154, 48.976185258], [21.701888208, 48.976185258], [21.701888208, 48.976023096], [21.701942262, 48.976023096], [21.701942262, 48.975698772], [21.701996316, 48.975698772], [21.701996316, 48.975482556], [21.70205037, 48.975482556], [21.70205037, 48.975158232], [21.702104423999998, 48.975158232], [21.702104423999998, 48.974779854], [21.702158477999998, 48.974779854], [21.702158477999998, 48.974563638], [21.702212532, 48.974563638], [21.702212532, 48.97445553], [21.702266586, 48.97445553], [21.702266586, 48.974401476], [21.70232064, 48.974401476], [21.70232064, 48.974293368], [21.702374694, 48.974293368], [21.702374694, 48.97418526], [21.702428748, 48.97418526], [21.702428748, 48.974077152], [21.702482802, 48.974077152], [21.702482802, 48.974023098], [21.702536856, 48.974023098], [21.702536856, 48.97391499], [21.702590909999998, 48.97391499], [21.702590909999998, 48.973806882], [21.702644963999997, 48.973806882], [21.702644963999997, 48.973752828], [21.702699018, 48.973752828], [21.702699018, 48.973698774], [21.702753072, 48.973698774], [21.702753072, 48.97364472], [21.702807126, 48.97364472], [21.702807126, 48.973536612], [21.70286118, 48.973536612], [21.70286118, 48.973320396], [21.702915234, 48.973320396], [21.702915234, 48.973050126], [21.702969288, 48.973050126], [21.702969288, 48.972779856], [21.703023341999998, 48.972779856], [21.703023341999998, 48.972131208], [21.702969288, 48.972131208], [21.702969288, 48.971969046], [21.702915234, 48.971969046], [21.702915234, 48.971860938], [21.70286118, 48.971860938], [21.70286118, 48.971806883999996], [21.702753072, 48.971806883999996], [21.702753072, 48.97175283], [21.702699018, 48.97175283], [21.702699018, 48.971698776], [21.702644963999997, 48.971698776], [21.702644963999997, 48.971590668], [21.702590909999998, 48.971590668], [21.702590909999998, 48.97148256], [21.702536856, 48.97148256], [21.702536856, 48.971428505999995], [21.702482802, 48.971428505999995], [21.702482802, 48.971320397999996], [21.702428748, 48.971320397999996], [21.702428748, 48.971266344], [21.702374694, 48.971266344], [21.702374694, 48.971050128], [21.70232064, 48.971050128], [21.70232064, 48.970779858], [21.702266586, 48.970779858], [21.702266586, 48.970617696], [21.702212532, 48.970617696], [21.702212532, 48.970563642], [21.702158477999998, 48.970563642], [21.702158477999998, 48.970509588], [21.70205037, 48.970509588], [21.70205037, 48.970455533999996], [21.701563884, 48.970455533999996]]]}}, {"type": "Feature", "properties": {"id": "ftw-slovenia-000", "country": "slovenia", "source": "fields-of-the-world", "area_ha": 0.2317}, "geometry": {"type": "Polygon", "coordinates": [[[15.41971431, 46.39076442], [15.41971431, 46.390926582], [15.419660256, 46.390926582], [15.419660256, 46.39103469], [15.420254850000001, 46.39103469], [15.420254850000001, 46.390980635999995], [15.420849444, 46.390980635999995], [15.420849444, 46.390926582], [15.42079539, 46.390926582], [15.42079539, 46.39076442], [15.41971431, 46.39076442]]]}}, {"type": "Feature", "properties": {"id": "ftw-slovenia-001", "country": "slovenia", "source": "fields-of-the-world", "area_ha": 0.2392}, "geometry": {"type": "Polygon", "coordinates": [[[15.41322783, 46.388169827999995], [15.41322783, 46.388223882], [15.413119722000001, 46.388223882], [15.413119722000001, 46.388277935999994], [15.41322783, 46.388277935999994], [15.41322783, 46.38833199], [15.413281884, 46.38833199], [15.413281884, 46.38838604399999], [15.413389992, 46.38838604399999], [15.413389992, 46.388440098], [15.413444046, 46.388440098], [15.413444046, 46.38849415199999], [15.413552154000001, 46.38849415199999], [15.413552154000001, 46.388548205999996], [15.413606208000001, 46.388548205999996], [15.413606208000001, 46.38860226], [15.413660262, 46.38860226], [15.413660262, 46.388656313999995], [15.41376837, 46.388656313999995], [15.41376837, 46.388710368], [15.413822424000001, 46.388710368], [15.413822424000001, 46.388764421999994], [15.414038640000001, 46.388764421999994], [15.414038640000001, 46.388818476], [15.414362964, 46.388818476], [15.414362964, 46.388764421999994], [15.41430891, 46.388764421999994], [15.41430891, 46.388548205999996], [15.414092694, 46.388548205999996], [15.414092694, 46.38849415199999], [15.413876478, 46.38849415199999], [15.413876478, 46.388440098], [15.41376837, 46.388440098], [15.41376837, 46.38838604399999], [15.413660262, 46.38838604399999], [15.413660262, 46.38833199], [15.413552154000001, 46.38833199], [15.413552154000001, 46.388277935999994], [15.413444046, 46.388277935999994], [15.413444046, 46.388223882], [15.413335938000001, 46.388223882], [15.413335938000001, 46.388169827999995], [15.41322783, 46.388169827999995]]]}}, {"type": "Feature", "properties": {"id": "ftw-slovenia-002", "country": "slovenia", "source": "fields-of-the-world", "area_ha": 0.2592}, "geometry": {"type": "Polygon", "coordinates": [[[15.413606208000001, 46.38800766599999], [15.413606208000001, 46.388061719999996], [15.4134981, 46.388061719999996], [15.4134981, 46.388115774], [15.413335938000001, 46.388115774], [15.413335938000001, 46.388169827999995], [15.413444046, 46.388169827999995], [15.413444046, 46.388223882], [15.413552154000001, 46.388223882], [15.413552154000001, 46.388277935999994], [15.413660262, 46.388277935999994], [15.413660262, 46.38833199], [15.41376837, 46.38833199], [15.41376837, 46.38838604399999], [15.413876478, 46.38838604399999], [15.413876478, 46.388440098], [15.414092694, 46.388440098], [15.414092694, 46.38849415199999], [15.41430891, 46.38849415199999], [15.41430891, 46.388548205999996], [15.414417018, 46.388548205999996], [15.414417018, 46.388440098], [15.414471072000001, 46.388440098], [15.414471072000001, 46.38838604399999], [15.414525126000001, 46.38838604399999], [15.414525126000001, 46.38833199], [15.41457918, 46.38833199], [15.41457918, 46.388277935999994], [15.414362964, 46.388277935999994], [15.414362964, 46.388223882], [15.414254856000001, 46.388223882], [15.414254856000001, 46.388169827999995], [15.414146748, 46.388169827999995], [15.414146748, 46.388115774], [15.413876478, 46.388115774], [15.413876478, 46.388061719999996], [15.413714316, 46.388061719999996], [15.413714316, 46.38800766599999], [15.413606208000001, 46.38800766599999]]]}}, {"type": "Feature", "properties": {"id": "ftw-slovenia-003", "country": "slovenia", "source": "fields-of-the-world", "area_ha": 0.2663}, "geometry": {"type": "Polygon", "coordinates": [[[15.585083513999999, 46.457178768], [15.585083513999999, 46.457232822], [15.58502946, 46.457232822], [15.58502946, 46.457286876], [15.584975406, 46.457286876], [15.584975406, 46.45734093], [15.58502946, 46.45734093], [15.58502946, 46.457394984], [15.585083513999999, 46.457394984], [15.585083513999999, 46.457503091999996], [15.585137568, 46.457503091999996], [15.585137568, 46.4576112], [15.585191622, 46.4576112], [15.585191622, 46.457719308], [15.585245676, 46.457719308], [15.585245676, 46.457773362], [15.58529973, 46.457773362], [15.58529973, 46.457827416], [15.585407838, 46.457827416], [15.585407838, 46.45788147], [15.585624054, 46.45788147], [15.585624054, 46.457773362], [15.585678108, 46.457773362], [15.585678108, 46.457719308], [15.585732162, 46.457719308], [15.585732162, 46.457557146], [15.585678108, 46.457557146], [15.585678108, 46.457449038], [15.585624054, 46.457449038], [15.585624054, 46.45734093], [15.585569999999999, 46.45734093], [15.585569999999999, 46.457286876], [15.585515946, 46.457286876], [15.585515946, 46.457232822], [15.585407838, 46.457232822], [15.585407838, 46.45734093], [15.58529973, 46.45734093], [15.58529973, 46.457286876], [15.585245676, 46.457286876], [15.585245676, 46.457232822], [15.585137568, 46.457232822], [15.585137568, 46.457178768], [15.585083513999999, 46.457178768]]]}}, {"type": "Feature", "properties": {"id": "ftw-slovenia-004", "country": "slovenia", "source": "fields-of-the-world", "area_ha": 0.2688}, "geometry": {"type": "Polygon", "coordinates": [[[15.585894324, 46.456584174], [15.585894324, 46.456638227999996], [15.585732162, 46.456638227999996], [15.585732162, 46.45680039], [15.585786215999999, 46.45680039], [15.585786215999999, 46.456908498], [15.58584027, 46.456908498], [15.58584027, 46.457016605999996], [15.585894324, 46.457016605999996], [15.585894324, 46.457124714], [15.585948378, 46.457124714], [15.585948378, 46.457232822], [15.586002431999999, 46.457232822], [15.586002431999999, 46.45734093], [15.586056486, 46.45734093], [15.586056486, 46.457449038], [15.58611054, 46.457449038], [15.58611054, 46.457557146], [15.586164594, 46.457557146], [15.586164594, 46.4576112], [15.586218648, 46.4576112], [15.586218648, 46.457557146], [15.586434864, 46.457557146], [15.586434864, 46.457394984], [15.58638081, 46.457394984], [15.58638081, 46.457286876], [15.586326756, 46.457286876], [15.586326756, 46.457178768], [15.586272701999999, 46.457178768], [15.586272701999999, 46.45707066], [15.586218648, 46.45707066], [15.586218648, 46.457016605999996], [15.586164594, 46.457016605999996], [15.586164594, 46.456908498], [15.58611054, 46.456908498], [15.58611054, 46.45680039], [15.586056486, 46.45680039], [15.586056486, 46.456692282], [15.586002431999999, 46.456692282], [15.586002431999999, 46.456584174], [15.585894324, 46.456584174]]]}}, {"type": "Feature", "properties": {"id": "ftw-slovenia-005", "country": "slovenia", "source": "fields-of-the-world", "area_ha": 0.2916}, "geometry": {"type": "Polygon", "coordinates": [[[15.419281878, 46.385845505999995], [15.419281878, 46.38589955999999], [15.418957554, 46.38589955999999], [15.418957554, 46.386548207999994], [15.419498094, 46.386548207999994], [15.419498094, 46.386223883999996], [15.41944404, 46.386223883999996], [15.41944404, 46.385845505999995], [15.419281878, 46.385845505999995]]]}}, {"type": "Feature", "properties": {"id": "ftw-slovenia-006", "country": "slovenia", "source": "fields-of-the-world", "area_ha": 0.294}, "geometry": {"type": "Polygon", "coordinates": [[[15.416633232, 46.388223882], [15.416633232, 46.388277935999994], [15.416579178000001, 46.388277935999994], [15.416579178000001, 46.38849415199999], [15.416525124, 46.38849415199999], [15.416525124, 46.388548205999996], [15.416579178000001, 46.388548205999996], [15.416579178000001, 46.38860226], [15.416633232, 46.38860226], [15.416633232, 46.388818476], [15.416687286, 46.388818476], [15.416687286, 46.38898063799999], [15.417227826, 46.38898063799999], [15.417227826, 46.388926584], [15.417173772, 46.388926584], [15.417173772, 46.388764421999994], [15.417119718, 46.388764421999994], [15.417119718, 46.388656313999995], [15.417065664, 46.388656313999995], [15.417065664, 46.38849415199999], [15.417011610000001, 46.38849415199999], [15.417011610000001, 46.38838604399999], [15.416957556, 46.38838604399999], [15.416957556, 46.388277935999994], [15.416903502, 46.388277935999994], [15.416903502, 46.388223882], [15.416633232, 46.388223882]]]}}, {"type": "Feature", "properties": {"id": "ftw-slovenia-007", "country": "slovenia", "source": "fields-of-the-world", "area_ha": 0.3564}, "geometry": {"type": "Polygon", "coordinates": [[[15.411822426, 46.37865632399999], [15.411822426, 46.378710377999994], [15.41133594, 46.378710377999994], [15.41133594, 46.37887253999999], [15.411389994, 46.37887253999999], [15.411389994, 46.37898064799999], [15.411444048, 46.37898064799999], [15.411444048, 46.37903470199999], [15.411498102000001, 46.37903470199999], [15.411498102000001, 46.37914280999999], [15.411552156, 46.37914280999999], [15.411552156, 46.379196863999994], [15.411822426, 46.379196863999994], [15.411822426, 46.37914280999999], [15.411984588000001, 46.37914280999999], [15.411984588000001, 46.379088755999994], [15.41214675, 46.379088755999994], [15.41214675, 46.37903470199999], [15.412308912, 46.37903470199999], [15.412308912, 46.37898064799999], [15.412417020000001, 46.37898064799999], [15.412417020000001, 46.37887253999999], [15.412362966, 46.37887253999999], [15.412362966, 46.37881848599999], [15.412308912, 46.37881848599999], [15.412308912, 46.378710377999994], [15.412254858, 46.378710377999994], [15.412254858, 46.37865632399999], [15.411822426, 46.37865632399999]]]}}, {"type": "Feature", "properties": {"id": "ftw-slovenia-008", "country": "slovenia", "source": "fields-of-the-world", "area_ha": 0.3753}, "geometry": {"type": "Polygon", "coordinates": [[[15.507588096000001, 46.52662014], [15.507588096000001, 46.526674193999995], [15.507479988, 46.526674193999995], [15.507479988, 46.526728248], [15.50737188, 46.526728248], [15.50737188, 46.526782301999994], [15.507317826, 46.526782301999994], [15.507317826, 46.526728248], [15.507047556, 46.526728248], [15.507047556, 46.526782301999994], [15.506993502, 46.526782301999994], [15.506993502, 46.526836356], [15.506939448, 46.526836356], [15.506939448, 46.526944463999996], [15.506885394, 46.526944463999996], [15.506885394, 46.526998518], [15.506939448, 46.526998518], [15.506939448, 46.527160679999994], [15.506885394, 46.527160679999994], [15.506885394, 46.527214734], [15.50683134, 46.527214734], [15.50683134, 46.527322842], [15.506777286, 46.527322842], [15.506777286, 46.527430949999996], [15.506723232, 46.527430949999996], [15.506723232, 46.527485004], [15.506669178000001, 46.527485004], [15.506669178000001, 46.527539057999995], [15.50656107, 46.527539057999995], [15.50656107, 46.527593112], [15.506507016, 46.527593112], [15.506507016, 46.52775527399999], [15.506452962000001, 46.52775527399999], [15.506452962000001, 46.527917435999996], [15.506507016, 46.527917435999996], [15.506507016, 46.52786338199999], [15.506669178000001, 46.52786338199999], [15.506669178000001, 46.527809328], [15.506723232, 46.527809328], [15.506723232, 46.52775527399999], [15.506777286, 46.52775527399999], [15.506777286, 46.52770122], [15.50683134, 46.52770122], [15.50683134, 46.527647165999994], [15.506885394, 46.527647165999994], [15.506885394, 46.527593112], [15.506939448, 46.527593112], [15.506939448, 46.527539057999995], [15.506993502, 46.527539057999995], [15.506993502, 46.527485004], [15.507047556, 46.527485004], [15.507047556, 46.527430949999996], [15.50710161, 46.527430949999996], [15.50710161, 46.52726878799999], [15.507155664, 46.52726878799999], [15.507155664, 46.527214734], [15.507209718, 46.527214734], [15.507209718, 46.527160679999994], [15.507263772, 46.527160679999994], [15.507263772, 46.527106626], [15.507317826, 46.527106626], [15.507317826, 46.526998518], [15.50737188, 46.526998518], [15.50737188, 46.526944463999996], [15.507425934, 46.526944463999996], [15.507425934, 46.52689040999999], [15.507479988, 46.52689040999999], [15.507479988, 46.526836356], [15.507534042, 46.526836356], [15.507534042, 46.526782301999994], [15.507588096000001, 46.526782301999994], [15.507588096000001, 46.526728248], [15.507696204, 46.526728248], [15.507696204, 46.526674193999995], [15.507804312, 46.526674193999995], [15.507804312, 46.52662014], [15.507588096000001, 46.52662014]]]}}, {"type": "Feature", "properties": {"id": "ftw-slovenia-009", "country": "slovenia", "source": "fields-of-the-world", "area_ha": 0.5784}, "geometry": {"type": "Polygon", "coordinates": [[[15.330489174, 46.593629082], [15.330489174, 46.59373719], [15.330597282000001, 46.59373719], [15.330597282000001, 46.593791243999995], [15.330759444000002, 46.593791243999995], [15.330759444000002, 46.593845298], [15.330867552, 46.593845298], [15.330867552, 46.593899352], [15.33097566, 46.593899352], [15.33097566, 46.593953406], [15.331083768000001, 46.593953406], [15.331083768000001, 46.593899352], [15.331191876, 46.593899352], [15.331191876, 46.593953406], [15.331408092, 46.593953406], [15.331408092, 46.59400746], [15.331462146000002, 46.59400746], [15.331462146000002, 46.594061513999996], [15.331570254, 46.594061513999996], [15.331570254, 46.594115568], [15.331516200000001, 46.594115568], [15.331516200000001, 46.594169621999995], [15.331462146000002, 46.594169621999995], [15.331462146000002, 46.594223676], [15.331732416000001, 46.594223676], [15.331732416000001, 46.594331784], [15.33178647, 46.594331784], [15.33178647, 46.594439892], [15.331732416000001, 46.594439892], [15.331732416000001, 46.594493946], [15.33178647, 46.594493946], [15.33178647, 46.594547999999996], [15.331732416000001, 46.594547999999996], [15.331732416000001, 46.594602054], [15.331678362000002, 46.594602054], [15.331678362000002, 46.594656107999995], [15.331732416000001, 46.594656107999995], [15.331732416000001, 46.594764216], [15.331678362000002, 46.594764216], [15.331678362000002, 46.594926378], [15.33178647, 46.594926378], [15.33178647, 46.594980432], [15.332002686000001, 46.594980432], [15.332002686000001, 46.594926378], [15.33205674, 46.594926378], [15.33205674, 46.594872324], [15.332110794, 46.594872324], [15.332110794, 46.59481827], [15.33205674, 46.59481827], [15.33205674, 46.594764216], [15.332110794, 46.594764216], [15.332110794, 46.594656107999995], [15.33205674, 46.594656107999995], [15.33205674, 46.594547999999996], [15.332002686000001, 46.594547999999996], [15.332002686000001, 46.594439892], [15.331948632000001, 46.594439892], [15.331948632000001, 46.594169621999995], [15.331894578, 46.594169621999995], [15.331894578, 46.593899352], [15.331948632000001, 46.593899352], [15.331948632000001, 46.593791243999995], [15.332002686000001, 46.593791243999995], [15.332002686000001, 46.593683135999996], [15.330867552, 46.593683135999996], [15.330867552, 46.593629082], [15.330489174, 46.593629082]]]}}, {"type": "Feature", "properties": {"id": "ftw-slovenia-010", "country": "slovenia", "source": "fields-of-the-world", "area_ha": 0.7201}, "geometry": {"type": "Polygon", "coordinates": [[[15.420308904, 46.39103469], [15.420308904, 46.391088743999994], [15.419660256, 46.391088743999994], [15.419660256, 46.39157523], [15.41971431, 46.39157523], [15.41971431, 46.391629284], [15.419768364, 46.391629284], [15.419768364, 46.391737391999996], [15.419822418, 46.391737391999996], [15.419822418, 46.391791446], [15.420038634, 46.391791446], [15.420038634, 46.391737391999996], [15.42052512, 46.391737391999996], [15.42052512, 46.391683338], [15.420633228, 46.391683338], [15.420633228, 46.391629284], [15.420741336, 46.391629284], [15.420741336, 46.39157523], [15.420849444, 46.39157523], [15.420849444, 46.391521176], [15.421011606, 46.391521176], [15.421011606, 46.391467121999995], [15.421119714, 46.391467121999995], [15.421119714, 46.391359013999995], [15.42106566, 46.391359013999995], [15.42106566, 46.39130496], [15.421011606, 46.39130496], [15.421011606, 46.391196852], [15.420957552, 46.391196852], [15.420957552, 46.391088743999994], [15.420903498, 46.391088743999994], [15.420903498, 46.39103469], [15.420308904, 46.39103469]]]}}, {"type": "Feature", "properties": {"id": "ftw-slovenia-011", "country": "slovenia", "source": "fields-of-the-world", "area_ha": 0.8299}, "geometry": {"type": "Polygon", "coordinates": [[[15.41295756, 46.384115777999995], [15.41295756, 46.38416983199999], [15.412849452, 46.38416983199999], [15.412849452, 46.384223885999994], [15.412741344, 46.384223885999994], [15.412741344, 46.38427794], [15.412633236000001, 46.38427794], [15.412633236000001, 46.384386047999996], [15.412579182, 46.384386047999996], [15.412579182, 46.384494155999995], [15.412525128, 46.384494155999995], [15.412525128, 46.384602263999994], [15.412471074, 46.384602263999994], [15.412471074, 46.384656318], [15.412308912, 46.384656318], [15.412308912, 46.384602263999994], [15.412038642, 46.384602263999994], [15.412038642, 46.38454820999999], [15.411822426, 46.38454820999999], [15.411822426, 46.384494155999995], [15.411552156, 46.384494155999995], [15.411552156, 46.38444010199999], [15.411444048, 46.38444010199999], [15.411444048, 46.38454820999999], [15.411389994, 46.38454820999999], [15.411389994, 46.384764426], [15.41133594, 46.384764426], [15.41133594, 46.384872533999996], [15.411281886000001, 46.384872533999996], [15.411281886000001, 46.384980641999995], [15.411227832, 46.384980641999995], [15.411227832, 46.38503469599999], [15.412038642, 46.38503469599999], [15.412038642, 46.385088749999994], [15.412254858, 46.385088749999994], [15.412254858, 46.385142804], [15.412417020000001, 46.385142804], [15.412417020000001, 46.38519685799999], [15.412579182, 46.38519685799999], [15.412579182, 46.385088749999994], [15.412633236000001, 46.385088749999994], [15.412633236000001, 46.38503469599999], [15.412687290000001, 46.38503469599999], [15.412687290000001, 46.384980641999995], [15.412741344, 46.384980641999995], [15.412741344, 46.384872533999996], [15.412795398, 46.384872533999996], [15.412795398, 46.38481847999999], [15.412849452, 46.38481847999999], [15.412849452, 46.384764426], [15.412903506000001, 46.384764426], [15.412903506000001, 46.384656318], [15.41295756, 46.384656318], [15.41295756, 46.384602263999994], [15.413011614, 46.384602263999994], [15.413011614, 46.384494155999995], [15.413065668, 46.384494155999995], [15.413065668, 46.38444010199999], [15.413119722000001, 46.38444010199999], [15.413119722000001, 46.384386047999996], [15.413173776, 46.384386047999996], [15.413173776, 46.38427794], [15.41322783, 46.38427794], [15.41322783, 46.384223885999994], [15.413173776, 46.384223885999994], [15.413173776, 46.38416983199999], [15.413065668, 46.38416983199999], [15.413065668, 46.384115777999995], [15.41295756, 46.384115777999995]]]}}, {"type": "Feature", "properties": {"id": "ftw-slovenia-012", "country": "slovenia", "source": "fields-of-the-world", "area_ha": 0.947}, "geometry": {"type": "Polygon", "coordinates": [[[15.511912416, 46.52613365399999], [15.511912416, 46.526187707999995], [15.511804308, 46.526187707999995], [15.511804308, 46.526241762], [15.511750254, 46.526241762], [15.511750254, 46.52651203199999], [15.5116962, 46.52651203199999], [15.5116962, 46.526836356], [15.511804308, 46.526836356], [15.511804308, 46.52689040999999], [15.51196647, 46.52689040999999], [15.51196647, 46.526944463999996], [15.512020524, 46.526944463999996], [15.512020524, 46.526998518], [15.512074578, 46.526998518], [15.512074578, 46.527322842], [15.512128632, 46.527322842], [15.512128632, 46.527593112], [15.51223674, 46.527593112], [15.51223674, 46.527539057999995], [15.512561064, 46.527539057999995], [15.512561064, 46.527485004], [15.512885388, 46.527485004], [15.512885388, 46.527430949999996], [15.512993496, 46.527430949999996], [15.512993496, 46.52737689599999], [15.51304755, 46.52737689599999], [15.51304755, 46.527214734], [15.513101604, 46.527214734], [15.513101604, 46.527160679999994], [15.513155658, 46.527160679999994], [15.513155658, 46.527052571999995], [15.513209712, 46.527052571999995], [15.513209712, 46.526782301999994], [15.51304755, 46.526782301999994], [15.51304755, 46.52662014], [15.512939442, 46.52662014], [15.512939442, 46.526728248], [15.512885388, 46.526728248], [15.512885388, 46.526782301999994], [15.512723226, 46.526782301999994], [15.512723226, 46.526836356], [15.512669172, 46.526836356], [15.512669172, 46.526782301999994], [15.512290794, 46.526782301999994], [15.512290794, 46.526674193999995], [15.51223674, 46.526674193999995], [15.51223674, 46.52651203199999], [15.512290794, 46.52651203199999], [15.512290794, 46.526457977999996], [15.51223674, 46.526457977999996], [15.51223674, 46.52634987], [15.512182686, 46.52634987], [15.512182686, 46.526295815999994], [15.512128632, 46.526295815999994], [15.512128632, 46.526187707999995], [15.512020524, 46.526187707999995], [15.512020524, 46.52613365399999], [15.511912416, 46.52613365399999]]]}}, {"type": "Feature", "properties": {"id": "ftw-spain-000", "country": "spain", "source": "fields-of-the-world", "area_ha": 0.2141}, "geometry": {"type": "Polygon", "coordinates": [[[-2.1229395834705884, 42.576245711999995], [-2.1229395834705884, 42.576407874], [-2.1229932841764705, 42.576407874], [-2.1229932841764705, 42.576515982], [-2.123046984882353, 42.576515982], [-2.123046984882353, 42.576732197999995], [-2.1229395834705884, 42.576732197999995], [-2.1229395834705884, 42.576840305999994], [-2.122885882764706, 42.576840305999994], [-2.122885882764706, 42.57689436], [-2.1228321820588234, 42.57689436], [-2.1228321820588234, 42.57694841399999], [-2.122724780647059, 42.57694841399999], [-2.122724780647059, 42.576786252], [-2.1226710799411768, 42.576786252], [-2.1226710799411768, 42.576624089999996], [-2.1226173792352943, 42.576624089999996], [-2.1226173792352943, 42.576515982], [-2.1225636785294117, 42.576515982], [-2.1225636785294117, 42.57646192799999], [-2.122456277117647, 42.57646192799999], [-2.122456277117647, 42.576353819999994], [-2.1225099778235297, 42.576353819999994], [-2.1225099778235297, 42.576299766], [-2.1228321820588234, 42.576299766], [-2.1228321820588234, 42.576245711999995], [-2.1229395834705884, 42.576245711999995]]]}}, {"type": "Feature", "properties": {"id": "ftw-spain-001", "country": "spain", "source": "fields-of-the-world", "area_ha": 0.2484}, "geometry": {"type": "Polygon", "coordinates": [[[-2.1242284004117646, 42.57608354999999], [-2.1242284004117646, 42.576137603999996], [-2.124282101117647, 42.576137603999996], [-2.124282101117647, 42.576191658], [-2.1243358018235297, 42.576191658], [-2.1243358018235297, 42.576245711999995], [-2.1243895025294117, 42.576245711999995], [-2.1243895025294117, 42.576299766], [-2.1243358018235297, 42.576299766], [-2.1243358018235297, 42.576353819999994], [-2.124282101117647, 42.576353819999994], [-2.124282101117647, 42.57646192799999], [-2.1242284004117646, 42.57646192799999], [-2.1242284004117646, 42.576515982], [-2.124120999, 42.576515982], [-2.124120999, 42.57646192799999], [-2.123745094058824, 42.57646192799999], [-2.123745094058824, 42.576515982], [-2.123637692647059, 42.576515982], [-2.123637692647059, 42.57646192799999], [-2.1235839919411768, 42.57646192799999], [-2.1235839919411768, 42.576299766], [-2.1235302912352942, 42.576299766], [-2.1235302912352942, 42.576191658], [-2.1234765905294117, 42.576191658], [-2.1234765905294117, 42.576137603999996], [-2.1240135975882355, 42.576137603999996], [-2.1240135975882355, 42.57608354999999], [-2.1242284004117646, 42.57608354999999]]]}}, {"type": "Feature", "properties": {"id": "ftw-spain-002", "country": "spain", "source": "fields-of-the-world", "area_ha": 0.3171}, "geometry": {"type": "Polygon", "coordinates": [[[-2.122134072882353, 42.580732194], [-2.122134072882353, 42.580786247999995], [-2.1221877735882355, 42.580786247999995], [-2.1221877735882355, 42.58094841], [-2.122134072882353, 42.58094841], [-2.122134072882353, 42.581002464], [-2.121972970764706, 42.581002464], [-2.121972970764706, 42.581056518], [-2.121811868647059, 42.581056518], [-2.121811868647059, 42.581110572], [-2.1217044672352943, 42.581110572], [-2.1217044672352943, 42.581164625999996], [-2.1214896644117647, 42.581164625999996], [-2.1214896644117647, 42.58121868], [-2.1212748615882355, 42.58121868], [-2.1212748615882355, 42.581272733999995], [-2.120898956647059, 42.581272733999995], [-2.120898956647059, 42.581164625999996], [-2.1208452559411763, 42.581164625999996], [-2.1208452559411763, 42.581002464], [-2.121060058764706, 42.581002464], [-2.121060058764706, 42.58094841], [-2.1215970658235297, 42.58094841], [-2.1215970658235297, 42.580894355999995], [-2.1217581679411768, 42.580894355999995], [-2.1217581679411768, 42.580840302], [-2.1219192700588234, 42.580840302], [-2.1219192700588234, 42.580786247999995], [-2.121972970764706, 42.580786247999995], [-2.121972970764706, 42.580732194], [-2.122134072882353, 42.580732194]]]}}, {"type": "Feature", "properties": {"id": "ftw-spain-003", "country": "spain", "source": "fields-of-the-world", "area_ha": 0.3938}, "geometry": {"type": "Polygon", "coordinates": [[[-2.1167640022941177, 42.580570032], [-2.1167640022941177, 42.580894355999995], [-2.1167103015882356, 42.580894355999995], [-2.1167103015882356, 42.58121868], [-2.116656600882353, 42.58121868], [-2.116656600882353, 42.581326788], [-2.116495498764706, 42.581326788], [-2.116495498764706, 42.581272733999995], [-2.1162269952352943, 42.581272733999995], [-2.1162269952352943, 42.58121868], [-2.1159584917058822, 42.58121868], [-2.1159584917058822, 42.581164625999996], [-2.1160121924117647, 42.581164625999996], [-2.1160121924117647, 42.581056518], [-2.1160658931176473, 42.581056518], [-2.1160658931176473, 42.58094841], [-2.1161195938235293, 42.58094841], [-2.1161195938235293, 42.580840302], [-2.116173294529412, 42.580840302], [-2.116173294529412, 42.580732194], [-2.1162269952352943, 42.580732194], [-2.1162269952352943, 42.580624086], [-2.1162806959411764, 42.580624086], [-2.1162806959411764, 42.580570032], [-2.1167640022941177, 42.580570032]]]}}, {"type": "Feature", "properties": {"id": "ftw-spain-004", "country": "spain", "source": "fields-of-the-world", "area_ha": 0.4493}, "geometry": {"type": "Polygon", "coordinates": [[[-2.1231006855882355, 42.581434896], [-2.1231006855882355, 42.58148895], [-2.123208087, 42.58148895], [-2.123208087, 42.581597058], [-2.1232617877058826, 42.581597058], [-2.1232617877058826, 42.581651111999996], [-2.1233154884117647, 42.581651111999996], [-2.1233154884117647, 42.581705166], [-2.1234228898235297, 42.581705166], [-2.1234228898235297, 42.581759219999995], [-2.1234765905294117, 42.581759219999995], [-2.1234765905294117, 42.581813274], [-2.1235302912352942, 42.581813274], [-2.1235302912352942, 42.581867328], [-2.1234765905294117, 42.581867328], [-2.1234765905294117, 42.581921382], [-2.123369189117647, 42.581921382], [-2.123369189117647, 42.582083544], [-2.1235302912352942, 42.582083544], [-2.1235302912352942, 42.582137597999996], [-2.1235839919411768, 42.582137597999996], [-2.1235839919411768, 42.582191652], [-2.123637692647059, 42.582191652], [-2.123637692647059, 42.582137597999996], [-2.123959896882353, 42.582137597999996], [-2.123959896882353, 42.582191652], [-2.1238524954705884, 42.582191652], [-2.1238524954705884, 42.582245705999995], [-2.1239061961764705, 42.582245705999995], [-2.1239061961764705, 42.58229976], [-2.123798794764706, 42.58229976], [-2.123798794764706, 42.582353814], [-2.123637692647059, 42.582353814], [-2.123637692647059, 42.582407868], [-2.1235839919411768, 42.582407868], [-2.1235839919411768, 42.582461922], [-2.1235302912352942, 42.582461922], [-2.1235302912352942, 42.582515975999996], [-2.123369189117647, 42.582515975999996], [-2.123369189117647, 42.58229976], [-2.1233154884117647, 42.58229976], [-2.1233154884117647, 42.582245705999995], [-2.1231543862941176, 42.582245705999995], [-2.1231543862941176, 42.58229976], [-2.1231006855882355, 42.58229976], [-2.1231006855882355, 42.582083544], [-2.123046984882353, 42.582083544], [-2.123046984882353, 42.58202949], [-2.1229932841764705, 42.58202949], [-2.1229932841764705, 42.581921382], [-2.1229395834705884, 42.581921382], [-2.1229395834705884, 42.581813274], [-2.122885882764706, 42.581813274], [-2.122885882764706, 42.581705166], [-2.1228321820588234, 42.581705166], [-2.1228321820588234, 42.581597058], [-2.1227784813529413, 42.581597058], [-2.1227784813529413, 42.581434896], [-2.1231006855882355, 42.581434896]]]}}, {"type": "Feature", "properties": {"id": "ftw-spain-005", "country": "spain", "source": "fields-of-the-world", "area_ha": 0.5338}, "geometry": {"type": "Polygon", "coordinates": [[[-1.642466826, 42.055327313999996], [-1.642466826, 42.05538136799999], [-1.642574934, 42.05538136799999], [-1.642574934, 42.055435421999995], [-1.642737096, 42.055435421999995], [-1.642737096, 42.055489476], [-1.642845204, 42.055489476], [-1.642845204, 42.055543529999994], [-1.643007366, 42.055543529999994], [-1.643007366, 42.055705692], [-1.642953312, 42.055705692], [-1.642953312, 42.05575974599999], [-1.642899258, 42.05575974599999], [-1.642899258, 42.055813799999996], [-1.642845204, 42.055813799999996], [-1.642845204, 42.055921907999995], [-1.6427911499999999, 42.055921907999995], [-1.6427911499999999, 42.055975962], [-1.642737096, 42.055975962], [-1.642737096, 42.05608407], [-1.642683042, 42.05608407], [-1.642683042, 42.05613812399999], [-1.642628988, 42.05613812399999], [-1.642628988, 42.056192177999996], [-1.642574934, 42.056192177999996], [-1.642574934, 42.056300285999995], [-1.642466826, 42.056300285999995], [-1.642466826, 42.05624623199999], [-1.6423587179999999, 42.05624623199999], [-1.6423587179999999, 42.056192177999996], [-1.642196556, 42.056192177999996], [-1.642196556, 42.05613812399999], [-1.642034394, 42.05613812399999], [-1.642034394, 42.05608407], [-1.641818178, 42.05608407], [-1.641818178, 42.056030015999994], [-1.641926286, 42.056030015999994], [-1.641926286, 42.055975962], [-1.64198034, 42.055975962], [-1.64198034, 42.055921907999995], [-1.642034394, 42.055921907999995], [-1.642034394, 42.055813799999996], [-1.642088448, 42.055813799999996], [-1.642088448, 42.05575974599999], [-1.642142502, 42.05575974599999], [-1.642142502, 42.055705692], [-1.642196556, 42.055705692], [-1.642196556, 42.055597584], [-1.64225061, 42.055597584], [-1.64225061, 42.055543529999994], [-1.642304664, 42.055543529999994], [-1.642304664, 42.055489476], [-1.6423587179999999, 42.055489476], [-1.6423587179999999, 42.05538136799999], [-1.642412772, 42.05538136799999], [-1.642412772, 42.055327313999996], [-1.642466826, 42.055327313999996]]]}}, {"type": "Feature", "properties": {"id": "ftw-spain-006", "country": "spain", "source": "fields-of-the-world", "area_ha": 0.6184}, "geometry": {"type": "Polygon", "coordinates": [[[-2.1162269952352943, 42.581272733999995], [-2.1162269952352943, 42.581326788], [-2.116495498764706, 42.581326788], [-2.116495498764706, 42.581380842], [-2.116656600882353, 42.581380842], [-2.116656600882353, 42.58148895], [-2.1166029001764706, 42.58148895], [-2.1166029001764706, 42.581651111999996], [-2.1165491994705885, 42.581651111999996], [-2.1165491994705885, 42.581813274], [-2.116495498764706, 42.581813274], [-2.116495498764706, 42.581921382], [-2.1164417980588235, 42.581921382], [-2.1164417980588235, 42.58202949], [-2.1163880973529414, 42.58202949], [-2.1163880973529414, 42.582245705999995], [-2.116334396647059, 42.582245705999995], [-2.116334396647059, 42.582461922], [-2.1162806959411764, 42.582461922], [-2.1162806959411764, 42.582624083999995], [-2.1162269952352943, 42.582624083999995], [-2.1162269952352943, 42.582732192], [-2.1160658931176473, 42.582732192], [-2.1160658931176473, 42.582678138], [-2.115904791, 42.582678138], [-2.115904791, 42.582624083999995], [-2.1157973895882356, 42.582624083999995], [-2.1157973895882356, 42.582461922], [-2.1158510902941177, 42.582461922], [-2.1158510902941177, 42.582407868], [-2.115904791, 42.582407868], [-2.115904791, 42.582137597999996], [-2.1159584917058822, 42.582137597999996], [-2.1159584917058822, 42.58202949], [-2.1160121924117647, 42.58202949], [-2.1160121924117647, 42.581921382], [-2.1160658931176473, 42.581921382], [-2.1160658931176473, 42.581867328], [-2.1161195938235293, 42.581867328], [-2.1161195938235293, 42.581813274], [-2.1160658931176473, 42.581813274], [-2.1160658931176473, 42.581597058], [-2.1160121924117647, 42.581597058], [-2.1160121924117647, 42.581380842], [-2.115904791, 42.581380842], [-2.115904791, 42.581272733999995], [-2.1162269952352943, 42.581272733999995]]]}}, {"type": "Feature", "properties": {"id": "ftw-spain-007", "country": "spain", "source": "fields-of-the-world", "area_ha": 0.6706}, "geometry": {"type": "Polygon", "coordinates": [[[-1.642088448, 42.055057043999994], [-1.642088448, 42.055111098], [-1.642196556, 42.055111098], [-1.642196556, 42.055165151999994], [-1.64225061, 42.055165151999994], [-1.64225061, 42.055219206], [-1.642304664, 42.055219206], [-1.642304664, 42.05527325999999], [-1.642412772, 42.05527325999999], [-1.642412772, 42.055327313999996], [-1.6423587179999999, 42.055327313999996], [-1.6423587179999999, 42.05538136799999], [-1.642304664, 42.05538136799999], [-1.642304664, 42.055489476], [-1.64225061, 42.055489476], [-1.64225061, 42.055543529999994], [-1.642196556, 42.055543529999994], [-1.642196556, 42.055597584], [-1.642142502, 42.055597584], [-1.642142502, 42.055705692], [-1.642088448, 42.055705692], [-1.642088448, 42.05575974599999], [-1.642034394, 42.05575974599999], [-1.642034394, 42.055813799999996], [-1.64198034, 42.055813799999996], [-1.64198034, 42.055921907999995], [-1.641926286, 42.055921907999995], [-1.641926286, 42.055975962], [-1.64171007, 42.055975962], [-1.64171007, 42.056030015999994], [-1.641547908, 42.056030015999994], [-1.641547908, 42.05608407], [-1.641493854, 42.05608407], [-1.641493854, 42.056030015999994], [-1.641007368, 42.056030015999994], [-1.641007368, 42.055975962], [-1.641061422, 42.055975962], [-1.641061422, 42.055867854], [-1.641115476, 42.055867854], [-1.641115476, 42.055705692], [-1.64116953, 42.055705692], [-1.64116953, 42.05565163799999], [-1.641223584, 42.05565163799999], [-1.641223584, 42.055597584], [-1.641277638, 42.055597584], [-1.641277638, 42.055543529999994], [-1.641331692, 42.055543529999994], [-1.641331692, 42.055489476], [-1.6414398, 42.055489476], [-1.6414398, 42.055435421999995], [-1.641493854, 42.055435421999995], [-1.641493854, 42.05538136799999], [-1.641547908, 42.05538136799999], [-1.641547908, 42.055327313999996], [-1.641656016, 42.055327313999996], [-1.641656016, 42.05527325999999], [-1.641818178, 42.05527325999999], [-1.641818178, 42.055219206], [-1.6418722319999999, 42.055219206], [-1.6418722319999999, 42.055165151999994], [-1.641926286, 42.055165151999994], [-1.641926286, 42.055111098], [-1.64198034, 42.055111098], [-1.64198034, 42.055057043999994], [-1.642088448, 42.055057043999994]]]}}, {"type": "Feature", "properties": {"id": "ftw-spain-008", "country": "spain", "source": "fields-of-the-world", "area_ha": 0.7612}, "geometry": {"type": "Polygon", "coordinates": [[[-2.1279874498235296, 42.57278625599999], [-2.1279874498235296, 42.57284031], [-2.1282559533529413, 42.57284031], [-2.1282559533529413, 42.57289436399999], [-2.128685559, 42.57289436399999], [-2.128685559, 42.57300247199999], [-2.1285781575882354, 42.57300247199999], [-2.1285781575882354, 42.573056525999995], [-2.128524456882353, 42.573056525999995], [-2.128524456882353, 42.57311057999999], [-2.128470756176471, 42.57311057999999], [-2.128470756176471, 42.573164633999994], [-2.1284170554705883, 42.573164633999994], [-2.1284170554705883, 42.57327274199999], [-2.128363354764706, 42.57327274199999], [-2.128363354764706, 42.573326795999996], [-2.1283096540588238, 42.573326795999996], [-2.1283096540588238, 42.573434903999996], [-2.1282559533529413, 42.573434903999996], [-2.1282559533529413, 42.57348895799999], [-2.1282022526470588, 42.57348895799999], [-2.1282022526470588, 42.57359706599999], [-2.1281485519411767, 42.57359706599999], [-2.1281485519411767, 42.573651119999994], [-2.128094851235294, 42.573651119999994], [-2.128094851235294, 42.57375922799999], [-2.1280411505294117, 42.57375922799999], [-2.1280411505294117, 42.573813281999996], [-2.1279874498235296, 42.573813281999996], [-2.1279874498235296, 42.573921389999995], [-2.1278800484117646, 42.573921389999995], [-2.1278800484117646, 42.57386733599999], [-2.1277189462941175, 42.57386733599999], [-2.1277189462941175, 42.573813281999996], [-2.127611544882353, 42.573813281999996], [-2.127611544882353, 42.57375922799999], [-2.127450442764706, 42.57375922799999], [-2.127450442764706, 42.573705174], [-2.1272893406470588, 42.573705174], [-2.1272893406470588, 42.573543011999995], [-2.1273430413529413, 42.573543011999995], [-2.1273430413529413, 42.57348895799999], [-2.127396742058824, 42.57348895799999], [-2.127396742058824, 42.57338084999999], [-2.127450442764706, 42.57338084999999], [-2.127450442764706, 42.57327274199999], [-2.1275041434705884, 42.57327274199999], [-2.1275041434705884, 42.573218688], [-2.127557844176471, 42.573218688], [-2.127557844176471, 42.57311057999999], [-2.127611544882353, 42.57311057999999], [-2.127611544882353, 42.573056525999995], [-2.1276652455882354, 42.573056525999995], [-2.1276652455882354, 42.57300247199999], [-2.1277189462941175, 42.57300247199999], [-2.1277189462941175, 42.572948417999996], [-2.127772647, 42.572948417999996], [-2.127772647, 42.57284031], [-2.1278263477058825, 42.57284031], [-2.1278263477058825, 42.57278625599999], [-2.1279874498235296, 42.57278625599999]]]}}, {"type": "Feature", "properties": {"id": "ftw-spain-009", "country": "spain", "source": "fields-of-the-world", "area_ha": 0.8722}, "geometry": {"type": "Polygon", "coordinates": [[[-2.117247308647059, 42.57019166399999], [-2.117247308647059, 42.570245717999995], [-2.1173010093529414, 42.570245717999995], [-2.1173010093529414, 42.57029977199999], [-2.1173547100588235, 42.57029977199999], [-2.1173547100588235, 42.570353825999995], [-2.117408410764706, 42.570353825999995], [-2.117408410764706, 42.57040787999999], [-2.1174621114705885, 42.57040787999999], [-2.1174621114705885, 42.57051598799999], [-2.1175158121764706, 42.57051598799999], [-2.1175158121764706, 42.570624095999996], [-2.117569512882353, 42.570624095999996], [-2.117569512882353, 42.570732203999995], [-2.1176232135882356, 42.570732203999995], [-2.1176232135882356, 42.57094841999999], [-2.1176769142941176, 42.57094841999999], [-2.1176769142941176, 42.571110581999996], [-2.1171936079411764, 42.571110581999996], [-2.1171936079411764, 42.57116463599999], [-2.1167640022941177, 42.57116463599999], [-2.1167640022941177, 42.571110581999996], [-2.1167103015882356, 42.571110581999996], [-2.1167103015882356, 42.571002474], [-2.116656600882353, 42.571002474], [-2.116656600882353, 42.57094841999999], [-2.1165491994705885, 42.57094841999999], [-2.1165491994705885, 42.571002474], [-2.1164417980588235, 42.571002474], [-2.1164417980588235, 42.57094841999999], [-2.116334396647059, 42.57094841999999], [-2.116334396647059, 42.57078625799999], [-2.1162806959411764, 42.57078625799999], [-2.1162806959411764, 42.570624095999996], [-2.1162269952352943, 42.570624095999996], [-2.1162269952352943, 42.57057004199999], [-2.1162806959411764, 42.57057004199999], [-2.1162806959411764, 42.57051598799999], [-2.116334396647059, 42.57051598799999], [-2.116334396647059, 42.570461933999994], [-2.116495498764706, 42.570461933999994], [-2.116495498764706, 42.57040787999999], [-2.116656600882353, 42.57040787999999], [-2.116656600882353, 42.570353825999995], [-2.1167640022941177, 42.570353825999995], [-2.1167640022941177, 42.57029977199999], [-2.1169251044117647, 42.57029977199999], [-2.1169251044117647, 42.570245717999995], [-2.1171399072352943, 42.570245717999995], [-2.1171399072352943, 42.57019166399999], [-2.117247308647059, 42.57019166399999]]]}}, {"type": "Feature", "properties": {"id": "ftw-spain-010", "country": "spain", "source": "fields-of-the-world", "area_ha": 1.221}, "geometry": {"type": "Polygon", "coordinates": [[[-2.126698632882353, 42.576732197999995], [-2.126698632882353, 42.576840305999994], [-2.1267523335882355, 42.576840305999994], [-2.1267523335882355, 42.577110575999995], [-2.126698632882353, 42.577110575999995], [-2.126698632882353, 42.577218683999995], [-2.126644932176471, 42.577218683999995], [-2.126644932176471, 42.577326791999994], [-2.1265912314705884, 42.577326791999994], [-2.1265912314705884, 42.577380846], [-2.126537530764706, 42.577380846], [-2.126537530764706, 42.57743489999999], [-2.126483830058824, 42.57743489999999], [-2.126483830058824, 42.577488953999996], [-2.1264301293529413, 42.577488953999996], [-2.1264301293529413, 42.577597061999995], [-2.126376428647059, 42.577597061999995], [-2.126376428647059, 42.577651116], [-2.1263227279411767, 42.577651116], [-2.1263227279411767, 42.577705169999994], [-2.126269027235294, 42.577705169999994], [-2.126269027235294, 42.577759224], [-2.1262153265294117, 42.577759224], [-2.1262153265294117, 42.577813277999994], [-2.1261616258235296, 42.577813277999994], [-2.1261616258235296, 42.577921386], [-2.125624618764706, 42.577921386], [-2.125624618764706, 42.577867332], [-2.1252487138235296, 42.577867332], [-2.1252487138235296, 42.577921386], [-2.1248191081764705, 42.577921386], [-2.1248191081764705, 42.577813277999994], [-2.124872808882353, 42.577813277999994], [-2.124872808882353, 42.577597061999995], [-2.1249265095882355, 42.577597061999995], [-2.1249265095882355, 42.577543008], [-2.1249802102941175, 42.577543008], [-2.1249802102941175, 42.57743489999999], [-2.125033911, 42.57743489999999], [-2.125033911, 42.577326791999994], [-2.1250876117058826, 42.577326791999994], [-2.1250876117058826, 42.57716463], [-2.125570918058824, 42.57716463], [-2.125570918058824, 42.577110575999995], [-2.1258931222941175, 42.577110575999995], [-2.1258931222941175, 42.57705652199999], [-2.1260005237058826, 42.57705652199999], [-2.1260005237058826, 42.577002467999996], [-2.126107925117647, 42.577002467999996], [-2.126107925117647, 42.57694841399999], [-2.126269027235294, 42.57694841399999], [-2.126269027235294, 42.57689436], [-2.126376428647059, 42.57689436], [-2.126376428647059, 42.576840305999994], [-2.126483830058824, 42.576840305999994], [-2.126483830058824, 42.576786252], [-2.1265912314705884, 42.576786252], [-2.1265912314705884, 42.576732197999995], [-2.126698632882353, 42.576732197999995]]]}}, {"type": "Feature", "properties": {"id": "ftw-spain-011", "country": "spain", "source": "fields-of-the-world", "area_ha": 1.8264}, "geometry": {"type": "Polygon", "coordinates": [[[-1.8027549539999999, 42.250912703999994], [-1.8027549539999999, 42.250966758], [-1.802917116, 42.250966758], [-1.802917116, 42.25102081199999], [-1.803079278, 42.25102081199999], [-1.803079278, 42.251074865999996], [-1.8032414399999999, 42.251074865999996], [-1.8032414399999999, 42.25112891999999], [-1.803403602, 42.25112891999999], [-1.803403602, 42.251182973999995], [-1.8036198179999998, 42.251182973999995], [-1.8036198179999998, 42.251237028], [-1.80378198, 42.251237028], [-1.80378198, 42.251291081999995], [-1.803944142, 42.251291081999995], [-1.803944142, 42.251345136], [-1.8041063039999998, 42.251345136], [-1.8041063039999998, 42.25150729799999], [-1.80405225, 42.25150729799999], [-1.80405225, 42.251615406], [-1.803998196, 42.251615406], [-1.803998196, 42.251669459999995], [-1.803944142, 42.251669459999995], [-1.803944142, 42.251777567999994], [-1.803890088, 42.251777567999994], [-1.803890088, 42.25188567599999], [-1.803836034, 42.25188567599999], [-1.803836034, 42.25193973], [-1.80378198, 42.25193973], [-1.80378198, 42.252047837999996], [-1.8037279259999999, 42.252047837999996], [-1.8037279259999999, 42.252155945999995], [-1.8036738719999998, 42.252155945999995], [-1.8036738719999998, 42.252264053999994], [-1.8036198179999998, 42.252264053999994], [-1.8036198179999998, 42.252318108], [-1.803565764, 42.252318108], [-1.803565764, 42.252426215999996], [-1.80351171, 42.252426215999996], [-1.80351171, 42.252534323999996], [-1.803403602, 42.252534323999996], [-1.803403602, 42.25248026999999], [-1.8032414399999999, 42.25248026999999], [-1.8032414399999999, 42.252426215999996], [-1.803025224, 42.252426215999996], [-1.803025224, 42.25237216199999], [-1.802863062, 42.25237216199999], [-1.802863062, 42.252318108], [-1.8027008999999998, 42.252318108], [-1.8027008999999998, 42.252264053999994], [-1.802538738, 42.252264053999994], [-1.802538738, 42.25221], [-1.8023225219999999, 42.25221], [-1.8023225219999999, 42.252155945999995], [-1.80216036, 42.252155945999995], [-1.80216036, 42.252101892], [-1.802052252, 42.252101892], [-1.802052252, 42.25199378399999], [-1.802106306, 42.25199378399999], [-1.802106306, 42.25188567599999], [-1.80216036, 42.25188567599999], [-1.80216036, 42.251777567999994], [-1.8022144139999998, 42.251777567999994], [-1.8022144139999998, 42.251669459999995], [-1.8022684679999998, 42.251669459999995], [-1.8022684679999998, 42.251615406], [-1.8023225219999999, 42.251615406], [-1.8023225219999999, 42.25150729799999], [-1.802376576, 42.25150729799999], [-1.802376576, 42.251399189999994], [-1.80243063, 42.251399189999994], [-1.80243063, 42.251291081999995], [-1.802484684, 42.251291081999995], [-1.802484684, 42.251237028], [-1.802538738, 42.251237028], [-1.802538738, 42.25112891999999], [-1.802592792, 42.25112891999999], [-1.802592792, 42.25102081199999], [-1.802646846, 42.25102081199999], [-1.802646846, 42.250912703999994], [-1.8027549539999999, 42.250912703999994]]]}}, {"type": "Feature", "properties": {"id": "ftw-spain-012", "country": "spain", "source": "fields-of-the-world", "area_ha": 2.067}, "geometry": {"type": "Polygon", "coordinates": [[[-1.803836034, 42.252804594], [-1.803836034, 42.25285864799999], [-1.803998196, 42.25285864799999], [-1.803998196, 42.252912701999996], [-1.8041603579999999, 42.252912701999996], [-1.8041603579999999, 42.252966756], [-1.80432252, 42.252966756], [-1.80432252, 42.253020809999995], [-1.804484682, 42.253020809999995], [-1.804484682, 42.253074864], [-1.8046468439999999, 42.253074864], [-1.8046468439999999, 42.253128917999994], [-1.804809006, 42.253128917999994], [-1.804809006, 42.253182972], [-1.804971168, 42.253182972], [-1.804971168, 42.253237025999994], [-1.8051333299999999, 42.253237025999994], [-1.8051333299999999, 42.25329108], [-1.805295492, 42.25329108], [-1.805295492, 42.253345134], [-1.805457654, 42.253345134], [-1.805457654, 42.253507295999995], [-1.8054036, 42.253507295999995], [-1.8054036, 42.253615403999994], [-1.805349546, 42.253615403999994], [-1.805349546, 42.253669458], [-1.805295492, 42.253669458], [-1.805295492, 42.253777566], [-1.805241438, 42.253777566], [-1.805241438, 42.253885673999996], [-1.805187384, 42.253885673999996], [-1.805187384, 42.253939728], [-1.8051333299999999, 42.253939728], [-1.8051333299999999, 42.254047836], [-1.8050792759999998, 42.254047836], [-1.8050792759999998, 42.254155944], [-1.805025222, 42.254155944], [-1.805025222, 42.25420999799999], [-1.804971168, 42.25420999799999], [-1.804971168, 42.254318106], [-1.804917114, 42.254318106], [-1.804917114, 42.254426214], [-1.8046468439999999, 42.254426214], [-1.8046468439999999, 42.254372159999996], [-1.804538736, 42.254372159999996], [-1.804538736, 42.254318106], [-1.804430628, 42.254318106], [-1.804430628, 42.254264051999996], [-1.804268466, 42.254264051999996], [-1.804268466, 42.25420999799999], [-1.8041063039999998, 42.25420999799999], [-1.8041063039999998, 42.254155944], [-1.803890088, 42.254155944], [-1.803890088, 42.254101889999994], [-1.8037279259999999, 42.254101889999994], [-1.8037279259999999, 42.254047836], [-1.80351171, 42.254047836], [-1.80351171, 42.253993781999995], [-1.803349548, 42.253993781999995], [-1.803349548, 42.253939728], [-1.8031333319999998, 42.253939728], [-1.8031333319999998, 42.253777566], [-1.8031873859999998, 42.253777566], [-1.8031873859999998, 42.253669458], [-1.8032414399999999, 42.253669458], [-1.8032414399999999, 42.25356135], [-1.8032954939999999, 42.25356135], [-1.8032954939999999, 42.253507295999995], [-1.803349548, 42.253507295999995], [-1.803349548, 42.253399187999996], [-1.803403602, 42.253399187999996], [-1.803403602, 42.25329108], [-1.803457656, 42.25329108], [-1.803457656, 42.253182972], [-1.80351171, 42.253182972], [-1.80351171, 42.253128917999994], [-1.803565764, 42.253128917999994], [-1.803565764, 42.253074864], [-1.8036198179999998, 42.253074864], [-1.8036198179999998, 42.252966756], [-1.8036738719999998, 42.252966756], [-1.8036738719999998, 42.252912701999996], [-1.8037279259999999, 42.252912701999996], [-1.8037279259999999, 42.252804594], [-1.803836034, 42.252804594]]]}}, {"type": "Feature", "properties": {"id": "ftw-spain-013", "country": "spain", "source": "fields-of-the-world", "area_ha": 2.7488}, "geometry": {"type": "Polygon", "coordinates": [[[-2.1234228898235297, 42.569975447999994], [-2.1234228898235297, 42.57002950199999], [-2.1234765905294117, 42.57002950199999], [-2.1234765905294117, 42.57008355599999], [-2.1235839919411768, 42.57008355599999], [-2.1235839919411768, 42.57019166399999], [-2.123637692647059, 42.57019166399999], [-2.123637692647059, 42.57029977199999], [-2.1236913933529413, 42.57029977199999], [-2.1236913933529413, 42.57040787999999], [-2.123745094058824, 42.57040787999999], [-2.123745094058824, 42.57051598799999], [-2.123798794764706, 42.57051598799999], [-2.123798794764706, 42.570624095999996], [-2.1238524954705884, 42.570624095999996], [-2.1238524954705884, 42.570732203999995], [-2.1239061961764705, 42.570732203999995], [-2.1239061961764705, 42.570840311999994], [-2.123959896882353, 42.570840311999994], [-2.123959896882353, 42.57089436599999], [-2.1240135975882355, 42.57089436599999], [-2.1240135975882355, 42.57094841999999], [-2.1240672982941176, 42.57094841999999], [-2.1240672982941176, 42.571002474], [-2.124120999, 42.571002474], [-2.124120999, 42.57105652799999], [-2.1242284004117646, 42.57105652799999], [-2.1242284004117646, 42.571110581999996], [-2.1243358018235297, 42.571110581999996], [-2.1243358018235297, 42.57116463599999], [-2.124550604647059, 42.57116463599999], [-2.124550604647059, 42.571218689999995], [-2.1249265095882355, 42.571218689999995], [-2.1249265095882355, 42.571326797999994], [-2.124872808882353, 42.571326797999994], [-2.124872808882353, 42.57143490599999], [-2.1248191081764705, 42.57143490599999], [-2.1248191081764705, 42.571488959999996], [-2.1247654074705884, 42.571488959999996], [-2.1247654074705884, 42.571597067999996], [-2.124711706764706, 42.571597067999996], [-2.124711706764706, 42.571705175999995], [-2.124658006058824, 42.571705175999995], [-2.124658006058824, 42.571813283999994], [-2.1246043053529413, 42.571813283999994], [-2.1246043053529413, 42.57186733799999], [-2.124550604647059, 42.57186733799999], [-2.124550604647059, 42.571975445999996], [-2.1244969039411767, 42.571975445999996], [-2.1244969039411767, 42.572083553999995], [-2.1244432032352942, 42.572083553999995], [-2.1244432032352942, 42.57213760799999], [-2.1243895025294117, 42.57213760799999], [-2.1243895025294117, 42.572191661999994], [-2.124282101117647, 42.572191661999994], [-2.124282101117647, 42.57224571599999], [-2.1242284004117646, 42.57224571599999], [-2.1242284004117646, 42.572353824], [-2.1241746997058826, 42.572353824], [-2.1241746997058826, 42.572461931999996], [-2.1240135975882355, 42.572461931999996], [-2.1240135975882355, 42.57240787799999], [-2.123959896882353, 42.57240787799999], [-2.123959896882353, 42.572353824], [-2.1238524954705884, 42.572353824], [-2.1238524954705884, 42.572299769999994], [-2.123798794764706, 42.572299769999994], [-2.123798794764706, 42.57224571599999], [-2.123745094058824, 42.57224571599999], [-2.123745094058824, 42.572191661999994], [-2.1236913933529413, 42.572191661999994], [-2.1236913933529413, 42.57213760799999], [-2.1235839919411768, 42.57213760799999], [-2.1235839919411768, 42.572083553999995], [-2.123369189117647, 42.572083553999995], [-2.123369189117647, 42.57213760799999], [-2.1232617877058826, 42.57213760799999], [-2.1232617877058826, 42.572083553999995], [-2.1231543862941176, 42.572083553999995], [-2.1231543862941176, 42.57202949999999], [-2.1231006855882355, 42.57202949999999], [-2.1231006855882355, 42.571975445999996], [-2.123046984882353, 42.571975445999996], [-2.123046984882353, 42.57192139199999], [-2.1229932841764705, 42.57192139199999], [-2.1229932841764705, 42.57186733799999], [-2.1229395834705884, 42.57186733799999], [-2.1229395834705884, 42.571813283999994], [-2.122885882764706, 42.571813283999994], [-2.122885882764706, 42.57175922999999], [-2.1228321820588234, 42.57175922999999], [-2.1228321820588234, 42.571705175999995], [-2.1227784813529413, 42.571705175999995], [-2.1227784813529413, 42.57165112199999], [-2.122724780647059, 42.57165112199999], [-2.122724780647059, 42.571597067999996], [-2.1226710799411768, 42.571597067999996], [-2.1226710799411768, 42.57078625799999], [-2.122724780647059, 42.57078625799999], [-2.122724780647059, 42.570732203999995], [-2.1227784813529413, 42.570732203999995], [-2.1227784813529413, 42.570624095999996], [-2.1228321820588234, 42.570624095999996], [-2.1228321820588234, 42.57057004199999], [-2.122885882764706, 42.57057004199999], [-2.122885882764706, 42.57051598799999], [-2.1229395834705884, 42.57051598799999], [-2.1229395834705884, 42.57040787999999], [-2.1229932841764705, 42.57040787999999], [-2.1229932841764705, 42.570353825999995], [-2.123046984882353, 42.570353825999995], [-2.123046984882353, 42.57029977199999], [-2.1231006855882355, 42.57029977199999], [-2.1231006855882355, 42.57019166399999], [-2.1231543862941176, 42.57019166399999], [-2.1231543862941176, 42.57013760999999], [-2.123208087, 42.57013760999999], [-2.123208087, 42.57008355599999], [-2.1232617877058826, 42.57008355599999], [-2.1232617877058826, 42.569975447999994], [-2.1234228898235297, 42.569975447999994]]]}}, {"type": "Feature", "properties": {"id": "ftw-sweden-000", "country": "sweden", "source": "fields-of-the-world", "area_ha": 0.272}, "geometry": {"type": "Polygon", "coordinates": [[[17.241496272, 59.65668667782354], [17.241496272, 59.65674037852941], [17.241388164, 59.65674037852941], [17.241388164, 59.6567940792353], [17.24133411, 59.6567940792353], [17.24133411, 59.65684777994118], [17.241226002, 59.65684777994118], [17.241226002, 59.656901480647065], [17.24133411, 59.656901480647065], [17.24133411, 59.65695518135295], [17.241442218, 59.65695518135295], [17.241442218, 59.657008882058825], [17.241550326, 59.657008882058825], [17.241550326, 59.65706258276471], [17.24214492, 59.65706258276471], [17.24214492, 59.657008882058825], [17.242307082, 59.657008882058825], [17.242307082, 59.65706258276471], [17.242631406, 59.65706258276471], [17.242631406, 59.657008882058825], [17.242847622, 59.657008882058825], [17.242847622, 59.65695518135295], [17.242901676, 59.65695518135295], [17.242901676, 59.65684777994118], [17.242739514, 59.65684777994118], [17.242739514, 59.6567940792353], [17.242253028, 59.6567940792353], [17.242253028, 59.65674037852941], [17.241766542, 59.65674037852941], [17.241766542, 59.65668667782354], [17.241496272, 59.65668667782354]]]}}, {"type": "Feature", "properties": {"id": "ftw-sweden-001", "country": "sweden", "source": "fields-of-the-world", "area_ha": 0.388}, "geometry": {"type": "Polygon", "coordinates": [[[17.242847622, 59.655934867941184], [17.242847622, 59.65598856864706], [17.242739514, 59.65598856864706], [17.242739514, 59.656042269352945], [17.242631406, 59.656042269352945], [17.242631406, 59.65609597005883], [17.242523298, 59.65609597005883], [17.242523298, 59.65614967076471], [17.24241519, 59.65614967076471], [17.24241519, 59.656203371470596], [17.242361136, 59.656203371470596], [17.242361136, 59.65625707217647], [17.242253028, 59.65625707217647], [17.242253028, 59.65631077288236], [17.24214492, 59.65631077288236], [17.24214492, 59.65636447358824], [17.242036812, 59.65636447358824], [17.242036812, 59.656418174294124], [17.241982758, 59.656418174294124], [17.241982758, 59.65647187500001], [17.24187465, 59.65647187500001], [17.24187465, 59.656525575705885], [17.241766542, 59.656525575705885], [17.241766542, 59.65657927641177], [17.241658433999998, 59.65657927641177], [17.241658433999998, 59.65663297711765], [17.241766542, 59.65663297711765], [17.241766542, 59.65668667782354], [17.242253028, 59.65668667782354], [17.242253028, 59.65674037852941], [17.242739514, 59.65674037852941], [17.242739514, 59.6567940792353], [17.243009783999998, 59.6567940792353], [17.243009783999998, 59.65668667782354], [17.243063838, 59.65668667782354], [17.243063838, 59.65657927641177], [17.24295573, 59.65657927641177], [17.24295573, 59.656525575705885], [17.242577351999998, 59.656525575705885], [17.242577351999998, 59.65647187500001], [17.242361136, 59.65647187500001], [17.242361136, 59.656418174294124], [17.24241519, 59.656418174294124], [17.24241519, 59.65636447358824], [17.242469244, 59.65636447358824], [17.242469244, 59.65625707217647], [17.242523298, 59.65625707217647], [17.242523298, 59.656203371470596], [17.242739514, 59.656203371470596], [17.242739514, 59.65625707217647], [17.243117892, 59.65625707217647], [17.243117892, 59.65631077288236], [17.243334108, 59.65631077288236], [17.243334108, 59.65636447358824], [17.243550324, 59.65636447358824], [17.243550324, 59.656418174294124], [17.24376654, 59.656418174294124], [17.24376654, 59.65647187500001], [17.243874648, 59.65647187500001], [17.243874648, 59.65636447358824], [17.243928701999998, 59.65636447358824], [17.243928701999998, 59.65631077288236], [17.243712486, 59.65631077288236], [17.243712486, 59.65625707217647], [17.243442216, 59.65625707217647], [17.243442216, 59.656203371470596], [17.243226, 59.656203371470596], [17.243226, 59.65614967076471], [17.243117892, 59.65614967076471], [17.243117892, 59.65609597005883], [17.243063838, 59.65609597005883], [17.243063838, 59.656042269352945], [17.243009783999998, 59.656042269352945], [17.243009783999998, 59.65598856864706], [17.242901676, 59.65598856864706], [17.242901676, 59.655934867941184], [17.242847622, 59.655934867941184]]]}}, {"type": "Feature", "properties": {"id": "ftw-sweden-002", "country": "sweden", "source": "fields-of-the-world", "area_ha": 0.4004}, "geometry": {"type": "Polygon", "coordinates": [[[17.017334333999997, 59.749525836], [17.017334333999997, 59.74957988999999], [17.017280279999998, 59.74957988999999], [17.017280279999998, 59.749633943999996], [17.017172171999995, 59.749633943999996], [17.017172171999995, 59.749742051999995], [17.017118117999996, 59.749742051999995], [17.017118117999996, 59.749850159999994], [17.017064063999996, 59.749850159999994], [17.017064063999996, 59.749904214], [17.017010009999996, 59.749904214], [17.017010009999996, 59.750012321999996], [17.016955955999997, 59.750012321999996], [17.016955955999997, 59.750120429999996], [17.016901901999997, 59.750120429999996], [17.016901901999997, 59.750228537999995], [17.016955955999997, 59.750228537999995], [17.016955955999997, 59.750282592], [17.017064063999996, 59.750282592], [17.017064063999996, 59.750336645999994], [17.017118117999996, 59.750336645999994], [17.017118117999996, 59.7503907], [17.017280279999998, 59.7503907], [17.017280279999998, 59.75044475399999], [17.017604603999995, 59.75044475399999], [17.017604603999995, 59.7503907], [17.017658658, 59.7503907], [17.017658658, 59.750282592], [17.017712711999998, 59.750282592], [17.017712711999998, 59.750174484], [17.017766765999998, 59.750174484], [17.017766765999998, 59.75006637599999], [17.017820819999997, 59.75006637599999], [17.017820819999997, 59.74995826799999], [17.017874873999997, 59.74995826799999], [17.017874873999997, 59.749850159999994], [17.017928927999996, 59.749850159999994], [17.017928927999996, 59.749742051999995], [17.017982981999996, 59.749742051999995], [17.017982981999996, 59.749633943999996], [17.017712711999998, 59.749633943999996], [17.017712711999998, 59.74957988999999], [17.017496495999996, 59.74957988999999], [17.017496495999996, 59.749525836], [17.017334333999997, 59.749525836]]]}}, {"type": "Feature", "properties": {"id": "ftw-sweden-003", "country": "sweden", "source": "fields-of-the-world", "area_ha": 0.4513}, "geometry": {"type": "Polygon", "coordinates": [[[17.021280275999995, 59.752336643999996], [17.021280275999995, 59.752390698], [17.021118113999997, 59.752390698], [17.021118113999997, 59.752444751999995], [17.020523519999998, 59.752444751999995], [17.020523519999998, 59.752498806], [17.020415412, 59.752498806], [17.020415412, 59.752552859999994], [17.020145141999997, 59.752552859999994], [17.020145141999997, 59.752606914], [17.019874871999995, 59.752606914], [17.019874871999995, 59.752660968], [17.019766763999996, 59.752660968], [17.019766763999996, 59.752715022], [17.021172167999996, 59.752715022], [17.021172167999996, 59.752660968], [17.022793787999998, 59.752660968], [17.022793787999998, 59.752715022], [17.022955949999997, 59.752715022], [17.022955949999997, 59.752660968], [17.022901895999997, 59.752660968], [17.022901895999997, 59.752552859999994], [17.022847841999997, 59.752552859999994], [17.022847841999997, 59.752498806], [17.022577571999996, 59.752498806], [17.022577571999996, 59.752444751999995], [17.022145139999996, 59.752444751999995], [17.022145139999996, 59.752390698], [17.021820815999998, 59.752390698], [17.021820815999998, 59.752336643999996], [17.021280275999995, 59.752336643999996]]]}}, {"type": "Feature", "properties": {"id": "ftw-sweden-004", "country": "sweden", "source": "fields-of-the-world", "area_ha": 0.8894}, "geometry": {"type": "Polygon", "coordinates": [[[16.822559753999997, 59.700895254], [16.822559753999997, 59.700949308], [16.822505699999997, 59.700949308], [16.822505699999997, 59.70111147], [16.822451645999998, 59.70111147], [16.822451645999998, 59.701327686], [16.822397591999998, 59.701327686], [16.822397591999998, 59.701489848], [16.822343538, 59.701489848], [16.822343538, 59.701706064], [16.822289484, 59.701706064], [16.822289484, 59.701814172], [16.822721916, 59.701814172], [16.822721916, 59.701868226], [16.823424617999997, 59.701868226], [16.823424617999997, 59.70192228], [16.823748941999998, 59.70192228], [16.823748941999998, 59.701760117999996], [16.823802995999998, 59.701760117999996], [16.823802995999998, 59.701706064], [16.823857049999997, 59.701706064], [16.823857049999997, 59.70165201], [16.823911103999997, 59.70165201], [16.823911103999997, 59.701543902], [16.823965157999996, 59.701543902], [16.823965157999996, 59.701489848], [16.824019211999996, 59.701489848], [16.824019211999996, 59.70138174], [16.824073266, 59.70138174], [16.824073266, 59.701273631999996], [16.82412732, 59.701273631999996], [16.82412732, 59.70111147], [16.824181374, 59.70111147], [16.824181374, 59.701057416], [16.823911103999997, 59.701057416], [16.823911103999997, 59.701003362], [16.823370563999998, 59.701003362], [16.823370563999998, 59.700949308], [16.822830023999998, 59.700949308], [16.822830023999998, 59.700895254], [16.822559753999997, 59.700895254]]]}}, {"type": "Feature", "properties": {"id": "ftw-sweden-005", "country": "sweden", "source": "fields-of-the-world", "area_ha": 1.0045}, "geometry": {"type": "Polygon", "coordinates": [[[17.246090862, 59.65512935735295], [17.246090862, 59.655183058058824], [17.2459287, 59.655183058058824], [17.2459287, 59.65523675876471], [17.245820591999998, 59.65523675876471], [17.245820591999998, 59.65529045947059], [17.245766537999998, 59.65529045947059], [17.245766537999998, 59.655344160176476], [17.24565843, 59.655344160176476], [17.24565843, 59.65539786088236], [17.245604376, 59.65539786088236], [17.245604376, 59.65545156158824], [17.245496268, 59.65545156158824], [17.245496268, 59.65550526229412], [17.245442214, 59.65550526229412], [17.245442214, 59.655558963000004], [17.245334105999998, 59.655558963000004], [17.245334105999998, 59.65561266370589], [17.245063836, 59.65561266370589], [17.245063836, 59.65566636441177], [17.244090864, 59.65566636441177], [17.244090864, 59.65561266370589], [17.243550324, 59.65561266370589], [17.243550324, 59.65566636441177], [17.243658432, 59.65566636441177], [17.243658432, 59.65572006511765], [17.243712486, 59.65572006511765], [17.243712486, 59.65577376582353], [17.243820594, 59.65577376582353], [17.243820594, 59.655827466529416], [17.243928701999998, 59.655827466529416], [17.243928701999998, 59.6558811672353], [17.243982756, 59.6558811672353], [17.243982756, 59.655934867941184], [17.244090864, 59.655934867941184], [17.244090864, 59.65598856864706], [17.244198972, 59.65598856864706], [17.244198972, 59.656042269352945], [17.24430708, 59.656042269352945], [17.24430708, 59.65609597005883], [17.244469242, 59.65609597005883], [17.244469242, 59.65614967076471], [17.244685458, 59.65614967076471], [17.244685458, 59.656203371470596], [17.245496268, 59.656203371470596], [17.245496268, 59.65614967076471], [17.245766537999998, 59.65614967076471], [17.245766537999998, 59.65609597005883], [17.245820591999998, 59.65609597005883], [17.245820591999998, 59.656042269352945], [17.2459287, 59.656042269352945], [17.2459287, 59.65598856864706], [17.245982754, 59.65598856864706], [17.245982754, 59.655934867941184], [17.246036808, 59.655934867941184], [17.246036808, 59.6558811672353], [17.246144916, 59.6558811672353], [17.246144916, 59.655827466529416], [17.24619897, 59.655827466529416], [17.24619897, 59.65577376582353], [17.246253023999998, 59.65577376582353], [17.246253023999998, 59.65572006511765], [17.246361132, 59.65572006511765], [17.246361132, 59.65566636441177], [17.246415186, 59.65566636441177], [17.246415186, 59.65561266370589], [17.246523294, 59.65561266370589], [17.246523294, 59.655558963000004], [17.246577348, 59.655558963000004], [17.246577348, 59.65550526229412], [17.246685455999998, 59.65550526229412], [17.246685455999998, 59.65545156158824], [17.246739509999998, 59.65545156158824], [17.246739509999998, 59.65539786088236], [17.246847618, 59.65539786088236], [17.246847618, 59.655344160176476], [17.246901672, 59.655344160176476], [17.246901672, 59.65523675876471], [17.246577348, 59.65523675876471], [17.246577348, 59.655183058058824], [17.246307078, 59.655183058058824], [17.246307078, 59.65512935735295], [17.246090862, 59.65512935735295]]]}}, {"type": "Feature", "properties": {"id": "ftw-sweden-006", "country": "sweden", "source": "fields-of-the-world", "area_ha": 1.5557}, "geometry": {"type": "Polygon", "coordinates": [[[17.24268546, 59.65529045947059], [17.24268546, 59.65539786088236], [17.242739514, 59.65539786088236], [17.242739514, 59.65545156158824], [17.24268546, 59.65545156158824], [17.24268546, 59.65550526229412], [17.242631406, 59.65550526229412], [17.242631406, 59.655558963000004], [17.242523298, 59.655558963000004], [17.242523298, 59.65561266370589], [17.24241519, 59.65561266370589], [17.24241519, 59.65566636441177], [17.242307082, 59.65566636441177], [17.242307082, 59.65572006511765], [17.242198974, 59.65572006511765], [17.242198974, 59.65577376582353], [17.242090865999998, 59.65577376582353], [17.242090865999998, 59.655827466529416], [17.241982758, 59.655827466529416], [17.241982758, 59.65577376582353], [17.24187465, 59.65577376582353], [17.24187465, 59.65572006511765], [17.241766542, 59.65572006511765], [17.241766542, 59.65566636441177], [17.241658433999998, 59.65566636441177], [17.241658433999998, 59.65561266370589], [17.241496272, 59.65561266370589], [17.241496272, 59.655558963000004], [17.241388164, 59.655558963000004], [17.241388164, 59.65561266370589], [17.241226002, 59.65561266370589], [17.241226002, 59.655558963000004], [17.241117894, 59.655558963000004], [17.241117894, 59.65550526229412], [17.240847624, 59.65550526229412], [17.240847624, 59.655558963000004], [17.240739515999998, 59.655558963000004], [17.240739515999998, 59.65550526229412], [17.240577354, 59.65550526229412], [17.240577354, 59.655558963000004], [17.240469246, 59.655558963000004], [17.240469246, 59.65561266370589], [17.240415192, 59.65561266370589], [17.240415192, 59.65566636441177], [17.240361138, 59.65566636441177], [17.240361138, 59.65572006511765], [17.240253029999998, 59.65572006511765], [17.240253029999998, 59.65577376582353], [17.240198976, 59.65577376582353], [17.240198976, 59.655827466529416], [17.240144922, 59.655827466529416], [17.240144922, 59.6558811672353], [17.240090868, 59.6558811672353], [17.240090868, 59.655934867941184], [17.240036814, 59.655934867941184], [17.240036814, 59.65598856864706], [17.239928706, 59.65598856864706], [17.239928706, 59.656042269352945], [17.239874652, 59.656042269352945], [17.239874652, 59.65609597005883], [17.239820597999998, 59.65609597005883], [17.239820597999998, 59.65614967076471], [17.239766544, 59.65614967076471], [17.239766544, 59.656203371470596], [17.239658436, 59.656203371470596], [17.239658436, 59.65625707217647], [17.239766544, 59.65625707217647], [17.239766544, 59.65631077288236], [17.239874652, 59.65631077288236], [17.239874652, 59.65636447358824], [17.23998276, 59.65636447358824], [17.23998276, 59.656418174294124], [17.240090868, 59.656418174294124], [17.240090868, 59.65647187500001], [17.240198976, 59.65647187500001], [17.240198976, 59.656525575705885], [17.240253029999998, 59.656525575705885], [17.240253029999998, 59.65657927641177], [17.24079357, 59.65657927641177], [17.24079357, 59.65663297711765], [17.240847624, 59.65663297711765], [17.240847624, 59.65668667782354], [17.240955732, 59.65668667782354], [17.240955732, 59.65674037852941], [17.24106384, 59.65674037852941], [17.24106384, 59.6567940792353], [17.241171947999998, 59.6567940792353], [17.241171947999998, 59.65684777994118], [17.241226002, 59.65684777994118], [17.241226002, 59.6567940792353], [17.24133411, 59.6567940792353], [17.24133411, 59.65674037852941], [17.241388164, 59.65674037852941], [17.241388164, 59.65668667782354], [17.241496272, 59.65668667782354], [17.241496272, 59.65663297711765], [17.241550326, 59.65663297711765], [17.241550326, 59.65657927641177], [17.241658433999998, 59.65657927641177], [17.241658433999998, 59.656525575705885], [17.241766542, 59.656525575705885], [17.241766542, 59.65647187500001], [17.24187465, 59.65647187500001], [17.24187465, 59.656418174294124], [17.241982758, 59.656418174294124], [17.241982758, 59.65636447358824], [17.242036812, 59.65636447358824], [17.242036812, 59.65631077288236], [17.24214492, 59.65631077288236], [17.24214492, 59.65625707217647], [17.242253028, 59.65625707217647], [17.242253028, 59.656203371470596], [17.242361136, 59.656203371470596], [17.242361136, 59.65614967076471], [17.24241519, 59.65614967076471], [17.24241519, 59.65609597005883], [17.242523298, 59.65609597005883], [17.242523298, 59.656042269352945], [17.242631406, 59.656042269352945], [17.242631406, 59.65598856864706], [17.242739514, 59.65598856864706], [17.242739514, 59.655934867941184], [17.242847622, 59.655934867941184], [17.242847622, 59.6558811672353], [17.24295573, 59.6558811672353], [17.24295573, 59.655827466529416], [17.242847622, 59.655827466529416], [17.242847622, 59.65577376582353], [17.242739514, 59.65577376582353], [17.242739514, 59.65572006511765], [17.242793568, 59.65572006511765], [17.242793568, 59.65566636441177], [17.242901676, 59.65566636441177], [17.242901676, 59.65561266370589], [17.243009783999998, 59.65561266370589], [17.243009783999998, 59.655558963000004], [17.243117892, 59.655558963000004], [17.243117892, 59.65550526229412], [17.243063838, 59.65550526229412], [17.243063838, 59.65545156158824], [17.24295573, 59.65545156158824], [17.24295573, 59.65539786088236], [17.242901676, 59.65539786088236], [17.242901676, 59.655344160176476], [17.242793568, 59.655344160176476], [17.242793568, 59.65529045947059], [17.24268546, 59.65529045947059]]]}}, {"type": "Feature", "properties": {"id": "ftw-sweden-007", "country": "sweden", "source": "fields-of-the-world", "area_ha": 3.1987}, "geometry": {"type": "Polygon", "coordinates": [[[17.242307082, 59.65137030794118], [17.242307082, 59.65142400864706], [17.242361136, 59.65142400864706], [17.242361136, 59.65158511076471], [17.24241519, 59.65158511076471], [17.24241519, 59.65179991358824], [17.242469244, 59.65179991358824], [17.242469244, 59.651961015705886], [17.242523298, 59.651961015705886], [17.242523298, 59.65212211782353], [17.242577351999998, 59.65212211782353], [17.242577351999998, 59.6522295192353], [17.242631406, 59.6522295192353], [17.242631406, 59.65233692064706], [17.24268546, 59.65233692064706], [17.24268546, 59.65244432205883], [17.242631406, 59.65244432205883], [17.242631406, 59.65249802276471], [17.242577351999998, 59.65249802276471], [17.242577351999998, 59.65260542417647], [17.242523298, 59.65260542417647], [17.242523298, 59.652659124882355], [17.242469244, 59.652659124882355], [17.242469244, 59.65271282558824], [17.242361136, 59.65271282558824], [17.242361136, 59.65276652629412], [17.24214492, 59.65276652629412], [17.24214492, 59.65282022700001], [17.241982758, 59.65282022700001], [17.241982758, 59.65276652629412], [17.24187465, 59.65276652629412], [17.24187465, 59.65271282558824], [17.24160438, 59.65271282558824], [17.24160438, 59.652659124882355], [17.240631408, 59.652659124882355], [17.240631408, 59.65276652629412], [17.240685462, 59.65276652629412], [17.240685462, 59.65287392770588], [17.240739515999998, 59.65287392770588], [17.240739515999998, 59.65298132911765], [17.24079357, 59.65298132911765], [17.24079357, 59.65308873052942], [17.240901678, 59.65308873052942], [17.240901678, 59.653142431235295], [17.240955732, 59.653142431235295], [17.240955732, 59.65324983264706], [17.24106384, 59.65324983264706], [17.24106384, 59.65330353335295], [17.241117894, 59.65330353335295], [17.241117894, 59.65335723405883], [17.241226002, 59.65335723405883], [17.241226002, 59.65341093476471], [17.241280056, 59.65341093476471], [17.241280056, 59.65346463547059], [17.24133411, 59.65346463547059], [17.24133411, 59.653518336176475], [17.241442218, 59.653518336176475], [17.241442218, 59.65357203688236], [17.241496272, 59.65357203688236], [17.241496272, 59.653625737588236], [17.241550326, 59.653625737588236], [17.241550326, 59.65367943829412], [17.241658433999998, 59.65367943829412], [17.241658433999998, 59.653733139], [17.241712488, 59.653733139], [17.241712488, 59.65378683970589], [17.241766542, 59.65378683970589], [17.241766542, 59.65384054041177], [17.241820596, 59.65384054041177], [17.241820596, 59.65389424111765], [17.241928704, 59.65389424111765], [17.241928704, 59.65394794182353], [17.241982758, 59.65394794182353], [17.241982758, 59.654001642529416], [17.242036812, 59.654001642529416], [17.242036812, 59.6540553432353], [17.242090865999998, 59.6540553432353], [17.242090865999998, 59.65410904394118], [17.24214492, 59.65410904394118], [17.24214492, 59.65416274464706], [17.242198974, 59.65416274464706], [17.242198974, 59.654216445352944], [17.242253028, 59.654216445352944], [17.242253028, 59.65427014605883], [17.242307082, 59.65427014605883], [17.242307082, 59.65432384676471], [17.24241519, 59.65432384676471], [17.24241519, 59.654377547470595], [17.242469244, 59.654377547470595], [17.242469244, 59.65443124817647], [17.242523298, 59.65443124817647], [17.242523298, 59.654377547470595], [17.242577351999998, 59.654377547470595], [17.242577351999998, 59.65432384676471], [17.24268546, 59.65432384676471], [17.24268546, 59.65427014605883], [17.242739514, 59.65427014605883], [17.242739514, 59.654216445352944], [17.242793568, 59.654216445352944], [17.242793568, 59.65416274464706], [17.242847622, 59.65416274464706], [17.242847622, 59.65410904394118], [17.242901676, 59.65410904394118], [17.242901676, 59.6540553432353], [17.24295573, 59.6540553432353], [17.24295573, 59.654001642529416], [17.243063838, 59.654001642529416], [17.243063838, 59.65394794182353], [17.243117892, 59.65394794182353], [17.243117892, 59.65389424111765], [17.243171946, 59.65389424111765], [17.243171946, 59.65378683970589], [17.243280054, 59.65378683970589], [17.243280054, 59.65367943829412], [17.243334108, 59.65367943829412], [17.243334108, 59.653625737588236], [17.243388162, 59.653625737588236], [17.243388162, 59.65357203688236], [17.243496269999998, 59.65357203688236], [17.243496269999998, 59.653518336176475], [17.243550324, 59.653518336176475], [17.243550324, 59.65346463547059], [17.243604378, 59.65346463547059], [17.243604378, 59.65341093476471], [17.243658432, 59.65341093476471], [17.243658432, 59.65335723405883], [17.243712486, 59.65335723405883], [17.243712486, 59.65330353335295], [17.24376654, 59.65330353335295], [17.24376654, 59.653142431235295], [17.243820594, 59.653142431235295], [17.243820594, 59.65292762841177], [17.243928701999998, 59.65292762841177], [17.243928701999998, 59.65287392770588], [17.244144918, 59.65287392770588], [17.244144918, 59.65282022700001], [17.244361134, 59.65282022700001], [17.244361134, 59.65276652629412], [17.244631404, 59.65276652629412], [17.244631404, 59.65244432205883], [17.244685458, 59.65244432205883], [17.244685458, 59.6522295192353], [17.244253026, 59.6522295192353], [17.244253026, 59.65228321994118], [17.243928701999998, 59.65228321994118], [17.243928701999998, 59.65233692064706], [17.243712486, 59.65233692064706], [17.243712486, 59.65228321994118], [17.243604378, 59.65228321994118], [17.243604378, 59.6522295192353], [17.243550324, 59.6522295192353], [17.243550324, 59.65174621288236], [17.243496269999998, 59.65174621288236], [17.243496269999998, 59.65158511076471], [17.243388162, 59.65158511076471], [17.243388162, 59.65153141005883], [17.243117892, 59.65153141005883], [17.243117892, 59.651477709352946], [17.242793568, 59.651477709352946], [17.242793568, 59.65142400864706], [17.242523298, 59.65142400864706], [17.242523298, 59.65137030794118], [17.242307082, 59.65137030794118]]]}}, {"type": "Feature", "properties": {"id": "ftw-sweden-008", "country": "sweden", "source": "fields-of-the-world", "area_ha": 4.9702}, "geometry": {"type": "Polygon", "coordinates": [[[17.23944222, 59.651477709352946], [17.23944222, 59.65153141005883], [17.239388166, 59.65153141005883], [17.239388166, 59.65158511076471], [17.239334111999998, 59.65158511076471], [17.239334111999998, 59.65163881147059], [17.239280058, 59.65163881147059], [17.239280058, 59.651692512176474], [17.239226004, 59.651692512176474], [17.239226004, 59.65174621288236], [17.23917195, 59.65174621288236], [17.23917195, 59.65179991358824], [17.239117896, 59.65179991358824], [17.239117896, 59.65185361429412], [17.239063842, 59.65185361429412], [17.239063842, 59.651907315], [17.238955734, 59.651907315], [17.238955734, 59.651961015705886], [17.238901679999998, 59.651961015705886], [17.238901679999998, 59.65201471641177], [17.238847626, 59.65201471641177], [17.238847626, 59.65206841711765], [17.238793572, 59.65206841711765], [17.238793572, 59.65212211782353], [17.238739518, 59.65212211782353], [17.238739518, 59.652175818529415], [17.238685464, 59.652175818529415], [17.238685464, 59.6522295192353], [17.23863141, 59.6522295192353], [17.23863141, 59.65228321994118], [17.238577356, 59.65228321994118], [17.238577356, 59.65233692064706], [17.238523302, 59.65233692064706], [17.238523302, 59.65239062135294], [17.238469248, 59.65239062135294], [17.238469248, 59.65244432205883], [17.238415193999998, 59.65244432205883], [17.238415193999998, 59.65249802276471], [17.23836114, 59.65249802276471], [17.23836114, 59.652551723470594], [17.238307086, 59.652551723470594], [17.238307086, 59.65260542417647], [17.238253032, 59.65260542417647], [17.238253032, 59.652659124882355], [17.238198978, 59.652659124882355], [17.238198978, 59.65271282558824], [17.23809087, 59.65271282558824], [17.23809087, 59.65276652629412], [17.238036816, 59.65276652629412], [17.238036816, 59.65282022700001], [17.237982761999998, 59.65282022700001], [17.237982761999998, 59.65287392770588], [17.237928708, 59.65287392770588], [17.237928708, 59.65292762841177], [17.237874654, 59.65292762841177], [17.237874654, 59.65298132911765], [17.2378206, 59.65298132911765], [17.2378206, 59.653035029823535], [17.237766546, 59.653035029823535], [17.237766546, 59.65308873052942], [17.237712492, 59.65308873052942], [17.237712492, 59.653142431235295], [17.237658438, 59.653142431235295], [17.237658438, 59.65319613194118], [17.23755033, 59.65319613194118], [17.23755033, 59.65324983264706], [17.237496275999998, 59.65324983264706], [17.237496275999998, 59.65330353335295], [17.237442222, 59.65330353335295], [17.237442222, 59.65335723405883], [17.237388168, 59.65335723405883], [17.237388168, 59.65341093476471], [17.237334114, 59.65341093476471], [17.237334114, 59.65346463547059], [17.23728006, 59.65346463547059], [17.23728006, 59.653518336176475], [17.237226006, 59.653518336176475], [17.237226006, 59.65357203688236], [17.23728006, 59.65357203688236], [17.23728006, 59.653625737588236], [17.237388168, 59.653625737588236], [17.237388168, 59.65367943829412], [17.237442222, 59.65367943829412], [17.237442222, 59.65378683970589], [17.237496275999998, 59.65378683970589], [17.237496275999998, 59.65389424111765], [17.23755033, 59.65389424111765], [17.23755033, 59.654001642529416], [17.237496275999998, 59.654001642529416], [17.237496275999998, 59.6540553432353], [17.237442222, 59.6540553432353], [17.237442222, 59.65416274464706], [17.237388168, 59.65416274464706], [17.237388168, 59.65427014605883], [17.237496275999998, 59.65427014605883], [17.237496275999998, 59.65432384676471], [17.23755033, 59.65432384676471], [17.23755033, 59.654377547470595], [17.237658438, 59.654377547470595], [17.237658438, 59.65443124817647], [17.237766546, 59.65443124817647], [17.237766546, 59.654484948882356], [17.237874654, 59.654484948882356], [17.237874654, 59.65453864958824], [17.237982761999998, 59.65453864958824], [17.237982761999998, 59.65459235029412], [17.23809087, 59.65459235029412], [17.23809087, 59.65464605100001], [17.238198978, 59.65464605100001], [17.238198978, 59.654699751705884], [17.238307086, 59.654699751705884], [17.238307086, 59.65475345241177], [17.238415193999998, 59.65475345241177], [17.238415193999998, 59.65480715311765], [17.23863141, 59.65480715311765], [17.23863141, 59.65475345241177], [17.238685464, 59.65475345241177], [17.238685464, 59.654699751705884], [17.238739518, 59.654699751705884], [17.238739518, 59.65464605100001], [17.238793572, 59.65464605100001], [17.238793572, 59.65459235029412], [17.238847626, 59.65459235029412], [17.238847626, 59.654484948882356], [17.238901679999998, 59.654484948882356], [17.238901679999998, 59.65443124817647], [17.238955734, 59.65443124817647], [17.238955734, 59.654377547470595], [17.239009788, 59.654377547470595], [17.239009788, 59.65427014605883], [17.239063842, 59.65427014605883], [17.239063842, 59.654216445352944], [17.239226004, 59.654216445352944], [17.239226004, 59.65427014605883], [17.23944222, 59.65427014605883], [17.23944222, 59.65432384676471], [17.23971249, 59.65432384676471], [17.23971249, 59.654377547470595], [17.239928706, 59.654377547470595], [17.239928706, 59.65443124817647], [17.241226002, 59.65443124817647], [17.241226002, 59.654484948882356], [17.241496272, 59.654484948882356], [17.241496272, 59.65453864958824], [17.24160438, 59.65453864958824], [17.24160438, 59.654484948882356], [17.241712488, 59.654484948882356], [17.241712488, 59.65443124817647], [17.241928704, 59.65443124817647], [17.241928704, 59.654484948882356], [17.242090865999998, 59.654484948882356], [17.242090865999998, 59.65443124817647], [17.24214492, 59.65443124817647], [17.24214492, 59.654377547470595], [17.242090865999998, 59.654377547470595], [17.242090865999998, 59.65427014605883], [17.242036812, 59.65427014605883], [17.242036812, 59.654216445352944], [17.241982758, 59.654216445352944], [17.241982758, 59.65416274464706], [17.241928704, 59.65416274464706], [17.241928704, 59.65410904394118], [17.24187465, 59.65410904394118], [17.24187465, 59.6540553432353], [17.241820596, 59.6540553432353], [17.241820596, 59.654001642529416], [17.241766542, 59.654001642529416], [17.241766542, 59.65394794182353], [17.241712488, 59.65394794182353], [17.241712488, 59.65389424111765], [17.241658433999998, 59.65389424111765], [17.241658433999998, 59.65384054041177], [17.241550326, 59.65384054041177], [17.241550326, 59.65378683970589], [17.241496272, 59.65378683970589], [17.241496272, 59.653733139], [17.241388164, 59.653733139], [17.241388164, 59.65367943829412], [17.24133411, 59.65367943829412], [17.24133411, 59.653625737588236], [17.241280056, 59.653625737588236], [17.241280056, 59.65357203688236], [17.241226002, 59.65357203688236], [17.241226002, 59.653518336176475], [17.241117894, 59.653518336176475], [17.241117894, 59.65346463547059], [17.24106384, 59.65346463547059], [17.24106384, 59.65341093476471], [17.241009786, 59.65341093476471], [17.241009786, 59.65335723405883], [17.240901678, 59.65335723405883], [17.240901678, 59.65330353335295], [17.240847624, 59.65330353335295], [17.240847624, 59.65324983264706], [17.240739515999998, 59.65324983264706], [17.240739515999998, 59.65319613194118], [17.240685462, 59.65319613194118], [17.240685462, 59.653142431235295], [17.240631408, 59.653142431235295], [17.240631408, 59.653035029823535], [17.240577354, 59.653035029823535], [17.240577354, 59.65298132911765], [17.2405233, 59.65298132911765], [17.2405233, 59.65287392770588], [17.240469246, 59.65287392770588], [17.240469246, 59.65249802276471], [17.240415192, 59.65249802276471], [17.240415192, 59.65233692064706], [17.240361138, 59.65233692064706], [17.240361138, 59.6522295192353], [17.240307084, 59.6522295192353], [17.240307084, 59.652175818529415], [17.240253029999998, 59.652175818529415], [17.240253029999998, 59.65212211782353], [17.240198976, 59.65212211782353], [17.240198976, 59.65206841711765], [17.240144922, 59.65206841711765], [17.240144922, 59.65201471641177], [17.240090868, 59.65201471641177], [17.240090868, 59.651961015705886], [17.23998276, 59.651961015705886], [17.23998276, 59.651907315], [17.239928706, 59.651907315], [17.239928706, 59.65185361429412], [17.239874652, 59.65185361429412], [17.239874652, 59.65179991358824], [17.239820597999998, 59.65179991358824], [17.239820597999998, 59.65174621288236], [17.239766544, 59.65174621288236], [17.239766544, 59.651692512176474], [17.23971249, 59.651692512176474], [17.23971249, 59.65163881147059], [17.239604382, 59.65163881147059], [17.239604382, 59.65158511076471], [17.239550328, 59.65158511076471], [17.239550328, 59.65153141005883], [17.239496274, 59.65153141005883], [17.239496274, 59.651477709352946], [17.23944222, 59.651477709352946]], [[17.239496274, 59.65367943829412], [17.239658436, 59.65367943829412], [17.239658436, 59.653733139], [17.239604382, 59.653733139], [17.239604382, 59.65384054041177], [17.239550328, 59.65384054041177], [17.239550328, 59.65389424111765], [17.239496274, 59.65389424111765], [17.239496274, 59.65394794182353], [17.23944222, 59.65394794182353], [17.23944222, 59.6540553432353], [17.239496274, 59.6540553432353], [17.239496274, 59.654216445352944], [17.239280058, 59.654216445352944], [17.239280058, 59.65416274464706], [17.239226004, 59.65416274464706], [17.239226004, 59.654001642529416], [17.239280058, 59.654001642529416], [17.239280058, 59.65389424111765], [17.239334111999998, 59.65389424111765], [17.239334111999998, 59.65384054041177], [17.239388166, 59.65384054041177], [17.239388166, 59.65378683970589], [17.23944222, 59.65378683970589], [17.23944222, 59.653733139], [17.239496274, 59.653733139], [17.239496274, 59.65367943829412]], [[17.240253029999998, 59.65394794182353], [17.240415192, 59.65394794182353], [17.240415192, 59.654001642529416], [17.240469246, 59.654001642529416], [17.240469246, 59.6540553432353], [17.240361138, 59.6540553432353], [17.240361138, 59.65410904394118], [17.240253029999998, 59.65410904394118], [17.240253029999998, 59.65416274464706], [17.240144922, 59.65416274464706], [17.240144922, 59.65410904394118], [17.240090868, 59.65410904394118], [17.240090868, 59.6540553432353], [17.240144922, 59.6540553432353], [17.240144922, 59.654001642529416], [17.240253029999998, 59.654001642529416], [17.240253029999998, 59.65394794182353]]]}}, {"type": "Feature", "properties": {"id": "ftw-sweden-009", "country": "sweden", "source": "fields-of-the-world", "area_ha": 6.0461}, "geometry": {"type": "Polygon", "coordinates": [[[16.822559753999997, 59.696030394], [16.822559753999997, 59.696138502], [16.822613807999996, 59.696138502], [16.822613807999996, 59.696246609999996], [16.822721916, 59.696246609999996], [16.822721916, 59.696300664], [16.82277597, 59.696300664], [16.82277597, 59.696408772], [16.822884077999998, 59.696408772], [16.822884077999998, 59.696462825999994], [16.822938131999997, 59.696462825999994], [16.822938131999997, 59.69651688], [16.822992185999997, 59.69651688], [16.822992185999997, 59.69657093399999], [16.823100294, 59.69657093399999], [16.823100294, 59.696624987999996], [16.823154348, 59.696624987999996], [16.823154348, 59.696679042], [16.823208402, 59.696679042], [16.823208402, 59.696733095999996], [16.823262456, 59.696733095999996], [16.823262456, 59.69678715], [16.823316509999998, 59.69678715], [16.823316509999998, 59.696841203999995], [16.823694888, 59.696841203999995], [16.823694888, 59.696895258], [16.823748941999998, 59.696895258], [16.823748941999998, 59.696949311999994], [16.823802995999998, 59.696949311999994], [16.823802995999998, 59.697003366], [16.823748941999998, 59.697003366], [16.823748941999998, 59.69705742], [16.823370563999998, 59.69705742], [16.823370563999998, 59.697111473999996], [16.823316509999998, 59.697111473999996], [16.823316509999998, 59.698462823999996], [16.823046239999996, 59.698462823999996], [16.823046239999996, 59.698516878], [16.822884077999998, 59.698516878], [16.822884077999998, 59.698570931999996], [16.822830023999998, 59.698570931999996], [16.822830023999998, 59.698624986], [16.82277597, 59.698624986], [16.82277597, 59.698679039999995], [16.822721916, 59.698679039999995], [16.822721916, 59.698733094], [16.822667862, 59.698733094], [16.822667862, 59.698787148], [16.822559753999997, 59.698787148], [16.822559753999997, 59.698841202], [16.822505699999997, 59.698841202], [16.822505699999997, 59.699111472], [16.822451645999998, 59.699111472], [16.822451645999998, 59.69921958], [16.822343538, 59.69921958], [16.822343538, 59.699273634], [16.82223543, 59.699273634], [16.82223543, 59.699327688], [16.822127321999996, 59.699327688], [16.822127321999996, 59.699435795999996], [16.822073267999997, 59.699435795999996], [16.822073267999997, 59.69948985], [16.822019213999997, 59.69948985], [16.822019213999997, 59.699543903999995], [16.821965159999998, 59.699543903999995], [16.821965159999998, 59.699652012], [16.821911105999998, 59.699652012], [16.821911105999998, 59.699706066], [16.821857052, 59.699706066], [16.821857052, 59.699814174], [16.821802998, 59.699814174], [16.821802998, 59.699922281999996], [16.821748944, 59.699922281999996], [16.821748944, 59.700030389999995], [16.821857052, 59.700030389999995], [16.821857052, 59.700084444], [16.821911105999998, 59.700084444], [16.821911105999998, 59.700138498], [16.821965159999998, 59.700138498], [16.821965159999998, 59.700192552], [16.822019213999997, 59.700192552], [16.822019213999997, 59.700246606], [16.822073267999997, 59.700246606], [16.822073267999997, 59.700300659999996], [16.822127321999996, 59.700300659999996], [16.822127321999996, 59.700354714], [16.822181376, 59.700354714], [16.822181376, 59.700408767999996], [16.82223543, 59.700408767999996], [16.82223543, 59.700516876], [16.822181376, 59.700516876], [16.822181376, 59.700679038], [16.822289484, 59.700679038], [16.822289484, 59.700733092], [16.822451645999998, 59.700733092], [16.822451645999998, 59.700787145999996], [16.822830023999998, 59.700787145999996], [16.822830023999998, 59.7008412], [16.823370563999998, 59.7008412], [16.823370563999998, 59.700895254], [16.823965157999996, 59.700895254], [16.823965157999996, 59.700949308], [16.824235427999998, 59.700949308], [16.824235427999998, 59.700895254], [16.824289481999998, 59.700895254], [16.824289481999998, 59.700787145999996], [16.824343535999997, 59.700787145999996], [16.824343535999997, 59.700516876], [16.824397589999997, 59.700516876], [16.824397589999997, 59.700192552], [16.824451643999996, 59.700192552], [16.824451643999996, 59.700084444], [16.824505698, 59.700084444], [16.824505698, 59.699976336], [16.824559752, 59.699976336], [16.824559752, 59.699435795999996], [16.824505698, 59.699435795999996], [16.824505698, 59.69921958], [16.824559752, 59.69921958], [16.824559752, 59.699165526], [16.824613806, 59.699165526], [16.824613806, 59.699057417999995], [16.824667859999998, 59.699057417999995], [16.824667859999998, 59.699003364], [16.824721913999998, 59.699003364], [16.824721913999998, 59.698949309999996], [16.824775967999997, 59.698949309999996], [16.824775967999997, 59.698895256], [16.824830021999997, 59.698895256], [16.824830021999997, 59.698841202], [16.824884075999996, 59.698841202], [16.824884075999996, 59.698733094], [16.824938129999996, 59.698733094], [16.824938129999996, 59.698679039999995], [16.824992184, 59.698679039999995], [16.824992184, 59.698570931999996], [16.825046238, 59.698570931999996], [16.825046238, 59.69840877], [16.825100292, 59.69840877], [16.825100292, 59.698246608], [16.825154345999998, 59.698246608], [16.825154345999998, 59.698084445999996], [16.825100292, 59.698084445999996], [16.825100292, 59.697922284], [16.825046238, 59.697922284], [16.825046238, 59.697706067999995], [16.825100292, 59.697706067999995], [16.825100292, 59.697652014], [16.825208399999998, 59.697652014], [16.825208399999998, 59.697597959999996], [16.825262453999997, 59.697597959999996], [16.825262453999997, 59.697543906], [16.825316507999997, 59.697543906], [16.825316507999997, 59.697489852], [16.825424616, 59.697489852], [16.825424616, 59.697435798], [16.82547867, 59.697435798], [16.82547867, 59.697381744], [16.825532724, 59.697381744], [16.825532724, 59.697327689999995], [16.825586777999998, 59.697327689999995], [16.825586777999998, 59.697273636], [16.825640831999998, 59.697273636], [16.825640831999998, 59.697219581999995], [16.825748939999997, 59.697219581999995], [16.825748939999997, 59.697165528], [16.825802993999996, 59.697165528], [16.825802993999996, 59.697111473999996], [16.825911102, 59.697111473999996], [16.825911102, 59.69705742], [16.825965156, 59.69705742], [16.825965156, 59.697003366], [16.82601921, 59.697003366], [16.82601921, 59.696841203999995], [16.826073263999998, 59.696841203999995], [16.826073263999998, 59.696624987999996], [16.825857047999996, 59.696624987999996], [16.825857047999996, 59.696679042], [16.825586777999998, 59.696679042], [16.825586777999998, 59.696733095999996], [16.825316507999997, 59.696733095999996], [16.825316507999997, 59.69678715], [16.824775967999997, 59.69678715], [16.824775967999997, 59.696733095999996], [16.824397589999997, 59.696733095999996], [16.824397589999997, 59.696679042], [16.82412732, 59.696679042], [16.82412732, 59.696624987999996], [16.824019211999996, 59.696624987999996], [16.824019211999996, 59.69657093399999], [16.823965157999996, 59.69657093399999], [16.823965157999996, 59.696462825999994], [16.823911103999997, 59.696462825999994], [16.823911103999997, 59.696354717999995], [16.823965157999996, 59.696354717999995], [16.823965157999996, 59.696192556], [16.823640834, 59.696192556], [16.823640834, 59.696138502], [16.823316509999998, 59.696138502], [16.823316509999998, 59.69608444799999], [16.822938131999997, 59.69608444799999], [16.822938131999997, 59.696030394], [16.822559753999997, 59.696030394]], [[16.824559752, 59.697435798], [16.824884075999996, 59.697435798], [16.824884075999996, 59.697489852], [16.824938129999996, 59.697489852], [16.824938129999996, 59.697543906], [16.824884075999996, 59.697543906], [16.824884075999996, 59.697597959999996], [16.824397589999997, 59.697597959999996], [16.824397589999997, 59.697543906], [16.824451643999996, 59.697543906], [16.824451643999996, 59.697489852], [16.824559752, 59.697489852], [16.824559752, 59.697435798]], [[16.823911103999997, 59.697652014], [16.824451643999996, 59.697652014], [16.824451643999996, 59.697706067999995], [16.824505698, 59.697706067999995], [16.824505698, 59.697814175999994], [16.823911103999997, 59.697814175999994], [16.823911103999997, 59.697760122], [16.823802995999998, 59.697760122], [16.823802995999998, 59.697706067999995], [16.823911103999997, 59.697706067999995], [16.823911103999997, 59.697652014]]]}}, {"type": "Feature", "properties": {"id": "ftw-vietnam-000", "country": "vietnam", "source": "fields-of-the-world", "area_ha": 0.2016}, "geometry": {"type": "Polygon", "coordinates": [[[105.467624262, 18.942017093999997], [105.467624262, 18.94223331], [105.46767831599999, 18.94223331], [105.46767831599999, 18.942719796], [105.46773237, 18.942719796], [105.46773237, 18.942936011999997], [105.467894532, 18.942936011999997], [105.467894532, 18.942503579999997], [105.467840478, 18.942503579999997], [105.467840478, 18.942017093999997], [105.467624262, 18.942017093999997]]]}}, {"type": "Feature", "properties": {"id": "ftw-vietnam-001", "country": "vietnam", "source": "fields-of-the-world", "area_ha": 0.2127}, "geometry": {"type": "Polygon", "coordinates": [[[106.080452478, 20.875871015999998], [106.080452478, 20.875925069999997], [106.080398424, 20.875925069999997], [106.080398424, 20.876087232], [106.08034436999999, 20.876087232], [106.08034436999999, 20.876249394], [106.08029031599999, 20.876249394], [106.08029031599999, 20.876303447999998], [106.08034436999999, 20.876303447999998], [106.08034436999999, 20.876357501999998], [106.080506532, 20.876357501999998], [106.080506532, 20.876411555999997], [106.08061464, 20.876411555999997], [106.08061464, 20.87646561], [106.080668694, 20.87646561], [106.080668694, 20.876411555999997], [106.080722748, 20.876411555999997], [106.080722748, 20.87619534], [106.080776802, 20.87619534], [106.080776802, 20.876087232], [106.08083085599999, 20.876087232], [106.08083085599999, 20.876033178], [106.080776802, 20.876033178], [106.080776802, 20.875979123999997], [106.08061464, 20.875979123999997], [106.08061464, 20.875925069999997], [106.080506532, 20.875925069999997], [106.080506532, 20.875871015999998], [106.080452478, 20.875871015999998]]]}}, {"type": "Feature", "properties": {"id": "ftw-vietnam-002", "country": "vietnam", "source": "fields-of-the-world", "area_ha": 0.2255}, "geometry": {"type": "Polygon", "coordinates": [[[105.474813444, 18.940719798], [105.474813444, 18.941368446], [105.475137768, 18.941368446], [105.475137768, 18.941044121999997], [105.47508371400001, 18.941044121999997], [105.47508371400001, 18.940719798], [105.474813444, 18.940719798]]]}}, {"type": "Feature", "properties": {"id": "ftw-vietnam-003", "country": "vietnam", "source": "fields-of-the-world", "area_ha": 0.2409}, "geometry": {"type": "Polygon", "coordinates": [[[108.50560320599999, 11.264277024], [108.50560320599999, 11.264331078000001], [108.50533293599999, 11.264331078000001], [108.50533293599999, 11.264547294000002], [108.50538698999999, 11.264547294000002], [108.50538698999999, 11.264925672], [108.505441044, 11.264925672], [108.505441044, 11.265087834000001], [108.50554915199999, 11.265087834000001], [108.50554915199999, 11.265033780000001], [108.505711314, 11.265033780000001], [108.505711314, 11.264979726], [108.50565725999999, 11.264979726], [108.50565725999999, 11.264871618], [108.50560320599999, 11.264871618], [108.50560320599999, 11.264709456], [108.50565725999999, 11.264709456], [108.50565725999999, 11.264277024], [108.50560320599999, 11.264277024]]]}}, {"type": "Feature", "properties": {"id": "ftw-vietnam-004", "country": "vietnam", "source": "fields-of-the-world", "area_ha": 0.2597}, "geometry": {"type": "Polygon", "coordinates": [[[105.472002636, 18.935530613999997], [105.472002636, 18.935584667999997], [105.471948582, 18.935584667999997], [105.471948582, 18.935692776], [105.47189452799999, 18.935692776], [105.47189452799999, 18.935854938], [105.471840474, 18.935854938], [105.471840474, 18.935963045999998], [105.47178642, 18.935963045999998], [105.47178642, 18.936017099999997], [105.47189452799999, 18.936017099999997], [105.47189452799999, 18.936071153999997], [105.472164798, 18.936071153999997], [105.472164798, 18.936125208], [105.472272906, 18.936125208], [105.472272906, 18.936071153999997], [105.47232696, 18.936071153999997], [105.47232696, 18.935854938], [105.47238101399999, 18.935854938], [105.47238101399999, 18.935692776], [105.472272906, 18.935692776], [105.472272906, 18.935638721999997], [105.472164798, 18.935638721999997], [105.472164798, 18.935584667999997], [105.47205669, 18.935584667999997], [105.47205669, 18.935530613999997], [105.472002636, 18.935530613999997]]]}}, {"type": "Feature", "properties": {"id": "ftw-vietnam-005", "country": "vietnam", "source": "fields-of-the-world", "area_ha": 0.2869}, "geometry": {"type": "Polygon", "coordinates": [[[106.083803826, 20.874627774], [106.083803826, 20.875438583999998], [106.083965988, 20.875438583999998], [106.083965988, 20.875492637999997], [106.08412815, 20.875492637999997], [106.08412815, 20.875060206], [106.084074096, 20.875060206], [106.084074096, 20.874627774], [106.083803826, 20.874627774]]]}}, {"type": "Feature", "properties": {"id": "ftw-vietnam-006", "country": "vietnam", "source": "fields-of-the-world", "area_ha": 0.3189}, "geometry": {"type": "Polygon", "coordinates": [[[108.510684282, 11.272547286], [108.510684282, 11.27260134], [108.51052211999999, 11.27260134], [108.51052211999999, 11.272655394000001], [108.510359958, 11.272655394000001], [108.510359958, 11.272817556], [108.510414012, 11.272817556], [108.510414012, 11.272925664], [108.510468066, 11.272925664], [108.510468066, 11.273033772], [108.51052211999999, 11.273033772], [108.51052211999999, 11.27314188], [108.510576174, 11.27314188], [108.510576174, 11.273249988], [108.510630228, 11.273249988], [108.510630228, 11.273304042], [108.51073833599999, 11.273304042], [108.51073833599999, 11.273249988], [108.510900498, 11.273249988], [108.510900498, 11.272979718], [108.510846444, 11.272979718], [108.510846444, 11.272763502], [108.51079238999999, 11.272763502], [108.51079238999999, 11.27260134], [108.51073833599999, 11.27260134], [108.51073833599999, 11.272547286], [108.510684282, 11.272547286]]]}}, {"type": "Feature", "properties": {"id": "ftw-vietnam-007", "country": "vietnam", "source": "fields-of-the-world", "area_ha": 0.3508}, "geometry": {"type": "Polygon", "coordinates": [[[108.505441044, 11.2639527], [108.505441044, 11.264006754], [108.50538698999999, 11.264006754], [108.50538698999999, 11.264060808], [108.50533293599999, 11.264060808], [108.50533293599999, 11.264168916000001], [108.50538698999999, 11.264168916000001], [108.50538698999999, 11.264277024], [108.50554915199999, 11.264277024], [108.50554915199999, 11.26422297], [108.505711314, 11.26422297], [108.505711314, 11.264601348000001], [108.50592753, 11.264601348000001], [108.50592753, 11.26449324], [108.505981584, 11.26449324], [108.505981584, 11.264439186], [108.50603563799999, 11.264439186], [108.50603563799999, 11.264331078000001], [108.50608969199999, 11.264331078000001], [108.50608969199999, 11.264114862000001], [108.50603563799999, 11.264114862000001], [108.50603563799999, 11.2639527], [108.50587347599999, 11.2639527], [108.50587347599999, 11.264006754], [108.50554915199999, 11.264006754], [108.50554915199999, 11.2639527], [108.505441044, 11.2639527]]]}}, {"type": "Feature", "properties": {"id": "ftw-vietnam-008", "country": "vietnam", "source": "fields-of-the-world", "area_ha": 0.3964}, "geometry": {"type": "Polygon", "coordinates": [[[105.474543174, 18.938773853999997], [105.474543174, 18.938936016], [105.47448912, 18.938936016], [105.47448912, 18.939260339999997], [105.474435066, 18.939260339999997], [105.474435066, 18.939584663999998], [105.474381012, 18.939584663999998], [105.474381012, 18.939746825999997], [105.474543174, 18.939746825999997], [105.474543174, 18.939692771999997], [105.474705336, 18.939692771999997], [105.474705336, 18.939638717999998], [105.47475939, 18.939638717999998], [105.47475939, 18.939422502], [105.474813444, 18.939422502], [105.474813444, 18.939206285999997], [105.474867498, 18.939206285999997], [105.474867498, 18.938881962], [105.474921552, 18.938881962], [105.474921552, 18.938773853999997], [105.474543174, 18.938773853999997]]]}}, {"type": "Feature", "properties": {"id": "ftw-vietnam-009", "country": "vietnam", "source": "fields-of-the-world", "area_ha": 0.4545}, "geometry": {"type": "Polygon", "coordinates": [[[105.47113777199999, 18.937584666], [105.47113777199999, 18.937746827999998], [105.471083718, 18.937746827999998], [105.471083718, 18.938125206], [105.471029664, 18.938125206], [105.471029664, 18.93844953], [105.47097561, 18.93844953], [105.47097561, 18.938665745999998], [105.470921556, 18.938665745999998], [105.470921556, 18.938773853999997], [105.471299934, 18.938773853999997], [105.471299934, 18.93844953], [105.471353988, 18.93844953], [105.471353988, 18.93817926], [105.471408042, 18.93817926], [105.471408042, 18.937800881999998], [105.471462096, 18.937800881999998], [105.471462096, 18.93763872], [105.471299934, 18.93763872], [105.471299934, 18.937584666], [105.47113777199999, 18.937584666]]]}}, {"type": "Feature", "properties": {"id": "ftw-vietnam-010", "country": "vietnam", "source": "fields-of-the-world", "area_ha": 0.5194}, "geometry": {"type": "Polygon", "coordinates": [[[106.17072265799999, 20.995024049999998], [106.17072265799999, 20.995186212], [106.17066860399999, 20.995186212], [106.17066860399999, 20.99529432], [106.17072265799999, 20.99529432], [106.17072265799999, 20.995348374], [106.17077671199999, 20.995348374], [106.17077671199999, 20.99556459], [106.17066860399999, 20.99556459], [106.17066860399999, 20.995510535999998], [106.17056049599998, 20.995510535999998], [106.17056049599998, 20.99556459], [106.17061454999998, 20.99556459], [106.17061454999998, 20.995780806], [106.17066860399999, 20.995780806], [106.17066860399999, 20.995997022], [106.17072265799999, 20.995997022], [106.17072265799999, 20.996213238], [106.17077671199999, 20.996213238], [106.17077671199999, 20.996321346], [106.17083076599998, 20.996321346], [106.17083076599998, 20.996267292], [106.17099292799999, 20.996267292], [106.17099292799999, 20.996213238], [106.17115508999998, 20.996213238], [106.17115508999998, 20.996159184], [106.17120914399999, 20.996159184], [106.17120914399999, 20.99610513], [106.17115508999998, 20.99610513], [106.17115508999998, 20.995888914], [106.17110103599998, 20.995888914], [106.17110103599998, 20.995672698], [106.17104698199998, 20.995672698], [106.17104698199998, 20.995456481999998], [106.17099292799999, 20.995456481999998], [106.17099292799999, 20.995240266], [106.17093887399999, 20.995240266], [106.17093887399999, 20.995024049999998], [106.17072265799999, 20.995024049999998]]]}}, {"type": "Feature", "properties": {"id": "ftw-vietnam-011", "country": "vietnam", "source": "fields-of-the-world", "area_ha": 0.6185}, "geometry": {"type": "Polygon", "coordinates": [[[105.474651282, 18.93628737], [105.474651282, 18.936395477999998], [105.474597228, 18.936395477999998], [105.474597228, 18.936665748], [105.474543174, 18.936665748], [105.474543174, 18.936936017999997], [105.47448912, 18.936936017999997], [105.47448912, 18.937152234], [105.474435066, 18.937152234], [105.474435066, 18.937422503999997], [105.474381012, 18.937422503999997], [105.474381012, 18.937692774], [105.474326958, 18.937692774], [105.474326958, 18.937800881999998], [105.474705336, 18.937800881999998], [105.474705336, 18.937692774], [105.47475939, 18.937692774], [105.47475939, 18.937368449999997], [105.474813444, 18.937368449999997], [105.474813444, 18.93709818], [105.474867498, 18.93709818], [105.474867498, 18.936827909999998], [105.474921552, 18.936827909999998], [105.474921552, 18.936503585999997], [105.474975606, 18.936503585999997], [105.474975606, 18.936395477999998], [105.474921552, 18.936395477999998], [105.474921552, 18.936341424], [105.474705336, 18.936341424], [105.474705336, 18.93628737], [105.474651282, 18.93628737]]]}}, {"type": "Feature", "properties": {"id": "ftw-vietnam-012", "country": "vietnam", "source": "fields-of-the-world", "area_ha": 0.7086}, "geometry": {"type": "Polygon", "coordinates": [[[108.513873468, 11.265790536], [108.513873468, 11.265898644], [108.513819414, 11.265898644], [108.513819414, 11.26611486], [108.51376536, 11.26611486], [108.51376536, 11.266277022], [108.51371130599999, 11.266277022], [108.51371130599999, 11.266493238], [108.513657252, 11.266493238], [108.513657252, 11.266709454], [108.513603198, 11.266709454], [108.513603198, 11.267033778], [108.513549144, 11.267033778], [108.513549144, 11.26719594], [108.514143738, 11.26719594], [108.514143738, 11.267033778], [108.51419779199999, 11.267033778], [108.51419779199999, 11.266925670000001], [108.513819414, 11.266925670000001], [108.513819414, 11.266709454], [108.514089684, 11.266709454], [108.514089684, 11.266763508], [108.514251846, 11.266763508], [108.514251846, 11.266547292], [108.5143059, 11.266547292], [108.5143059, 11.266277022], [108.514143738, 11.266277022], [108.514143738, 11.266222968000001], [108.51398157599999, 11.266222968000001], [108.51398157599999, 11.26611486], [108.51403563, 11.26611486], [108.51403563, 11.265898644], [108.514089684, 11.265898644], [108.514089684, 11.26584459], [108.51398157599999, 11.26584459], [108.51398157599999, 11.265790536], [108.513873468, 11.265790536]]]}}, {"type": "Feature", "properties": {"id": "ftw-vietnam-013", "country": "vietnam", "source": "fields-of-the-world", "area_ha": 0.8971}, "geometry": {"type": "Polygon", "coordinates": [[[106.180182108, 20.999510532], [106.180182108, 20.999564585999998], [106.17996589199998, 20.999564585999998], [106.17996589199998, 20.999618639999998], [106.17974967599999, 20.999618639999998], [106.17974967599999, 20.999672693999997], [106.17953345999999, 20.999672693999997], [106.17953345999999, 20.999726748], [106.17926318999999, 20.999726748], [106.17926318999999, 20.999780802], [106.17904697399999, 20.999780802], [106.17904697399999, 20.999834856], [106.17877670399999, 20.999834856], [106.17877670399999, 20.99988891], [106.17850643399998, 20.99988891], [106.17850643399998, 20.999942964], [106.17829021799999, 20.999942964], [106.17829021799999, 20.999997018], [106.17818211, 20.999997018], [106.17818211, 21.00015918], [106.17823616399998, 21.00015918], [106.17823616399998, 21.000375396], [106.17834427199999, 21.000375396], [106.17834427199999, 21.000321342], [106.17856048799999, 21.000321342], [106.17856048799999, 21.000267288], [106.17877670399999, 21.000267288], [106.17877670399999, 21.000213234], [106.17904697399999, 21.000213234], [106.17904697399999, 21.00015918], [106.17926318999999, 21.00015918], [106.17926318999999, 21.000105125999998], [106.17947940599998, 21.000105125999998], [106.17947940599998, 21.000051071999998], [106.17974967599999, 21.000051071999998], [106.17974967599999, 20.999997018], [106.17996589199998, 20.999997018], [106.17996589199998, 20.999942964], [106.180182108, 20.999942964], [106.180182108, 20.99988891], [106.18029021599999, 20.99988891], [106.18029021599999, 20.999726748], [106.18023616199999, 20.999726748], [106.18023616199999, 20.999510532], [106.180182108, 20.999510532]]]}}, {"type": "Feature", "properties": {"id": "co-magdalena-demo", "country": "colombia", "source": "cielociego", "area_ha": 255.4132}, "geometry": {"type": "Polygon", "coordinates": [[[-74.187315, 10.742814], [-74.172685, 10.742814], [-74.172685, 10.757186], [-74.187315, 10.757186], [-74.187315, 10.742814]]]}}], "provenance": {"source": "Fields of The World, Kerner Lab, Source Cooperative", "url": "https://data.source.coop/kerner-lab/fields-of-the-world/", "built_from": "label_masks/instance", "chips_per_country": 4, "parcels_per_country": 14, "excluded_non_commercial": ["latvia", "portugal", "south_africa"], "min_ha": 0.2, "max_ha": 2000.0, "edge_touching_parcels": "dropped", "selection": "stride over the lexicographic head of each country, no random seed", "listing": "first page of 1000 keys per country", "added_own_field": "data/area_demo.geojson, the large end of the size range"}}