parcel_id,source,country,area_ha,date,scene_id,pixels,tile_cloud,blind,blind_wide,error
ftw-austria-000,fields-of-the-world,austria,0.3188,2023-01-03,S2A_33UUP_20230103_0_L2A,7,99.997813,1.0,1.0,
ftw-austria-000,fields-of-the-world,austria,0.3188,2023-02-14,S2B_33UUP_20230214_0_L2A,7,44.695643,1.0,1.0,
ftw-austria-000,fields-of-the-world,austria,0.3188,2023-03-31,S2A_33UUP_20230331_0_L2A,7,99.397987,1.0,1.0,
ftw-austria-000,fields-of-the-world,austria,0.3188,2023-05-15,S2B_33UUP_20230515_0_L2A,7,99.544746,1.0,1.0,
ftw-austria-000,fields-of-the-world,austria,0.3188,2023-06-29,S2A_33UUP_20230629_0_L2A,7,1.448163,0.0,0.0,
ftw-austria-000,fields-of-the-world,austria,0.3188,2023-08-16,S2B_33UUP_20230816_0_L2A,7,60.778624,0.0,0.0,
ftw-austria-000,fields-of-the-world,austria,0.3188,2023-09-30,S2A_33UUP_20230930_0_L2A,7,64.132899,1.0,1.0,
ftw-austria-000,fields-of-the-world,austria,0.3188,2023-11-16,S2A_33UUP_20231116_0_L2A,7,40.08624,0.0,0.0,
ftw-austria-000,fields-of-the-world,austria,0.3188,2024-01-03,S2B_33UUP_20240103_0_L2A,7,55.713665,1.0,1.0,
ftw-austria-000,fields-of-the-world,austria,0.3188,2024-02-17,S2A_33UUP_20240217_0_L2A,7,97.212166,1.0,1.0,
ftw-austria-000,fields-of-the-world,austria,0.3188,2024-04-02,S2B_33UUP_20240402_0_L2A,7,80.784494,0.0,0.0,
ftw-austria-000,fields-of-the-world,austria,0.3188,2024-05-19,S2B_33UUP_20240519_0_L2A,7,37.945944,0.0,0.0,
ftw-austria-000,fields-of-the-world,austria,0.3188,2024-07-03,S2A_33UUP_20240703_0_L2A,7,86.675429,1.0,1.0,
ftw-austria-000,fields-of-the-world,austria,0.3188,2024-08-20,S2B_33UUP_20240820_0_L2A,7,78.610474,0.0,0.0,
ftw-austria-000,fields-of-the-world,austria,0.3188,2024-10-09,S2B_33UUP_20241009_0_L2A,7,0.034041,0.0,0.0,
ftw-austria-000,fields-of-the-world,austria,0.3188,2024-11-23,S2A_33UUP_20241123_0_L2A,7,59.160525,0.0,0.0,
ftw-austria-001,fields-of-the-world,austria,0.3212,2023-01-03,S2A_33UUP_20230103_0_L2A,8,99.997813,1.0,1.0,
ftw-austria-001,fields-of-the-world,austria,0.3212,2023-02-14,S2B_33UUP_20230214_0_L2A,8,44.695643,1.0,1.0,
ftw-austria-001,fields-of-the-world,austria,0.3212,2023-03-31,S2A_33UUP_20230331_0_L2A,8,99.397987,1.0,1.0,
ftw-austria-001,fields-of-the-world,austria,0.3212,2023-05-15,S2B_33UUP_20230515_0_L2A,8,99.544746,1.0,1.0,
ftw-austria-001,fields-of-the-world,austria,0.3212,2023-06-29,S2A_33UUP_20230629_0_L2A,8,1.448163,0.0,0.0,
ftw-austria-001,fields-of-the-world,austria,0.3212,2023-08-16,S2B_33UUP_20230816_0_L2A,8,60.778624,0.0,0.0,
ftw-austria-001,fields-of-the-world,austria,0.3212,2023-09-30,S2A_33UUP_20230930_0_L2A,8,64.132899,1.0,1.0,
ftw-austria-001,fields-of-the-world,austria,0.3212,2023-11-16,S2A_33UUP_20231116_0_L2A,8,40.08624,0.0,0.0,
ftw-austria-001,fields-of-the-world,austria,0.3212,2024-01-03,S2B_33UUP_20240103_0_L2A,8,55.713665,1.0,1.0,
ftw-austria-001,fields-of-the-world,austria,0.3212,2024-02-17,S2A_33UUP_20240217_0_L2A,8,97.212166,1.0,1.0,
ftw-austria-001,fields-of-the-world,austria,0.3212,2024-04-02,S2B_33UUP_20240402_0_L2A,8,80.784494,1.0,1.0,
ftw-austria-001,fields-of-the-world,austria,0.3212,2024-05-19,S2B_33UUP_20240519_0_L2A,8,37.945944,0.0,0.0,
ftw-austria-001,fields-of-the-world,austria,0.3212,2024-07-03,S2A_33UUP_20240703_0_L2A,8,86.675429,1.0,1.0,
ftw-austria-001,fields-of-the-world,austria,0.3212,2024-08-20,S2B_33UUP_20240820_0_L2A,8,78.610474,0.0,0.0,
ftw-austria-001,fields-of-the-world,austria,0.3212,2024-10-09,S2B_33UUP_20241009_0_L2A,8,0.034041,0.0,0.0,
ftw-austria-001,fields-of-the-world,austria,0.3212,2024-11-23,S2A_33UUP_20241123_0_L2A,8,59.160525,0.0,0.0,
ftw-austria-002,fields-of-the-world,austria,0.3556,2023-01-03,S2A_33UUP_20230103_0_L2A,8,99.997813,1.0,1.0,
ftw-austria-002,fields-of-the-world,austria,0.3556,2023-02-14,S2B_33UUP_20230214_0_L2A,8,44.695643,1.0,1.0,
ftw-austria-002,fields-of-the-world,austria,0.3556,2023-03-31,S2A_33UUP_20230331_0_L2A,8,99.397987,1.0,1.0,
ftw-austria-002,fields-of-the-world,austria,0.3556,2023-05-15,S2B_33UUP_20230515_0_L2A,8,99.544746,1.0,1.0,
ftw-austria-002,fields-of-the-world,austria,0.3556,2023-06-29,S2A_33UUP_20230629_0_L2A,8,1.448163,0.0,0.0,
ftw-austria-002,fields-of-the-world,austria,0.3556,2023-08-16,S2B_33UUP_20230816_0_L2A,8,60.778624,0.0,0.0,
ftw-austria-002,fields-of-the-world,austria,0.3556,2023-09-30,S2A_33UUP_20230930_0_L2A,8,64.132899,1.0,1.0,
ftw-austria-002,fields-of-the-world,austria,0.3556,2023-11-16,S2A_33UUP_20231116_0_L2A,8,40.08624,0.0,0.0,
ftw-austria-002,fields-of-the-world,austria,0.3556,2024-01-03,S2B_33UUP_20240103_0_L2A,8,55.713665,1.0,1.0,
ftw-austria-002,fields-of-the-world,austria,0.3556,2024-02-17,S2A_33UUP_20240217_0_L2A,8,97.212166,1.0,1.0,
ftw-austria-002,fields-of-the-world,austria,0.3556,2024-04-02,S2B_33UUP_20240402_0_L2A,8,80.784494,1.0,1.0,
ftw-austria-002,fields-of-the-world,austria,0.3556,2024-05-19,S2B_33UUP_20240519_0_L2A,8,37.945944,1.0,1.0,
ftw-austria-002,fields-of-the-world,austria,0.3556,2024-07-03,S2A_33UUP_20240703_0_L2A,8,86.675429,1.0,1.0,
ftw-austria-002,fields-of-the-world,austria,0.3556,2024-08-20,S2B_33UUP_20240820_0_L2A,8,78.610474,1.0,1.0,
ftw-austria-002,fields-of-the-world,austria,0.3556,2024-10-09,S2B_33UUP_20241009_0_L2A,8,0.034041,0.0,0.0,
ftw-austria-002,fields-of-the-world,austria,0.3556,2024-11-23,S2A_33UUP_20241123_0_L2A,8,59.160525,0.0,0.0,
ftw-austria-003,fields-of-the-world,austria,0.5117,2023-01-03,S2A_33UUP_20230103_0_L2A,13,99.997813,1.0,1.0,
ftw-austria-003,fields-of-the-world,austria,0.5117,2023-02-14,S2B_33UUP_20230214_0_L2A,13,44.695643,1.0,1.0,
ftw-austria-003,fields-of-the-world,austria,0.5117,2023-03-31,S2A_33UUP_20230331_0_L2A,13,99.397987,1.0,1.0,
ftw-austria-003,fields-of-the-world,austria,0.5117,2023-05-15,S2B_33UUP_20230515_0_L2A,13,99.544746,1.0,1.0,
ftw-austria-003,fields-of-the-world,austria,0.5117,2023-06-29,S2A_33UUP_20230629_0_L2A,13,1.448163,0.0,0.0,
ftw-austria-003,fields-of-the-world,austria,0.5117,2023-08-16,S2B_33UUP_20230816_0_L2A,13,60.778624,0.0,0.0,
ftw-austria-003,fields-of-the-world,austria,0.5117,2023-09-30,S2A_33UUP_20230930_0_L2A,13,64.132899,1.0,1.0,
ftw-austria-003,fields-of-the-world,austria,0.5117,2023-11-16,S2A_33UUP_20231116_0_L2A,13,40.08624,0.0,0.0,
ftw-austria-003,fields-of-the-world,austria,0.5117,2024-01-03,S2B_33UUP_20240103_0_L2A,13,55.713665,1.0,1.0,
ftw-austria-003,fields-of-the-world,austria,0.5117,2024-02-17,S2A_33UUP_20240217_0_L2A,13,97.212166,1.0,1.0,
ftw-austria-003,fields-of-the-world,austria,0.5117,2024-04-02,S2B_33UUP_20240402_0_L2A,13,80.784494,1.0,1.0,
ftw-austria-003,fields-of-the-world,austria,0.5117,2024-05-19,S2B_33UUP_20240519_0_L2A,13,37.945944,1.0,1.0,
ftw-austria-003,fields-of-the-world,austria,0.5117,2024-07-03,S2A_33UUP_20240703_0_L2A,13,86.675429,1.0,1.0,
ftw-austria-003,fields-of-the-world,austria,0.5117,2024-08-20,S2B_33UUP_20240820_0_L2A,13,78.610474,0.3076923076923077,0.3076923076923077,
ftw-austria-003,fields-of-the-world,austria,0.5117,2024-10-09,S2B_33UUP_20241009_0_L2A,13,0.034041,0.0,0.0,
ftw-austria-003,fields-of-the-world,austria,0.5117,2024-11-23,S2A_33UUP_20241123_0_L2A,13,59.160525,0.0,0.0,
ftw-austria-004,fields-of-the-world,austria,0.6679,2023-01-03,S2A_33UUP_20230103_0_L2A,17,99.997813,1.0,1.0,
ftw-austria-004,fields-of-the-world,austria,0.6679,2023-02-14,S2B_33UUP_20230214_0_L2A,17,44.695643,1.0,1.0,
ftw-austria-004,fields-of-the-world,austria,0.6679,2023-03-31,S2A_33UUP_20230331_0_L2A,17,99.397987,1.0,1.0,
ftw-austria-004,fields-of-the-world,austria,0.6679,2023-05-15,S2B_33UUP_20230515_0_L2A,17,99.544746,1.0,1.0,
ftw-austria-004,fields-of-the-world,austria,0.6679,2023-06-29,S2A_33UUP_20230629_0_L2A,17,1.448163,0.0,0.0,
ftw-austria-004,fields-of-the-world,austria,0.6679,2023-08-16,S2B_33UUP_20230816_0_L2A,17,60.778624,0.0,0.0,
ftw-austria-004,fields-of-the-world,austria,0.6679,2023-09-30,S2A_33UUP_20230930_0_L2A,17,64.132899,1.0,1.0,
ftw-austria-004,fields-of-the-world,austria,0.6679,2023-11-16,S2A_33UUP_20231116_0_L2A,17,40.08624,0.0,0.0,
ftw-austria-004,fields-of-the-world,austria,0.6679,2024-01-03,S2B_33UUP_20240103_0_L2A,17,55.713665,1.0,1.0,
ftw-austria-004,fields-of-the-world,austria,0.6679,2024-02-17,S2A_33UUP_20240217_0_L2A,17,97.212166,1.0,1.0,
ftw-austria-004,fields-of-the-world,austria,0.6679,2024-04-02,S2B_33UUP_20240402_0_L2A,17,80.784494,1.0,1.0,
ftw-austria-004,fields-of-the-world,austria,0.6679,2024-05-19,S2B_33UUP_20240519_0_L2A,17,37.945944,1.0,1.0,
ftw-austria-004,fields-of-the-world,austria,0.6679,2024-07-03,S2A_33UUP_20240703_0_L2A,17,86.675429,1.0,1.0,
ftw-austria-004,fields-of-the-world,austria,0.6679,2024-08-20,S2B_33UUP_20240820_0_L2A,17,78.610474,0.7647058823529411,0.7647058823529411,
ftw-austria-004,fields-of-the-world,austria,0.6679,2024-10-09,S2B_33UUP_20241009_0_L2A,17,0.034041,0.0,0.0,
ftw-austria-004,fields-of-the-world,austria,0.6679,2024-11-23,S2A_33UUP_20241123_0_L2A,17,59.160525,0.0,0.0,
ftw-austria-005,fields-of-the-world,austria,0.8216,2023-01-03,S2A_33UUP_20230103_0_L2A,18,99.997813,1.0,1.0,
ftw-austria-005,fields-of-the-world,austria,0.8216,2023-02-14,S2B_33UUP_20230214_0_L2A,18,44.695643,1.0,1.0,
ftw-austria-005,fields-of-the-world,austria,0.8216,2023-03-31,S2A_33UUP_20230331_0_L2A,18,99.397987,1.0,1.0,
ftw-austria-005,fields-of-the-world,austria,0.8216,2023-05-15,S2B_33UUP_20230515_0_L2A,18,99.544746,1.0,1.0,
ftw-austria-005,fields-of-the-world,austria,0.8216,2023-06-29,S2A_33UUP_20230629_0_L2A,18,1.448163,0.0,0.0,
ftw-austria-005,fields-of-the-world,austria,0.8216,2023-08-16,S2B_33UUP_20230816_0_L2A,18,60.778624,0.05555555555555555,0.05555555555555555,
ftw-austria-005,fields-of-the-world,austria,0.8216,2023-09-30,S2A_33UUP_20230930_0_L2A,18,64.132899,0.0,0.0,
ftw-austria-005,fields-of-the-world,austria,0.8216,2023-11-16,S2A_33UUP_20231116_0_L2A,18,40.08624,1.0,1.0,
ftw-austria-005,fields-of-the-world,austria,0.8216,2024-01-03,S2B_33UUP_20240103_0_L2A,18,55.713665,1.0,1.0,
ftw-austria-005,fields-of-the-world,austria,0.8216,2024-02-17,S2A_33UUP_20240217_0_L2A,18,97.212166,1.0,1.0,
ftw-austria-005,fields-of-the-world,austria,0.8216,2024-04-02,S2B_33UUP_20240402_0_L2A,18,80.784494,0.0,0.0,
ftw-austria-005,fields-of-the-world,austria,0.8216,2024-05-19,S2B_33UUP_20240519_0_L2A,18,37.945944,1.0,1.0,
ftw-austria-005,fields-of-the-world,austria,0.8216,2024-07-03,S2A_33UUP_20240703_0_L2A,18,86.675429,1.0,1.0,
ftw-austria-005,fields-of-the-world,austria,0.8216,2024-08-20,S2B_33UUP_20240820_0_L2A,18,78.610474,1.0,1.0,
ftw-austria-005,fields-of-the-world,austria,0.8216,2024-10-09,S2B_33UUP_20241009_0_L2A,18,0.034041,0.0,0.0,
ftw-austria-005,fields-of-the-world,austria,0.8216,2024-11-23,S2A_33UUP_20241123_0_L2A,18,59.160525,0.0,0.0,
ftw-austria-006,fields-of-the-world,austria,1.1202,2023-01-03,S2A_33UUP_20230103_0_L2A,26,99.997813,1.0,1.0,
ftw-austria-006,fields-of-the-world,austria,1.1202,2023-02-14,S2B_33UUP_20230214_0_L2A,26,44.695643,1.0,1.0,
ftw-austria-006,fields-of-the-world,austria,1.1202,2023-03-31,S2A_33UUP_20230331_0_L2A,26,99.397987,1.0,1.0,
ftw-austria-006,fields-of-the-world,austria,1.1202,2023-05-15,S2B_33UUP_20230515_0_L2A,26,99.544746,1.0,1.0,
ftw-austria-006,fields-of-the-world,austria,1.1202,2023-06-29,S2A_33UUP_20230629_0_L2A,26,1.448163,0.0,0.0,
ftw-austria-006,fields-of-the-world,austria,1.1202,2023-08-16,S2B_33UUP_20230816_0_L2A,26,60.778624,0.0,0.0,
ftw-austria-006,fields-of-the-world,austria,1.1202,2023-09-30,S2A_33UUP_20230930_0_L2A,26,64.132899,0.0,0.0,
ftw-austria-006,fields-of-the-world,austria,1.1202,2023-11-16,S2A_33UUP_20231116_0_L2A,26,40.08624,1.0,1.0,
ftw-austria-006,fields-of-the-world,austria,1.1202,2024-01-03,S2B_33UUP_20240103_0_L2A,26,55.713665,1.0,1.0,
ftw-austria-006,fields-of-the-world,austria,1.1202,2024-02-17,S2A_33UUP_20240217_0_L2A,26,97.212166,1.0,1.0,
ftw-austria-006,fields-of-the-world,austria,1.1202,2024-04-02,S2B_33UUP_20240402_0_L2A,26,80.784494,0.8846153846153846,0.8846153846153846,
ftw-austria-006,fields-of-the-world,austria,1.1202,2024-05-19,S2B_33UUP_20240519_0_L2A,26,37.945944,1.0,1.0,
ftw-austria-006,fields-of-the-world,austria,1.1202,2024-07-03,S2A_33UUP_20240703_0_L2A,26,86.675429,1.0,1.0,
ftw-austria-006,fields-of-the-world,austria,1.1202,2024-08-20,S2B_33UUP_20240820_0_L2A,26,78.610474,1.0,1.0,
ftw-austria-006,fields-of-the-world,austria,1.1202,2024-10-09,S2B_33UUP_20241009_0_L2A,26,0.034041,0.0,0.0,
ftw-austria-006,fields-of-the-world,austria,1.1202,2024-11-23,S2A_33UUP_20241123_0_L2A,26,59.160525,0.0,0.0,
ftw-austria-007,fields-of-the-world,austria,1.3041,2023-01-03,S2A_33UUP_20230103_0_L2A,34,99.997813,1.0,1.0,
ftw-austria-007,fields-of-the-world,austria,1.3041,2023-02-14,S2B_33UUP_20230214_0_L2A,34,44.695643,1.0,1.0,
ftw-austria-007,fields-of-the-world,austria,1.3041,2023-03-31,S2A_33UUP_20230331_0_L2A,34,99.397987,1.0,1.0,
ftw-austria-007,fields-of-the-world,austria,1.3041,2023-05-15,S2B_33UUP_20230515_0_L2A,34,99.544746,1.0,1.0,
ftw-austria-007,fields-of-the-world,austria,1.3041,2023-06-29,S2A_33UUP_20230629_0_L2A,34,1.448163,0.0,0.0,
ftw-austria-007,fields-of-the-world,austria,1.3041,2023-08-16,S2B_33UUP_20230816_0_L2A,34,60.778624,0.0,0.0,
ftw-austria-007,fields-of-the-world,austria,1.3041,2023-09-30,S2A_33UUP_20230930_0_L2A,34,64.132899,0.0,0.0,
ftw-austria-007,fields-of-the-world,austria,1.3041,2023-11-16,S2A_33UUP_20231116_0_L2A,34,40.08624,1.0,1.0,
ftw-austria-007,fields-of-the-world,austria,1.3041,2024-01-03,S2B_33UUP_20240103_0_L2A,34,55.713665,1.0,1.0,
ftw-austria-007,fields-of-the-world,austria,1.3041,2024-02-17,S2A_33UUP_20240217_0_L2A,34,97.212166,1.0,1.0,
ftw-austria-007,fields-of-the-world,austria,1.3041,2024-04-02,S2B_33UUP_20240402_0_L2A,34,80.784494,1.0,1.0,
ftw-austria-007,fields-of-the-world,austria,1.3041,2024-05-19,S2B_33UUP_20240519_0_L2A,34,37.945944,1.0,1.0,
ftw-austria-007,fields-of-the-world,austria,1.3041,2024-07-03,S2A_33UUP_20240703_0_L2A,34,86.675429,1.0,1.0,
ftw-austria-007,fields-of-the-world,austria,1.3041,2024-08-20,S2B_33UUP_20240820_0_L2A,34,78.610474,1.0,1.0,
ftw-austria-007,fields-of-the-world,austria,1.3041,2024-10-09,S2B_33UUP_20241009_0_L2A,34,0.034041,0.0,0.0,
ftw-austria-007,fields-of-the-world,austria,1.3041,2024-11-23,S2A_33UUP_20241123_0_L2A,34,59.160525,0.0,0.0,
ftw-austria-008,fields-of-the-world,austria,1.7455,2023-01-03,S2A_33UUP_20230103_0_L2A,47,99.997813,1.0,1.0,
ftw-austria-008,fields-of-the-world,austria,1.7455,2023-02-14,S2B_33UUP_20230214_0_L2A,47,44.695643,1.0,1.0,
ftw-austria-008,fields-of-the-world,austria,1.7455,2023-03-31,S2A_33UUP_20230331_0_L2A,47,99.397987,1.0,1.0,
ftw-austria-008,fields-of-the-world,austria,1.7455,2023-05-15,S2B_33UUP_20230515_0_L2A,47,99.544746,1.0,1.0,
ftw-austria-008,fields-of-the-world,austria,1.7455,2023-06-29,S2A_33UUP_20230629_0_L2A,47,1.448163,0.0,0.0,
ftw-austria-008,fields-of-the-world,austria,1.7455,2023-08-16,S2B_33UUP_20230816_0_L2A,47,60.778624,0.0,0.0,
ftw-austria-008,fields-of-the-world,austria,1.7455,2023-09-30,S2A_33UUP_20230930_0_L2A,47,64.132899,1.0,1.0,
ftw-austria-008,fields-of-the-world,austria,1.7455,2023-11-16,S2A_33UUP_20231116_0_L2A,47,40.08624,0.0,0.0,
ftw-austria-008,fields-of-the-world,austria,1.7455,2024-01-03,S2B_33UUP_20240103_0_L2A,47,55.713665,1.0,1.0,
ftw-austria-008,fields-of-the-world,austria,1.7455,2024-02-17,S2A_33UUP_20240217_0_L2A,47,97.212166,1.0,1.0,
ftw-austria-008,fields-of-the-world,austria,1.7455,2024-04-02,S2B_33UUP_20240402_0_L2A,47,80.784494,1.0,1.0,
ftw-austria-008,fields-of-the-world,austria,1.7455,2024-05-19,S2B_33UUP_20240519_0_L2A,47,37.945944,0.0,0.0,
ftw-austria-008,fields-of-the-world,austria,1.7455,2024-07-03,S2A_33UUP_20240703_0_L2A,47,86.675429,1.0,1.0,
ftw-austria-008,fields-of-the-world,austria,1.7455,2024-08-20,S2B_33UUP_20240820_0_L2A,47,78.610474,0.0,0.0,
ftw-austria-008,fields-of-the-world,austria,1.7455,2024-10-09,S2B_33UUP_20241009_0_L2A,47,0.034041,0.0,0.0,
ftw-austria-008,fields-of-the-world,austria,1.7455,2024-11-23,S2A_33UUP_20241123_0_L2A,47,59.160525,0.0,0.0,
ftw-austria-009,fields-of-the-world,austria,2.0636,2023-01-03,S2A_33UUP_20230103_0_L2A,53,99.997813,1.0,1.0,
ftw-austria-009,fields-of-the-world,austria,2.0636,2023-02-14,S2B_33UUP_20230214_0_L2A,53,44.695643,1.0,1.0,
ftw-austria-009,fields-of-the-world,austria,2.0636,2023-03-31,S2A_33UUP_20230331_0_L2A,53,99.397987,1.0,1.0,
ftw-austria-009,fields-of-the-world,austria,2.0636,2023-05-15,S2B_33UUP_20230515_0_L2A,53,99.544746,1.0,1.0,
ftw-austria-009,fields-of-the-world,austria,2.0636,2023-06-29,S2A_33UUP_20230629_0_L2A,53,1.448163,0.0,0.0,
ftw-austria-009,fields-of-the-world,austria,2.0636,2023-08-16,S2B_33UUP_20230816_0_L2A,53,60.778624,0.2641509433962264,0.2641509433962264,
ftw-austria-009,fields-of-the-world,austria,2.0636,2023-09-30,S2A_33UUP_20230930_0_L2A,53,64.132899,0.0,0.0,
ftw-austria-009,fields-of-the-world,austria,2.0636,2023-11-16,S2A_33UUP_20231116_0_L2A,53,40.08624,1.0,1.0,
ftw-austria-009,fields-of-the-world,austria,2.0636,2024-01-03,S2B_33UUP_20240103_0_L2A,53,55.713665,0.22641509433962265,0.22641509433962265,
ftw-austria-009,fields-of-the-world,austria,2.0636,2024-02-17,S2A_33UUP_20240217_0_L2A,53,97.212166,1.0,1.0,
ftw-austria-009,fields-of-the-world,austria,2.0636,2024-04-02,S2B_33UUP_20240402_0_L2A,53,80.784494,0.0,0.0,
ftw-austria-009,fields-of-the-world,austria,2.0636,2024-05-19,S2B_33UUP_20240519_0_L2A,53,37.945944,1.0,1.0,
ftw-austria-009,fields-of-the-world,austria,2.0636,2024-07-03,S2A_33UUP_20240703_0_L2A,53,86.675429,1.0,1.0,
ftw-austria-009,fields-of-the-world,austria,2.0636,2024-08-20,S2B_33UUP_20240820_0_L2A,53,78.610474,1.0,1.0,
ftw-austria-009,fields-of-the-world,austria,2.0636,2024-10-09,S2B_33UUP_20241009_0_L2A,53,0.034041,0.0,0.0,
ftw-austria-009,fields-of-the-world,austria,2.0636,2024-11-23,S2A_33UUP_20241123_0_L2A,53,59.160525,0.0,0.0,
ftw-austria-010,fields-of-the-world,austria,2.4644,2023-01-03,S2A_33UUP_20230103_0_L2A,63,99.997813,1.0,1.0,
ftw-austria-010,fields-of-the-world,austria,2.4644,2023-02-14,S2B_33UUP_20230214_0_L2A,63,44.695643,1.0,1.0,
ftw-austria-010,fields-of-the-world,austria,2.4644,2023-03-31,S2A_33UUP_20230331_0_L2A,63,99.397987,1.0,1.0,
ftw-austria-010,fields-of-the-world,austria,2.4644,2023-05-15,S2B_33UUP_20230515_0_L2A,63,99.544746,1.0,1.0,
ftw-austria-010,fields-of-the-world,austria,2.4644,2023-06-29,S2A_33UUP_20230629_0_L2A,63,1.448163,0.0,0.0,
ftw-austria-010,fields-of-the-world,austria,2.4644,2023-08-16,S2B_33UUP_20230816_0_L2A,63,60.778624,0.0,0.0,
ftw-austria-010,fields-of-the-world,austria,2.4644,2023-09-30,S2A_33UUP_20230930_0_L2A,63,64.132899,1.0,1.0,
ftw-austria-010,fields-of-the-world,austria,2.4644,2023-11-16,S2A_33UUP_20231116_0_L2A,63,40.08624,0.0,0.0,
ftw-austria-010,fields-of-the-world,austria,2.4644,2024-01-03,S2B_33UUP_20240103_0_L2A,63,55.713665,1.0,1.0,
ftw-austria-010,fields-of-the-world,austria,2.4644,2024-02-17,S2A_33UUP_20240217_0_L2A,63,97.212166,1.0,1.0,
ftw-austria-010,fields-of-the-world,austria,2.4644,2024-04-02,S2B_33UUP_20240402_0_L2A,63,80.784494,1.0,1.0,
ftw-austria-010,fields-of-the-world,austria,2.4644,2024-05-19,S2B_33UUP_20240519_0_L2A,63,37.945944,0.0,0.0,
ftw-austria-010,fields-of-the-world,austria,2.4644,2024-07-03,S2A_33UUP_20240703_0_L2A,63,86.675429,1.0,1.0,
ftw-austria-010,fields-of-the-world,austria,2.4644,2024-08-20,S2B_33UUP_20240820_0_L2A,63,78.610474,0.0,0.0,
ftw-austria-010,fields-of-the-world,austria,2.4644,2024-10-09,S2B_33UUP_20241009_0_L2A,63,0.034041,0.0,0.0,
ftw-austria-010,fields-of-the-world,austria,2.4644,2024-11-23,S2A_33UUP_20241123_0_L2A,63,59.160525,0.0,0.0,
ftw-austria-011,fields-of-the-world,austria,3.4956,2023-01-03,S2A_33UUP_20230103_0_L2A,86,99.997813,1.0,1.0,
ftw-austria-011,fields-of-the-world,austria,3.4956,2023-02-14,S2B_33UUP_20230214_0_L2A,86,44.695643,1.0,1.0,
ftw-austria-011,fields-of-the-world,austria,3.4956,2023-03-31,S2A_33UUP_20230331_0_L2A,86,99.397987,1.0,1.0,
ftw-austria-011,fields-of-the-world,austria,3.4956,2023-05-15,S2B_33UUP_20230515_0_L2A,86,99.544746,1.0,1.0,
ftw-austria-011,fields-of-the-world,austria,3.4956,2023-06-29,S2A_33UUP_20230629_0_L2A,86,1.448163,0.0,0.0,
ftw-austria-011,fields-of-the-world,austria,3.4956,2023-08-16,S2B_33UUP_20230816_0_L2A,86,60.778624,0.0,0.0,
ftw-austria-011,fields-of-the-world,austria,3.4956,2023-09-30,S2A_33UUP_20230930_0_L2A,86,64.132899,1.0,1.0,
ftw-austria-011,fields-of-the-world,austria,3.4956,2023-11-16,S2A_33UUP_20231116_0_L2A,86,40.08624,0.10465116279069768,0.10465116279069768,
ftw-austria-011,fields-of-the-world,austria,3.4956,2024-01-03,S2B_33UUP_20240103_0_L2A,86,55.713665,1.0,1.0,
ftw-austria-011,fields-of-the-world,austria,3.4956,2024-02-17,S2A_33UUP_20240217_0_L2A,86,97.212166,1.0,1.0,
ftw-austria-011,fields-of-the-world,austria,3.4956,2024-04-02,S2B_33UUP_20240402_0_L2A,86,80.784494,1.0,1.0,
ftw-austria-011,fields-of-the-world,austria,3.4956,2024-05-19,S2B_33UUP_20240519_0_L2A,86,37.945944,1.0,1.0,
ftw-austria-011,fields-of-the-world,austria,3.4956,2024-07-03,S2A_33UUP_20240703_0_L2A,86,86.675429,1.0,1.0,
ftw-austria-011,fields-of-the-world,austria,3.4956,2024-08-20,S2B_33UUP_20240820_0_L2A,86,78.610474,0.9069767441860465,0.9069767441860465,
ftw-austria-011,fields-of-the-world,austria,3.4956,2024-10-09,S2B_33UUP_20241009_0_L2A,86,0.034041,0.0,0.0,
ftw-austria-011,fields-of-the-world,austria,3.4956,2024-11-23,S2A_33UUP_20241123_0_L2A,86,59.160525,0.0,0.10465116279069768,
ftw-austria-012,fields-of-the-world,austria,5.5912,2023-01-03,S2A_33UUP_20230103_0_L2A,137,99.997813,1.0,1.0,
ftw-austria-012,fields-of-the-world,austria,5.5912,2023-02-14,S2B_33UUP_20230214_0_L2A,137,44.695643,1.0,1.0,
ftw-austria-012,fields-of-the-world,austria,5.5912,2023-03-31,S2A_33UUP_20230331_0_L2A,137,99.397987,1.0,1.0,
ftw-austria-012,fields-of-the-world,austria,5.5912,2023-05-15,S2B_33UUP_20230515_0_L2A,137,99.544746,1.0,1.0,
ftw-austria-012,fields-of-the-world,austria,5.5912,2023-06-29,S2A_33UUP_20230629_0_L2A,137,1.448163,0.0,0.0,
ftw-austria-012,fields-of-the-world,austria,5.5912,2023-08-16,S2B_33UUP_20230816_0_L2A,137,60.778624,0.0,0.0,
ftw-austria-012,fields-of-the-world,austria,5.5912,2023-09-30,S2A_33UUP_20230930_0_L2A,137,64.132899,1.0,1.0,
ftw-austria-012,fields-of-the-world,austria,5.5912,2023-11-16,S2A_33UUP_20231116_0_L2A,137,40.08624,0.0,0.0,
ftw-austria-012,fields-of-the-world,austria,5.5912,2024-01-03,S2B_33UUP_20240103_0_L2A,137,55.713665,1.0,1.0,
ftw-austria-012,fields-of-the-world,austria,5.5912,2024-02-17,S2A_33UUP_20240217_0_L2A,137,97.212166,1.0,1.0,
ftw-austria-012,fields-of-the-world,austria,5.5912,2024-04-02,S2B_33UUP_20240402_0_L2A,137,80.784494,1.0,1.0,
ftw-austria-012,fields-of-the-world,austria,5.5912,2024-05-19,S2B_33UUP_20240519_0_L2A,137,37.945944,0.0,0.0,
ftw-austria-012,fields-of-the-world,austria,5.5912,2024-07-03,S2A_33UUP_20240703_0_L2A,137,86.675429,1.0,1.0,
ftw-austria-012,fields-of-the-world,austria,5.5912,2024-08-20,S2B_33UUP_20240820_0_L2A,137,78.610474,0.0948905109489051,0.0948905109489051,
ftw-austria-012,fields-of-the-world,austria,5.5912,2024-10-09,S2B_33UUP_20241009_0_L2A,137,0.034041,0.0,0.0,
ftw-austria-012,fields-of-the-world,austria,5.5912,2024-11-23,S2A_33UUP_20241123_0_L2A,137,59.160525,0.0,0.0,
ftw-austria-013,fields-of-the-world,austria,6.1921,2023-01-03,S2A_33UUP_20230103_0_L2A,153,99.997813,1.0,1.0,
ftw-austria-013,fields-of-the-world,austria,6.1921,2023-02-14,S2B_33UUP_20230214_0_L2A,153,44.695643,1.0,1.0,
ftw-austria-013,fields-of-the-world,austria,6.1921,2023-03-31,S2A_33UUP_20230331_0_L2A,153,99.397987,1.0,1.0,
ftw-austria-013,fields-of-the-world,austria,6.1921,2023-05-15,S2B_33UUP_20230515_0_L2A,153,99.544746,1.0,1.0,
ftw-austria-013,fields-of-the-world,austria,6.1921,2023-06-29,S2A_33UUP_20230629_0_L2A,153,1.448163,0.0,0.0,
ftw-austria-013,fields-of-the-world,austria,6.1921,2023-08-16,S2B_33UUP_20230816_0_L2A,153,60.778624,0.9281045751633987,0.9281045751633987,
ftw-austria-013,fields-of-the-world,austria,6.1921,2023-09-30,S2A_33UUP_20230930_0_L2A,153,64.132899,1.0,1.0,
ftw-austria-013,fields-of-the-world,austria,6.1921,2023-11-16,S2A_33UUP_20231116_0_L2A,153,40.08624,0.0,0.0,
ftw-austria-013,fields-of-the-world,austria,6.1921,2024-01-03,S2B_33UUP_20240103_0_L2A,153,55.713665,1.0,1.0,
ftw-austria-013,fields-of-the-world,austria,6.1921,2024-02-17,S2A_33UUP_20240217_0_L2A,153,97.212166,1.0,1.0,
ftw-austria-013,fields-of-the-world,austria,6.1921,2024-04-02,S2B_33UUP_20240402_0_L2A,153,80.784494,0.9803921568627451,0.9803921568627451,
ftw-austria-013,fields-of-the-world,austria,6.1921,2024-05-19,S2B_33UUP_20240519_0_L2A,153,37.945944,1.0,1.0,
ftw-austria-013,fields-of-the-world,austria,6.1921,2024-07-03,S2A_33UUP_20240703_0_L2A,153,86.675429,1.0,1.0,
ftw-austria-013,fields-of-the-world,austria,6.1921,2024-08-20,S2B_33UUP_20240820_0_L2A,153,78.610474,1.0,1.0,
ftw-austria-013,fields-of-the-world,austria,6.1921,2024-10-09,S2B_33UUP_20241009_0_L2A,153,0.034041,0.0,0.0,
ftw-austria-013,fields-of-the-world,austria,6.1921,2024-11-23,S2A_33UUP_20241123_0_L2A,153,59.160525,0.0,0.0,
ftw-austria-014,fields-of-the-world,austria,7.0016,2023-01-03,S2A_33UUP_20230103_0_L2A,179,99.997813,1.0,1.0,
ftw-austria-014,fields-of-the-world,austria,7.0016,2023-02-14,S2B_33UUP_20230214_0_L2A,179,44.695643,1.0,1.0,
ftw-austria-014,fields-of-the-world,austria,7.0016,2023-03-31,S2A_33UUP_20230331_0_L2A,179,99.397987,1.0,1.0,
ftw-austria-014,fields-of-the-world,austria,7.0016,2023-05-15,S2B_33UUP_20230515_0_L2A,179,99.544746,1.0,1.0,
ftw-austria-014,fields-of-the-world,austria,7.0016,2023-06-29,S2A_33UUP_20230629_0_L2A,179,1.448163,0.0,0.0,
ftw-austria-014,fields-of-the-world,austria,7.0016,2023-08-16,S2B_33UUP_20230816_0_L2A,179,60.778624,0.0,0.0,
ftw-austria-014,fields-of-the-world,austria,7.0016,2023-09-30,S2A_33UUP_20230930_0_L2A,179,64.132899,1.0,1.0,
ftw-austria-014,fields-of-the-world,austria,7.0016,2023-11-16,S2A_33UUP_20231116_0_L2A,179,40.08624,0.0,0.0,
ftw-austria-014,fields-of-the-world,austria,7.0016,2024-01-03,S2B_33UUP_20240103_0_L2A,179,55.713665,1.0,1.0,
ftw-austria-014,fields-of-the-world,austria,7.0016,2024-02-17,S2A_33UUP_20240217_0_L2A,179,97.212166,1.0,1.0,
ftw-austria-014,fields-of-the-world,austria,7.0016,2024-04-02,S2B_33UUP_20240402_0_L2A,179,80.784494,1.0,1.0,
ftw-austria-014,fields-of-the-world,austria,7.0016,2024-05-19,S2B_33UUP_20240519_0_L2A,179,37.945944,1.0,1.0,
ftw-austria-014,fields-of-the-world,austria,7.0016,2024-07-03,S2A_33UUP_20240703_0_L2A,179,86.675429,1.0,1.0,
ftw-austria-014,fields-of-the-world,austria,7.0016,2024-08-20,S2B_33UUP_20240820_0_L2A,179,78.610474,1.0,1.0,
ftw-austria-014,fields-of-the-world,austria,7.0016,2024-10-09,S2B_33UUP_20241009_0_L2A,179,0.034041,0.0,0.0,
ftw-austria-014,fields-of-the-world,austria,7.0016,2024-11-23,S2A_33UUP_20241123_0_L2A,179,59.160525,0.0,0.0,
ftw-austria-015,fields-of-the-world,austria,7.0231,2023-01-03,S2A_33UUP_20230103_0_L2A,175,99.997813,1.0,1.0,
ftw-austria-015,fields-of-the-world,austria,7.0231,2023-02-14,S2B_33UUP_20230214_0_L2A,175,44.695643,1.0,1.0,
ftw-austria-015,fields-of-the-world,austria,7.0231,2023-03-31,S2A_33UUP_20230331_0_L2A,175,99.397987,1.0,1.0,
ftw-austria-015,fields-of-the-world,austria,7.0231,2023-05-15,S2B_33UUP_20230515_0_L2A,175,99.544746,1.0,1.0,
ftw-austria-015,fields-of-the-world,austria,7.0231,2023-06-29,S2A_33UUP_20230629_0_L2A,175,1.448163,0.0,0.0,
ftw-austria-015,fields-of-the-world,austria,7.0231,2023-08-16,S2B_33UUP_20230816_0_L2A,175,60.778624,0.6742857142857143,0.6742857142857143,
ftw-austria-015,fields-of-the-world,austria,7.0231,2023-09-30,S2A_33UUP_20230930_0_L2A,175,64.132899,1.0,1.0,
ftw-austria-015,fields-of-the-world,austria,7.0231,2023-11-16,S2A_33UUP_20231116_0_L2A,175,40.08624,0.0,0.0,
ftw-austria-015,fields-of-the-world,austria,7.0231,2024-01-03,S2B_33UUP_20240103_0_L2A,175,55.713665,1.0,1.0,
ftw-austria-015,fields-of-the-world,austria,7.0231,2024-02-17,S2A_33UUP_20240217_0_L2A,175,97.212166,1.0,1.0,
ftw-austria-015,fields-of-the-world,austria,7.0231,2024-04-02,S2B_33UUP_20240402_0_L2A,175,80.784494,1.0,1.0,
ftw-austria-015,fields-of-the-world,austria,7.0231,2024-05-19,S2B_33UUP_20240519_0_L2A,175,37.945944,1.0,1.0,
ftw-austria-015,fields-of-the-world,austria,7.0231,2024-07-03,S2A_33UUP_20240703_0_L2A,175,86.675429,1.0,1.0,
ftw-austria-015,fields-of-the-world,austria,7.0231,2024-08-20,S2B_33UUP_20240820_0_L2A,175,78.610474,0.92,0.92,
ftw-austria-015,fields-of-the-world,austria,7.0231,2024-10-09,S2B_33UUP_20241009_0_L2A,175,0.034041,0.0,0.0,
ftw-austria-015,fields-of-the-world,austria,7.0231,2024-11-23,S2A_33UUP_20241123_0_L2A,175,59.160525,0.0,0.0,
ftw-austria-016,fields-of-the-world,austria,7.414,2023-01-03,S2A_33UUP_20230103_0_L2A,186,99.997813,1.0,1.0,
ftw-austria-016,fields-of-the-world,austria,7.414,2023-02-14,S2B_33UUP_20230214_0_L2A,186,44.695643,1.0,1.0,
ftw-austria-016,fields-of-the-world,austria,7.414,2023-03-31,S2A_33UUP_20230331_0_L2A,186,99.397987,1.0,1.0,
ftw-austria-016,fields-of-the-world,austria,7.414,2023-05-15,S2B_33UUP_20230515_0_L2A,186,99.544746,1.0,1.0,
ftw-austria-016,fields-of-the-world,austria,7.414,2023-06-29,S2A_33UUP_20230629_0_L2A,186,1.448163,0.0,0.0,
ftw-austria-016,fields-of-the-world,austria,7.414,2023-08-16,S2B_33UUP_20230816_0_L2A,186,60.778624,0.0,0.0,
ftw-austria-016,fields-of-the-world,austria,7.414,2023-09-30,S2A_33UUP_20230930_0_L2A,186,64.132899,1.0,1.0,
ftw-austria-016,fields-of-the-world,austria,7.414,2023-11-16,S2A_33UUP_20231116_0_L2A,186,40.08624,0.0,0.0,
ftw-austria-016,fields-of-the-world,austria,7.414,2024-01-03,S2B_33UUP_20240103_0_L2A,186,55.713665,1.0,1.0,
ftw-austria-016,fields-of-the-world,austria,7.414,2024-02-17,S2A_33UUP_20240217_0_L2A,186,97.212166,1.0,1.0,
ftw-austria-016,fields-of-the-world,austria,7.414,2024-04-02,S2B_33UUP_20240402_0_L2A,186,80.784494,1.0,1.0,
ftw-austria-016,fields-of-the-world,austria,7.414,2024-05-19,S2B_33UUP_20240519_0_L2A,186,37.945944,1.0,1.0,
ftw-austria-016,fields-of-the-world,austria,7.414,2024-07-03,S2A_33UUP_20240703_0_L2A,186,86.675429,1.0,1.0,
ftw-austria-016,fields-of-the-world,austria,7.414,2024-08-20,S2B_33UUP_20240820_0_L2A,186,78.610474,1.0,1.0,
ftw-austria-016,fields-of-the-world,austria,7.414,2024-10-09,S2B_33UUP_20241009_0_L2A,186,0.034041,0.0,0.0,
ftw-austria-016,fields-of-the-world,austria,7.414,2024-11-23,S2A_33UUP_20241123_0_L2A,186,59.160525,0.0,0.0913978494623656,
ftw-austria-017,fields-of-the-world,austria,9.0062,2023-01-03,S2A_33UUP_20230103_0_L2A,229,99.997813,1.0,1.0,
ftw-austria-017,fields-of-the-world,austria,9.0062,2023-02-14,S2B_33UUP_20230214_0_L2A,229,44.695643,1.0,1.0,
ftw-austria-017,fields-of-the-world,austria,9.0062,2023-03-31,S2A_33UUP_20230331_0_L2A,229,99.397987,1.0,1.0,
ftw-austria-017,fields-of-the-world,austria,9.0062,2023-05-15,S2B_33UUP_20230515_0_L2A,229,99.544746,1.0,1.0,
ftw-austria-017,fields-of-the-world,austria,9.0062,2023-06-29,S2A_33UUP_20230629_0_L2A,229,1.448163,0.0,0.0,
ftw-austria-017,fields-of-the-world,austria,9.0062,2023-08-16,S2B_33UUP_20230816_0_L2A,229,60.778624,0.5589519650655022,0.5589519650655022,
ftw-austria-017,fields-of-the-world,austria,9.0062,2023-09-30,S2A_33UUP_20230930_0_L2A,229,64.132899,0.31877729257641924,0.31877729257641924,
ftw-austria-017,fields-of-the-world,austria,9.0062,2023-11-16,S2A_33UUP_20231116_0_L2A,229,40.08624,1.0,1.0,
ftw-austria-017,fields-of-the-world,austria,9.0062,2024-01-03,S2B_33UUP_20240103_0_L2A,229,55.713665,0.5982532751091703,0.5982532751091703,
ftw-austria-017,fields-of-the-world,austria,9.0062,2024-02-17,S2A_33UUP_20240217_0_L2A,229,97.212166,1.0,1.0,
ftw-austria-017,fields-of-the-world,austria,9.0062,2024-04-02,S2B_33UUP_20240402_0_L2A,229,80.784494,0.14410480349344978,0.14410480349344978,
ftw-austria-017,fields-of-the-world,austria,9.0062,2024-05-19,S2B_33UUP_20240519_0_L2A,229,37.945944,1.0,1.0,
ftw-austria-017,fields-of-the-world,austria,9.0062,2024-07-03,S2A_33UUP_20240703_0_L2A,229,86.675429,1.0,1.0,
ftw-austria-017,fields-of-the-world,austria,9.0062,2024-08-20,S2B_33UUP_20240820_0_L2A,229,78.610474,1.0,1.0,
ftw-austria-017,fields-of-the-world,austria,9.0062,2024-10-09,S2B_33UUP_20241009_0_L2A,229,0.034041,0.0,0.0,
ftw-austria-017,fields-of-the-world,austria,9.0062,2024-11-23,S2A_33UUP_20241123_0_L2A,229,59.160525,0.0,0.0,
ftw-belgium-000,fields-of-the-world,belgium,0.2005,2023-01-03,S2B_31UES_20230103_0_L2A,4,66.680092,1.0,1.0,
ftw-belgium-000,fields-of-the-world,belgium,0.2005,2023-02-17,S2A_31UES_20230217_0_L2A,4,100,1.0,1.0,
ftw-belgium-000,fields-of-the-world,belgium,0.2005,2023-04-05,S2A_31UES_20230405_0_L2A,4,36.74466,1.0,1.0,
ftw-belgium-000,fields-of-the-world,belgium,0.2005,2023-05-23,S2B_31UES_20230523_0_L2A,4,79.893571,1.0,1.0,
ftw-belgium-000,fields-of-the-world,belgium,0.2005,2023-07-09,S2B_31UES_20230709_0_L2A,4,99.403763,1.0,1.0,
ftw-belgium-000,fields-of-the-world,belgium,0.2005,2023-08-26,S2A_31UES_20230826_0_L2A,4,67.569226,0.0,0.0,
ftw-belgium-000,fields-of-the-world,belgium,0.2005,2023-10-10,S2B_31UES_20231010_0_L2A,4,15.590371,0.0,0.0,
ftw-belgium-000,fields-of-the-world,belgium,0.2005,2023-11-26,S2B_31UES_20231126_0_L2A,4,100,1.0,1.0,
ftw-belgium-000,fields-of-the-world,belgium,0.2005,2024-01-13,S2A_31UES_20240113_0_L2A,4,99.998599,1.0,1.0,
ftw-belgium-000,fields-of-the-world,belgium,0.2005,2024-03-03,S2A_31UES_20240303_0_L2A,4,99.999928,1.0,1.0,
ftw-belgium-000,fields-of-the-world,belgium,0.2005,2024-04-19,S2A_31UES_20240419_0_L2A,4,99.57819,1.0,1.0,
ftw-belgium-000,fields-of-the-world,belgium,0.2005,2024-06-03,S2B_31UES_20240603_0_L2A,4,94.662851,1.0,1.0,
ftw-belgium-000,fields-of-the-world,belgium,0.2005,2024-07-21,S2A_31UES_20240721_0_L2A,4,98.155779,1.0,1.0,
ftw-belgium-000,fields-of-the-world,belgium,0.2005,2024-09-06,S2A_31UES_20240906_0_L2A,4,99.999124,1.0,1.0,
ftw-belgium-000,fields-of-the-world,belgium,0.2005,2024-10-24,S2B_31UES_20241024_0_L2A,4,0.014611,0.0,0.0,
ftw-belgium-000,fields-of-the-world,belgium,0.2005,2024-11-28,S2A_31UES_20241128_0_L2A,4,23.652168,1.0,1.0,
ftw-belgium-001,fields-of-the-world,belgium,0.3136,2023-01-03,S2B_31UES_20230103_0_L2A,8,66.680092,1.0,1.0,
ftw-belgium-001,fields-of-the-world,belgium,0.3136,2023-02-17,S2A_31UES_20230217_0_L2A,8,100,1.0,1.0,
ftw-belgium-001,fields-of-the-world,belgium,0.3136,2023-04-05,S2A_31UES_20230405_0_L2A,8,36.74466,0.0,0.0,
ftw-belgium-001,fields-of-the-world,belgium,0.3136,2023-05-23,S2B_31UES_20230523_0_L2A,8,79.893571,0.0,0.0,
ftw-belgium-001,fields-of-the-world,belgium,0.3136,2023-07-09,S2B_31UES_20230709_0_L2A,8,99.403763,1.0,1.0,
ftw-belgium-001,fields-of-the-world,belgium,0.3136,2023-08-26,S2A_31UES_20230826_0_L2A,8,67.569226,1.0,1.0,
ftw-belgium-001,fields-of-the-world,belgium,0.3136,2023-10-10,S2B_31UES_20231010_0_L2A,8,15.590371,0.0,0.0,
ftw-belgium-001,fields-of-the-world,belgium,0.3136,2023-11-26,S2B_31UES_20231126_0_L2A,8,100,1.0,1.0,
ftw-belgium-001,fields-of-the-world,belgium,0.3136,2024-01-13,S2A_31UES_20240113_0_L2A,8,99.998599,1.0,1.0,
ftw-belgium-001,fields-of-the-world,belgium,0.3136,2024-03-03,S2A_31UES_20240303_0_L2A,8,99.999928,1.0,1.0,
ftw-belgium-001,fields-of-the-world,belgium,0.3136,2024-04-19,S2A_31UES_20240419_0_L2A,8,99.57819,1.0,1.0,
ftw-belgium-001,fields-of-the-world,belgium,0.3136,2024-06-03,S2B_31UES_20240603_0_L2A,8,94.662851,1.0,1.0,
ftw-belgium-001,fields-of-the-world,belgium,0.3136,2024-07-21,S2A_31UES_20240721_0_L2A,8,98.155779,1.0,1.0,
ftw-belgium-001,fields-of-the-world,belgium,0.3136,2024-09-06,S2A_31UES_20240906_0_L2A,8,99.999124,1.0,1.0,
ftw-belgium-001,fields-of-the-world,belgium,0.3136,2024-10-24,S2B_31UES_20241024_0_L2A,8,0.014611,0.0,0.0,
ftw-belgium-001,fields-of-the-world,belgium,0.3136,2024-11-28,S2A_31UES_20241128_0_L2A,8,23.652168,0.0,0.0,
ftw-belgium-002,fields-of-the-world,belgium,0.415,2023-01-03,S2B_31UES_20230103_0_L2A,11,66.680092,0.0,0.0,
ftw-belgium-002,fields-of-the-world,belgium,0.415,2023-02-17,S2A_31UES_20230217_0_L2A,11,100,1.0,1.0,
ftw-belgium-002,fields-of-the-world,belgium,0.415,2023-04-05,S2A_31UES_20230405_0_L2A,11,36.74466,0.0,0.0,
ftw-belgium-002,fields-of-the-world,belgium,0.415,2023-05-23,S2B_31UES_20230523_0_L2A,11,79.893571,1.0,1.0,
ftw-belgium-002,fields-of-the-world,belgium,0.415,2023-07-09,S2B_31UES_20230709_0_L2A,11,99.403763,1.0,1.0,
ftw-belgium-002,fields-of-the-world,belgium,0.415,2023-08-26,S2A_31UES_20230826_0_L2A,11,67.569226,0.0,0.0,
ftw-belgium-002,fields-of-the-world,belgium,0.415,2023-10-10,S2B_31UES_20231010_0_L2A,11,15.590371,0.0,0.0,
ftw-belgium-002,fields-of-the-world,belgium,0.415,2023-11-26,S2B_31UES_20231126_0_L2A,11,100,1.0,1.0,
ftw-belgium-002,fields-of-the-world,belgium,0.415,2024-01-13,S2A_31UES_20240113_0_L2A,11,99.998599,1.0,1.0,
ftw-belgium-002,fields-of-the-world,belgium,0.415,2024-03-03,S2A_31UES_20240303_0_L2A,11,99.999928,1.0,1.0,
ftw-belgium-002,fields-of-the-world,belgium,0.415,2024-04-19,S2A_31UES_20240419_0_L2A,11,99.57819,1.0,1.0,
ftw-belgium-002,fields-of-the-world,belgium,0.415,2024-06-03,S2B_31UES_20240603_0_L2A,11,94.662851,1.0,1.0,
ftw-belgium-002,fields-of-the-world,belgium,0.415,2024-07-21,S2A_31UES_20240721_0_L2A,11,98.155779,1.0,1.0,
ftw-belgium-002,fields-of-the-world,belgium,0.415,2024-09-06,S2A_31UES_20240906_0_L2A,11,99.999124,1.0,1.0,
ftw-belgium-002,fields-of-the-world,belgium,0.415,2024-10-24,S2B_31UES_20241024_0_L2A,11,0.014611,0.0,0.0,
ftw-belgium-002,fields-of-the-world,belgium,0.415,2024-11-28,S2A_31UES_20241128_0_L2A,11,23.652168,0.0,0.0,
ftw-belgium-003,fields-of-the-world,belgium,0.51,2023-01-03,S2B_31UES_20230103_0_L2A,10,66.680092,0.0,0.0,
ftw-belgium-003,fields-of-the-world,belgium,0.51,2023-02-17,S2A_31UES_20230217_0_L2A,10,100,1.0,1.0,
ftw-belgium-003,fields-of-the-world,belgium,0.51,2023-04-05,S2A_31UES_20230405_0_L2A,10,36.74466,0.0,0.0,
ftw-belgium-003,fields-of-the-world,belgium,0.51,2023-05-23,S2B_31UES_20230523_0_L2A,10,79.893571,0.0,0.0,
ftw-belgium-003,fields-of-the-world,belgium,0.51,2023-07-09,S2B_31UES_20230709_0_L2A,10,99.403763,1.0,1.0,
ftw-belgium-003,fields-of-the-world,belgium,0.51,2023-08-26,S2A_31UES_20230826_0_L2A,10,67.569226,0.0,0.0,
ftw-belgium-003,fields-of-the-world,belgium,0.51,2023-10-10,S2B_31UES_20231010_0_L2A,10,15.590371,1.0,1.0,
ftw-belgium-003,fields-of-the-world,belgium,0.51,2023-11-26,S2B_31UES_20231126_0_L2A,10,100,1.0,1.0,
ftw-belgium-003,fields-of-the-world,belgium,0.51,2024-01-13,S2A_31UES_20240113_0_L2A,10,99.998599,1.0,1.0,
ftw-belgium-003,fields-of-the-world,belgium,0.51,2024-03-03,S2A_31UES_20240303_0_L2A,10,99.999928,1.0,1.0,
ftw-belgium-003,fields-of-the-world,belgium,0.51,2024-04-19,S2A_31UES_20240419_0_L2A,10,99.57819,1.0,1.0,
ftw-belgium-003,fields-of-the-world,belgium,0.51,2024-06-03,S2B_31UES_20240603_0_L2A,10,94.662851,1.0,1.0,
ftw-belgium-003,fields-of-the-world,belgium,0.51,2024-07-21,S2A_31UES_20240721_0_L2A,10,98.155779,1.0,1.0,
ftw-belgium-003,fields-of-the-world,belgium,0.51,2024-09-06,S2A_31UES_20240906_0_L2A,10,99.999124,1.0,1.0,
ftw-belgium-003,fields-of-the-world,belgium,0.51,2024-10-24,S2B_31UES_20241024_0_L2A,10,0.014611,0.0,0.0,
ftw-belgium-003,fields-of-the-world,belgium,0.51,2024-11-28,S2A_31UES_20241128_0_L2A,10,23.652168,1.0,1.0,
ftw-belgium-004,fields-of-the-world,belgium,0.6277,2023-01-03,S2B_31UES_20230103_0_L2A,14,66.680092,0.0,0.0,
ftw-belgium-004,fields-of-the-world,belgium,0.6277,2023-02-17,S2A_31UES_20230217_0_L2A,14,100,1.0,1.0,
ftw-belgium-004,fields-of-the-world,belgium,0.6277,2023-04-05,S2A_31UES_20230405_0_L2A,14,36.74466,0.0,0.0,
ftw-belgium-004,fields-of-the-world,belgium,0.6277,2023-05-23,S2B_31UES_20230523_0_L2A,14,79.893571,1.0,1.0,
ftw-belgium-004,fields-of-the-world,belgium,0.6277,2023-07-09,S2B_31UES_20230709_0_L2A,14,99.403763,1.0,1.0,
ftw-belgium-004,fields-of-the-world,belgium,0.6277,2023-08-26,S2A_31UES_20230826_0_L2A,14,67.569226,1.0,1.0,
ftw-belgium-004,fields-of-the-world,belgium,0.6277,2023-10-10,S2B_31UES_20231010_0_L2A,14,15.590371,0.0,0.0,
ftw-belgium-004,fields-of-the-world,belgium,0.6277,2023-11-26,S2B_31UES_20231126_0_L2A,14,100,1.0,1.0,
ftw-belgium-004,fields-of-the-world,belgium,0.6277,2024-01-13,S2A_31UES_20240113_0_L2A,14,99.998599,1.0,1.0,
ftw-belgium-004,fields-of-the-world,belgium,0.6277,2024-03-03,S2A_31UES_20240303_0_L2A,14,99.999928,1.0,1.0,
ftw-belgium-004,fields-of-the-world,belgium,0.6277,2024-04-19,S2A_31UES_20240419_0_L2A,14,99.57819,1.0,1.0,
ftw-belgium-004,fields-of-the-world,belgium,0.6277,2024-06-03,S2B_31UES_20240603_0_L2A,14,94.662851,1.0,1.0,
ftw-belgium-004,fields-of-the-world,belgium,0.6277,2024-07-21,S2A_31UES_20240721_0_L2A,14,98.155779,1.0,1.0,
ftw-belgium-004,fields-of-the-world,belgium,0.6277,2024-09-06,S2A_31UES_20240906_0_L2A,14,99.999124,1.0,1.0,
ftw-belgium-004,fields-of-the-world,belgium,0.6277,2024-10-24,S2B_31UES_20241024_0_L2A,14,0.014611,0.0,0.0,
ftw-belgium-004,fields-of-the-world,belgium,0.6277,2024-11-28,S2A_31UES_20241128_0_L2A,14,23.652168,0.0,0.0,
ftw-belgium-005,fields-of-the-world,belgium,0.8245,2023-01-03,S2B_31UES_20230103_0_L2A,17,66.680092,0.0,0.0,
ftw-belgium-005,fields-of-the-world,belgium,0.8245,2023-02-17,S2A_31UDS_20230217_0_L2A,17,99.457812,1.0,1.0,
ftw-belgium-005,fields-of-the-world,belgium,0.8245,2023-04-05,S2A_31UDS_20230405_0_L2A,17,19.702719,1.0,1.0,
ftw-belgium-005,fields-of-the-world,belgium,0.8245,2023-05-23,S2B_31UES_20230523_0_L2A,17,79.893571,0.0,0.0,
ftw-belgium-005,fields-of-the-world,belgium,0.8245,2023-07-09,S2B_31UES_20230709_0_L2A,17,99.403763,1.0,1.0,
ftw-belgium-005,fields-of-the-world,belgium,0.8245,2023-08-26,S2A_31UES_20230826_0_L2A,17,67.569226,1.0,1.0,
ftw-belgium-005,fields-of-the-world,belgium,0.8245,2023-10-10,S2B_31UDS_20231010_0_L2A,17,17.898086,0.0,0.0,
ftw-belgium-005,fields-of-the-world,belgium,0.8245,2023-11-26,S2B_31UDS_20231126_0_L2A,17,100,1.0,1.0,
ftw-belgium-005,fields-of-the-world,belgium,0.8245,2024-01-13,S2A_31UDS_20240113_0_L2A,17,99.979556,1.0,1.0,
ftw-belgium-005,fields-of-the-world,belgium,0.8245,2024-03-03,S2A_31UES_20240303_0_L2A,17,99.999928,1.0,1.0,
ftw-belgium-005,fields-of-the-world,belgium,0.8245,2024-04-19,S2A_31UES_20240419_0_L2A,17,99.57819,1.0,1.0,
ftw-belgium-005,fields-of-the-world,belgium,0.8245,2024-06-03,S2B_31UDS_20240603_0_L2A,17,92.661518,1.0,1.0,
ftw-belgium-005,fields-of-the-world,belgium,0.8245,2024-07-21,S2A_31UDS_20240721_0_L2A,17,78.429019,1.0,1.0,
ftw-belgium-005,fields-of-the-world,belgium,0.8245,2024-09-06,S2A_31UDS_20240906_0_L2A,17,99.996275,1.0,1.0,
ftw-belgium-005,fields-of-the-world,belgium,0.8245,2024-10-24,S2B_31UES_20241024_0_L2A,17,0.014611,0.0,0.0,
ftw-belgium-005,fields-of-the-world,belgium,0.8245,2024-11-28,S2A_31UES_20241128_0_L2A,17,23.652168,0.0,0.0,
ftw-belgium-006,fields-of-the-world,belgium,1.0075,2023-01-03,S2B_31UES_20230103_0_L2A,26,66.680092,0.0,0.0,
ftw-belgium-006,fields-of-the-world,belgium,1.0075,2023-02-17,S2A_31UES_20230217_0_L2A,26,100,1.0,1.0,
ftw-belgium-006,fields-of-the-world,belgium,1.0075,2023-04-05,S2A_31UES_20230405_0_L2A,26,36.74466,0.0,0.0,
ftw-belgium-006,fields-of-the-world,belgium,1.0075,2023-05-23,S2B_31UES_20230523_0_L2A,26,79.893571,1.0,1.0,
ftw-belgium-006,fields-of-the-world,belgium,1.0075,2023-07-09,S2B_31UES_20230709_0_L2A,26,99.403763,1.0,1.0,
ftw-belgium-006,fields-of-the-world,belgium,1.0075,2023-08-26,S2A_31UES_20230826_0_L2A,26,67.569226,0.7307692307692307,0.7307692307692307,
ftw-belgium-006,fields-of-the-world,belgium,1.0075,2023-10-10,S2B_31UES_20231010_0_L2A,26,15.590371,0.0,0.0,
ftw-belgium-006,fields-of-the-world,belgium,1.0075,2023-11-26,S2B_31UES_20231126_0_L2A,26,100,1.0,1.0,
ftw-belgium-006,fields-of-the-world,belgium,1.0075,2024-01-13,S2A_31UES_20240113_0_L2A,26,99.998599,1.0,1.0,
ftw-belgium-006,fields-of-the-world,belgium,1.0075,2024-03-03,S2A_31UES_20240303_0_L2A,26,99.999928,1.0,1.0,
ftw-belgium-006,fields-of-the-world,belgium,1.0075,2024-04-19,S2A_31UES_20240419_0_L2A,26,99.57819,1.0,1.0,
ftw-belgium-006,fields-of-the-world,belgium,1.0075,2024-06-03,S2B_31UES_20240603_0_L2A,26,94.662851,1.0,1.0,
ftw-belgium-006,fields-of-the-world,belgium,1.0075,2024-07-21,S2A_31UES_20240721_0_L2A,26,98.155779,1.0,1.0,
ftw-belgium-006,fields-of-the-world,belgium,1.0075,2024-09-06,S2A_31UES_20240906_0_L2A,26,99.999124,1.0,1.0,
ftw-belgium-006,fields-of-the-world,belgium,1.0075,2024-10-24,S2B_31UES_20241024_0_L2A,26,0.014611,0.0,0.0,
ftw-belgium-006,fields-of-the-world,belgium,1.0075,2024-11-28,S2A_31UES_20241128_0_L2A,26,23.652168,0.0,0.0,
ftw-belgium-007,fields-of-the-world,belgium,1.2168,2023-01-03,S2B_31UES_20230103_0_L2A,30,66.680092,0.0,0.0,
ftw-belgium-007,fields-of-the-world,belgium,1.2168,2023-02-17,S2A_31UDS_20230217_0_L2A,30,99.457812,1.0,1.0,
ftw-belgium-007,fields-of-the-world,belgium,1.2168,2023-04-05,S2A_31UDS_20230405_0_L2A,30,19.702719,0.0,0.0,
ftw-belgium-007,fields-of-the-world,belgium,1.2168,2023-05-23,S2B_31UES_20230523_0_L2A,30,79.893571,1.0,1.0,
ftw-belgium-007,fields-of-the-world,belgium,1.2168,2023-07-09,S2B_31UES_20230709_0_L2A,30,99.403763,1.0,1.0,
ftw-belgium-007,fields-of-the-world,belgium,1.2168,2023-08-26,S2A_31UES_20230826_0_L2A,30,67.569226,1.0,1.0,
ftw-belgium-007,fields-of-the-world,belgium,1.2168,2023-10-10,S2B_31UDS_20231010_0_L2A,30,17.898086,0.0,0.0,
ftw-belgium-007,fields-of-the-world,belgium,1.2168,2023-11-26,S2B_31UDS_20231126_0_L2A,30,100,1.0,1.0,
ftw-belgium-007,fields-of-the-world,belgium,1.2168,2024-01-13,S2A_31UDS_20240113_0_L2A,30,99.979556,1.0,1.0,
ftw-belgium-007,fields-of-the-world,belgium,1.2168,2024-03-03,S2A_31UES_20240303_0_L2A,30,99.999928,1.0,1.0,
ftw-belgium-007,fields-of-the-world,belgium,1.2168,2024-04-19,S2A_31UES_20240419_0_L2A,30,99.57819,1.0,1.0,
ftw-belgium-007,fields-of-the-world,belgium,1.2168,2024-06-03,S2B_31UDS_20240603_0_L2A,30,92.661518,1.0,1.0,
ftw-belgium-007,fields-of-the-world,belgium,1.2168,2024-07-21,S2A_31UDS_20240721_0_L2A,30,78.429019,1.0,1.0,
ftw-belgium-007,fields-of-the-world,belgium,1.2168,2024-09-06,S2A_31UDS_20240906_0_L2A,30,99.996275,1.0,1.0,
ftw-belgium-007,fields-of-the-world,belgium,1.2168,2024-10-24,S2B_31UES_20241024_0_L2A,30,0.014611,0.0,0.0,
ftw-belgium-007,fields-of-the-world,belgium,1.2168,2024-11-28,S2A_31UES_20241128_0_L2A,30,23.652168,0.0,0.0,
ftw-belgium-008,fields-of-the-world,belgium,1.5301,2023-01-03,S2B_31UES_20230103_0_L2A,38,66.680092,1.0,1.0,
ftw-belgium-008,fields-of-the-world,belgium,1.5301,2023-02-17,S2A_31UES_20230217_0_L2A,38,100,1.0,1.0,
ftw-belgium-008,fields-of-the-world,belgium,1.5301,2023-04-05,S2A_31UES_20230405_0_L2A,38,36.74466,1.0,1.0,
ftw-belgium-008,fields-of-the-world,belgium,1.5301,2023-05-23,S2B_31UES_20230523_0_L2A,38,79.893571,1.0,1.0,
ftw-belgium-008,fields-of-the-world,belgium,1.5301,2023-07-09,S2B_31UES_20230709_0_L2A,38,99.403763,1.0,1.0,
ftw-belgium-008,fields-of-the-world,belgium,1.5301,2023-08-26,S2A_31UES_20230826_0_L2A,38,67.569226,0.0,0.0,
ftw-belgium-008,fields-of-the-world,belgium,1.5301,2023-10-10,S2B_31UES_20231010_0_L2A,38,15.590371,0.0,0.0,
ftw-belgium-008,fields-of-the-world,belgium,1.5301,2023-11-26,S2B_31UES_20231126_0_L2A,38,100,1.0,1.0,
ftw-belgium-008,fields-of-the-world,belgium,1.5301,2024-01-13,S2A_31UES_20240113_0_L2A,38,99.998599,1.0,1.0,
ftw-belgium-008,fields-of-the-world,belgium,1.5301,2024-03-03,S2A_31UES_20240303_0_L2A,38,99.999928,1.0,1.0,
ftw-belgium-008,fields-of-the-world,belgium,1.5301,2024-04-19,S2A_31UES_20240419_0_L2A,38,99.57819,1.0,1.0,
ftw-belgium-008,fields-of-the-world,belgium,1.5301,2024-06-03,S2B_31UES_20240603_0_L2A,38,94.662851,1.0,1.0,
ftw-belgium-008,fields-of-the-world,belgium,1.5301,2024-07-21,S2A_31UES_20240721_0_L2A,38,98.155779,1.0,1.0,
ftw-belgium-008,fields-of-the-world,belgium,1.5301,2024-09-06,S2A_31UES_20240906_0_L2A,38,99.999124,1.0,1.0,
ftw-belgium-008,fields-of-the-world,belgium,1.5301,2024-10-24,S2B_31UES_20241024_0_L2A,38,0.014611,0.0,0.0,
ftw-belgium-008,fields-of-the-world,belgium,1.5301,2024-11-28,S2A_31UES_20241128_0_L2A,38,23.652168,1.0,1.0,
ftw-belgium-009,fields-of-the-world,belgium,2.018,2023-01-03,S2B_31UES_20230103_0_L2A,50,66.680092,0.08,0.08,
ftw-belgium-009,fields-of-the-world,belgium,2.018,2023-02-17,S2A_31UES_20230217_0_L2A,50,100,1.0,1.0,
ftw-belgium-009,fields-of-the-world,belgium,2.018,2023-04-05,S2A_31UES_20230405_0_L2A,50,36.74466,0.0,0.0,
ftw-belgium-009,fields-of-the-world,belgium,2.018,2023-05-23,S2B_31UES_20230523_0_L2A,50,79.893571,0.0,0.0,
ftw-belgium-009,fields-of-the-world,belgium,2.018,2023-07-09,S2B_31UES_20230709_0_L2A,50,99.403763,1.0,1.0,
ftw-belgium-009,fields-of-the-world,belgium,2.018,2023-08-26,S2A_31UES_20230826_0_L2A,50,67.569226,0.14,0.14,
ftw-belgium-009,fields-of-the-world,belgium,2.018,2023-10-10,S2B_31UES_20231010_0_L2A,50,15.590371,1.0,1.0,
ftw-belgium-009,fields-of-the-world,belgium,2.018,2023-11-26,S2B_31UES_20231126_0_L2A,50,100,1.0,1.0,
ftw-belgium-009,fields-of-the-world,belgium,2.018,2024-01-13,S2A_31UES_20240113_0_L2A,50,99.998599,1.0,1.0,
ftw-belgium-009,fields-of-the-world,belgium,2.018,2024-03-03,S2A_31UES_20240303_0_L2A,50,99.999928,1.0,1.0,
ftw-belgium-009,fields-of-the-world,belgium,2.018,2024-04-19,S2A_31UES_20240419_0_L2A,50,99.57819,1.0,1.0,
ftw-belgium-009,fields-of-the-world,belgium,2.018,2024-06-03,S2B_31UES_20240603_0_L2A,50,94.662851,1.0,1.0,
ftw-belgium-009,fields-of-the-world,belgium,2.018,2024-07-21,S2A_31UES_20240721_0_L2A,50,98.155779,1.0,1.0,
ftw-belgium-009,fields-of-the-world,belgium,2.018,2024-09-06,S2A_31UES_20240906_0_L2A,50,99.999124,1.0,1.0,
ftw-belgium-009,fields-of-the-world,belgium,2.018,2024-10-24,S2B_31UES_20241024_0_L2A,50,0.014611,0.0,0.0,
ftw-belgium-009,fields-of-the-world,belgium,2.018,2024-11-28,S2A_31UES_20241128_0_L2A,50,23.652168,0.0,0.0,
ftw-belgium-010,fields-of-the-world,belgium,2.0745,2023-01-03,S2B_31UES_20230103_0_L2A,55,66.680092,1.0,1.0,
ftw-belgium-010,fields-of-the-world,belgium,2.0745,2023-02-17,S2A_31UES_20230217_0_L2A,55,100,1.0,1.0,
ftw-belgium-010,fields-of-the-world,belgium,2.0745,2023-04-05,S2A_31UES_20230405_0_L2A,55,36.74466,0.0,0.0,
ftw-belgium-010,fields-of-the-world,belgium,2.0745,2023-05-23,S2B_31UES_20230523_0_L2A,55,79.893571,0.0,0.0,
ftw-belgium-010,fields-of-the-world,belgium,2.0745,2023-07-09,S2B_31UES_20230709_0_L2A,55,99.403763,1.0,1.0,
ftw-belgium-010,fields-of-the-world,belgium,2.0745,2023-08-26,S2A_31UES_20230826_0_L2A,55,67.569226,1.0,1.0,
ftw-belgium-010,fields-of-the-world,belgium,2.0745,2023-10-10,S2B_31UES_20231010_0_L2A,55,15.590371,0.2,0.2,
ftw-belgium-010,fields-of-the-world,belgium,2.0745,2023-11-26,S2B_31UES_20231126_0_L2A,55,100,1.0,1.0,
ftw-belgium-010,fields-of-the-world,belgium,2.0745,2024-01-13,S2A_31UES_20240113_0_L2A,55,99.998599,1.0,1.0,
ftw-belgium-010,fields-of-the-world,belgium,2.0745,2024-03-03,S2A_31UES_20240303_0_L2A,55,99.999928,1.0,1.0,
ftw-belgium-010,fields-of-the-world,belgium,2.0745,2024-04-19,S2A_31UES_20240419_0_L2A,55,99.57819,1.0,1.0,
ftw-belgium-010,fields-of-the-world,belgium,2.0745,2024-06-03,S2B_31UES_20240603_0_L2A,55,94.662851,1.0,1.0,
ftw-belgium-010,fields-of-the-world,belgium,2.0745,2024-07-21,S2A_31UES_20240721_0_L2A,55,98.155779,1.0,1.0,
ftw-belgium-010,fields-of-the-world,belgium,2.0745,2024-09-06,S2A_31UES_20240906_0_L2A,55,99.999124,1.0,1.0,
ftw-belgium-010,fields-of-the-world,belgium,2.0745,2024-10-24,S2B_31UES_20241024_0_L2A,55,0.014611,0.0,0.0,
ftw-belgium-010,fields-of-the-world,belgium,2.0745,2024-11-28,S2A_31UES_20241128_0_L2A,55,23.652168,0.0,0.0,
ftw-belgium-011,fields-of-the-world,belgium,2.4651,2023-01-03,S2B_31UES_20230103_0_L2A,60,66.680092,0.06666666666666667,0.06666666666666667,
ftw-belgium-011,fields-of-the-world,belgium,2.4651,2023-02-17,S2A_31UES_20230217_0_L2A,60,100,1.0,1.0,
ftw-belgium-011,fields-of-the-world,belgium,2.4651,2023-04-05,S2A_31UES_20230405_0_L2A,60,36.74466,0.0,0.0,
ftw-belgium-011,fields-of-the-world,belgium,2.4651,2023-05-23,S2B_31UES_20230523_0_L2A,60,79.893571,1.0,1.0,
ftw-belgium-011,fields-of-the-world,belgium,2.4651,2023-07-09,S2B_31UES_20230709_0_L2A,60,99.403763,1.0,1.0,
ftw-belgium-011,fields-of-the-world,belgium,2.4651,2023-08-26,S2A_31UES_20230826_0_L2A,60,67.569226,0.95,0.95,
ftw-belgium-011,fields-of-the-world,belgium,2.4651,2023-10-10,S2B_31UES_20231010_0_L2A,60,15.590371,0.0,0.0,
ftw-belgium-011,fields-of-the-world,belgium,2.4651,2023-11-26,S2B_31UES_20231126_0_L2A,60,100,1.0,1.0,
ftw-belgium-011,fields-of-the-world,belgium,2.4651,2024-01-13,S2A_31UES_20240113_0_L2A,60,99.998599,1.0,1.0,
ftw-belgium-011,fields-of-the-world,belgium,2.4651,2024-03-03,S2A_31UES_20240303_0_L2A,60,99.999928,1.0,1.0,
ftw-belgium-011,fields-of-the-world,belgium,2.4651,2024-04-19,S2A_31UES_20240419_0_L2A,60,99.57819,1.0,1.0,
ftw-belgium-011,fields-of-the-world,belgium,2.4651,2024-06-03,S2B_31UES_20240603_0_L2A,60,94.662851,1.0,1.0,
ftw-belgium-011,fields-of-the-world,belgium,2.4651,2024-07-21,S2A_31UES_20240721_0_L2A,60,98.155779,1.0,1.0,
ftw-belgium-011,fields-of-the-world,belgium,2.4651,2024-09-06,S2A_31UES_20240906_0_L2A,60,99.999124,1.0,1.0,
ftw-belgium-011,fields-of-the-world,belgium,2.4651,2024-10-24,S2B_31UES_20241024_0_L2A,60,0.014611,0.0,0.0,
ftw-belgium-011,fields-of-the-world,belgium,2.4651,2024-11-28,S2A_31UES_20241128_0_L2A,60,23.652168,0.0,0.0,
ftw-belgium-012,fields-of-the-world,belgium,3.1189,2023-01-03,S2B_31UES_20230103_0_L2A,74,66.680092,0.0,0.0,
ftw-belgium-012,fields-of-the-world,belgium,3.1189,2023-02-17,S2A_31UDS_20230217_0_L2A,74,99.457812,1.0,1.0,
ftw-belgium-012,fields-of-the-world,belgium,3.1189,2023-04-05,S2A_31UDS_20230405_0_L2A,74,19.702719,0.16216216216216217,0.16216216216216217,
ftw-belgium-012,fields-of-the-world,belgium,3.1189,2023-05-23,S2B_31UES_20230523_0_L2A,74,79.893571,1.0,1.0,
ftw-belgium-012,fields-of-the-world,belgium,3.1189,2023-07-09,S2B_31UES_20230709_0_L2A,74,99.403763,1.0,1.0,
ftw-belgium-012,fields-of-the-world,belgium,3.1189,2023-08-26,S2A_31UES_20230826_0_L2A,74,67.569226,1.0,1.0,
ftw-belgium-012,fields-of-the-world,belgium,3.1189,2023-10-10,S2B_31UDS_20231010_0_L2A,74,17.898086,0.0,0.0,
ftw-belgium-012,fields-of-the-world,belgium,3.1189,2023-11-26,S2B_31UDS_20231126_0_L2A,74,100,1.0,1.0,
ftw-belgium-012,fields-of-the-world,belgium,3.1189,2024-01-13,S2A_31UDS_20240113_0_L2A,74,99.979556,1.0,1.0,
ftw-belgium-012,fields-of-the-world,belgium,3.1189,2024-03-03,S2A_31UES_20240303_0_L2A,74,99.999928,1.0,1.0,
ftw-belgium-012,fields-of-the-world,belgium,3.1189,2024-04-19,S2A_31UES_20240419_0_L2A,74,99.57819,1.0,1.0,
ftw-belgium-012,fields-of-the-world,belgium,3.1189,2024-06-03,S2B_31UDS_20240603_0_L2A,74,92.661518,1.0,1.0,
ftw-belgium-012,fields-of-the-world,belgium,3.1189,2024-07-21,S2A_31UDS_20240721_0_L2A,74,78.429019,1.0,1.0,
ftw-belgium-012,fields-of-the-world,belgium,3.1189,2024-09-06,S2A_31UDS_20240906_0_L2A,74,99.996275,1.0,1.0,
ftw-belgium-012,fields-of-the-world,belgium,3.1189,2024-10-24,S2B_31UES_20241024_0_L2A,74,0.014611,0.0,0.0,
ftw-belgium-012,fields-of-the-world,belgium,3.1189,2024-11-28,S2A_31UES_20241128_0_L2A,74,23.652168,0.0,0.0,
ftw-belgium-013,fields-of-the-world,belgium,5.1042,2023-01-03,S2B_31UES_20230103_0_L2A,129,66.680092,0.06201550387596899,0.06201550387596899,
ftw-belgium-013,fields-of-the-world,belgium,5.1042,2023-02-17,S2A_31UES_20230217_0_L2A,129,100,1.0,1.0,
ftw-belgium-013,fields-of-the-world,belgium,5.1042,2023-04-05,S2A_31UES_20230405_0_L2A,129,36.74466,0.0,0.0,
ftw-belgium-013,fields-of-the-world,belgium,5.1042,2023-05-23,S2B_31UES_20230523_0_L2A,129,79.893571,0.0,0.0,
ftw-belgium-013,fields-of-the-world,belgium,5.1042,2023-07-09,S2B_31UES_20230709_0_L2A,129,99.403763,1.0,1.0,
ftw-belgium-013,fields-of-the-world,belgium,5.1042,2023-08-26,S2A_31UES_20230826_0_L2A,129,67.569226,1.0,1.0,
ftw-belgium-013,fields-of-the-world,belgium,5.1042,2023-10-10,S2B_31UES_20231010_0_L2A,129,15.590371,0.0,0.0,
ftw-belgium-013,fields-of-the-world,belgium,5.1042,2023-11-26,S2B_31UES_20231126_0_L2A,129,100,1.0,1.0,
ftw-belgium-013,fields-of-the-world,belgium,5.1042,2024-01-13,S2A_31UES_20240113_0_L2A,129,99.998599,1.0,1.0,
ftw-belgium-013,fields-of-the-world,belgium,5.1042,2024-03-03,S2A_31UES_20240303_0_L2A,129,99.999928,1.0,1.0,
ftw-belgium-013,fields-of-the-world,belgium,5.1042,2024-04-19,S2A_31UES_20240419_0_L2A,129,99.57819,1.0,1.0,
ftw-belgium-013,fields-of-the-world,belgium,5.1042,2024-06-03,S2B_31UES_20240603_0_L2A,129,94.662851,1.0,1.0,
ftw-belgium-013,fields-of-the-world,belgium,5.1042,2024-07-21,S2A_31UES_20240721_0_L2A,129,98.155779,1.0,1.0,
ftw-belgium-013,fields-of-the-world,belgium,5.1042,2024-09-06,S2A_31UES_20240906_0_L2A,129,99.999124,1.0,1.0,
ftw-belgium-013,fields-of-the-world,belgium,5.1042,2024-10-24,S2B_31UES_20241024_0_L2A,129,0.014611,0.0,0.0,
ftw-belgium-013,fields-of-the-world,belgium,5.1042,2024-11-28,S2A_31UES_20241128_0_L2A,129,23.652168,0.0,0.0,
ftw-belgium-014,fields-of-the-world,belgium,5.3747,2023-01-03,S2B_31UES_20230103_0_L2A,135,66.680092,0.0,0.0,
ftw-belgium-014,fields-of-the-world,belgium,5.3747,2023-02-17,S2A_31UDS_20230217_0_L2A,135,99.457812,1.0,1.0,
ftw-belgium-014,fields-of-the-world,belgium,5.3747,2023-04-05,S2A_31UDS_20230405_0_L2A,135,19.702719,1.0,1.0,
ftw-belgium-014,fields-of-the-world,belgium,5.3747,2023-05-23,S2B_31UES_20230523_0_L2A,135,79.893571,1.0,1.0,
ftw-belgium-014,fields-of-the-world,belgium,5.3747,2023-07-09,S2B_31UES_20230709_0_L2A,135,99.403763,1.0,1.0,
ftw-belgium-014,fields-of-the-world,belgium,5.3747,2023-08-26,S2A_31UES_20230826_0_L2A,135,67.569226,1.0,1.0,
ftw-belgium-014,fields-of-the-world,belgium,5.3747,2023-10-10,S2B_31UDS_20231010_0_L2A,135,17.898086,0.0,0.0,
ftw-belgium-014,fields-of-the-world,belgium,5.3747,2023-11-26,S2B_31UDS_20231126_0_L2A,135,100,1.0,1.0,
ftw-belgium-014,fields-of-the-world,belgium,5.3747,2024-01-13,S2A_31UDS_20240113_0_L2A,135,99.979556,1.0,1.0,
ftw-belgium-014,fields-of-the-world,belgium,5.3747,2024-03-03,S2A_31UES_20240303_0_L2A,135,99.999928,1.0,1.0,
ftw-belgium-014,fields-of-the-world,belgium,5.3747,2024-04-19,S2A_31UES_20240419_0_L2A,135,99.57819,1.0,1.0,
ftw-belgium-014,fields-of-the-world,belgium,5.3747,2024-06-03,S2B_31UDS_20240603_0_L2A,135,92.661518,0.5185185185185185,0.5185185185185185,
ftw-belgium-014,fields-of-the-world,belgium,5.3747,2024-07-21,S2A_31UDS_20240721_0_L2A,135,78.429019,1.0,1.0,
ftw-belgium-014,fields-of-the-world,belgium,5.3747,2024-09-06,S2A_31UDS_20240906_0_L2A,135,99.996275,1.0,1.0,
ftw-belgium-014,fields-of-the-world,belgium,5.3747,2024-10-24,S2B_31UES_20241024_0_L2A,135,0.014611,0.0,0.0,
ftw-belgium-014,fields-of-the-world,belgium,5.3747,2024-11-28,S2A_31UES_20241128_0_L2A,135,23.652168,0.0,0.0,
ftw-belgium-015,fields-of-the-world,belgium,6.2452,2023-01-03,S2B_31UES_20230103_0_L2A,153,66.680092,0.9934640522875817,0.9934640522875817,
ftw-belgium-015,fields-of-the-world,belgium,6.2452,2023-02-17,S2A_31UES_20230217_0_L2A,153,100,1.0,1.0,
ftw-belgium-015,fields-of-the-world,belgium,6.2452,2023-04-05,S2A_31UES_20230405_0_L2A,153,36.74466,0.0,0.0,
ftw-belgium-015,fields-of-the-world,belgium,6.2452,2023-05-23,S2B_31UES_20230523_0_L2A,153,79.893571,0.0,0.0,
ftw-belgium-015,fields-of-the-world,belgium,6.2452,2023-07-09,S2B_31UES_20230709_0_L2A,153,99.403763,1.0,1.0,
ftw-belgium-015,fields-of-the-world,belgium,6.2452,2023-08-26,S2A_31UES_20230826_0_L2A,153,67.569226,0.1830065359477124,0.1830065359477124,
ftw-belgium-015,fields-of-the-world,belgium,6.2452,2023-10-10,S2B_31UES_20231010_0_L2A,153,15.590371,1.0,1.0,
ftw-belgium-015,fields-of-the-world,belgium,6.2452,2023-11-26,S2B_31UES_20231126_0_L2A,153,100,1.0,1.0,
ftw-belgium-015,fields-of-the-world,belgium,6.2452,2024-01-13,S2A_31UES_20240113_0_L2A,153,99.998599,1.0,1.0,
ftw-belgium-015,fields-of-the-world,belgium,6.2452,2024-03-03,S2A_31UES_20240303_0_L2A,153,99.999928,1.0,1.0,
ftw-belgium-015,fields-of-the-world,belgium,6.2452,2024-04-19,S2A_31UES_20240419_0_L2A,153,99.57819,1.0,1.0,
ftw-belgium-015,fields-of-the-world,belgium,6.2452,2024-06-03,S2B_31UES_20240603_0_L2A,153,94.662851,1.0,1.0,
ftw-belgium-015,fields-of-the-world,belgium,6.2452,2024-07-21,S2A_31UES_20240721_0_L2A,153,98.155779,1.0,1.0,
ftw-belgium-015,fields-of-the-world,belgium,6.2452,2024-09-06,S2A_31UES_20240906_0_L2A,153,99.999124,1.0,1.0,
ftw-belgium-015,fields-of-the-world,belgium,6.2452,2024-10-24,S2B_31UES_20241024_0_L2A,153,0.014611,0.0,0.0,
ftw-belgium-015,fields-of-the-world,belgium,6.2452,2024-11-28,S2A_31UES_20241128_0_L2A,153,23.652168,0.0,0.0,
ftw-belgium-016,fields-of-the-world,belgium,6.8385,2023-01-03,S2B_31UES_20230103_0_L2A,167,66.680092,0.0,0.0,
ftw-belgium-016,fields-of-the-world,belgium,6.8385,2023-02-17,S2A_31UDS_20230217_0_L2A,167,99.457812,1.0,1.0,
ftw-belgium-016,fields-of-the-world,belgium,6.8385,2023-04-05,S2A_31UDS_20230405_0_L2A,167,19.702719,1.0,1.0,
ftw-belgium-016,fields-of-the-world,belgium,6.8385,2023-05-23,S2B_31UES_20230523_0_L2A,167,79.893571,1.0,1.0,
ftw-belgium-016,fields-of-the-world,belgium,6.8385,2023-07-09,S2B_31UES_20230709_0_L2A,167,99.403763,1.0,1.0,
ftw-belgium-016,fields-of-the-world,belgium,6.8385,2023-08-26,S2A_31UES_20230826_0_L2A,167,67.569226,1.0,1.0,
ftw-belgium-016,fields-of-the-world,belgium,6.8385,2023-10-10,S2B_31UDS_20231010_0_L2A,167,17.898086,0.0,0.0,
ftw-belgium-016,fields-of-the-world,belgium,6.8385,2023-11-26,S2B_31UDS_20231126_0_L2A,167,100,1.0,1.0,
ftw-belgium-016,fields-of-the-world,belgium,6.8385,2024-01-13,S2A_31UDS_20240113_0_L2A,167,99.979556,1.0,1.0,
ftw-belgium-016,fields-of-the-world,belgium,6.8385,2024-03-03,S2A_31UES_20240303_0_L2A,167,99.999928,1.0,1.0,
ftw-belgium-016,fields-of-the-world,belgium,6.8385,2024-04-19,S2A_31UES_20240419_0_L2A,167,99.57819,1.0,1.0,
ftw-belgium-016,fields-of-the-world,belgium,6.8385,2024-06-03,S2B_31UDS_20240603_0_L2A,167,92.661518,0.005988023952095809,0.005988023952095809,
ftw-belgium-016,fields-of-the-world,belgium,6.8385,2024-07-21,S2A_31UDS_20240721_0_L2A,167,78.429019,1.0,1.0,
ftw-belgium-016,fields-of-the-world,belgium,6.8385,2024-09-06,S2A_31UDS_20240906_0_L2A,167,99.996275,1.0,1.0,
ftw-belgium-016,fields-of-the-world,belgium,6.8385,2024-10-24,S2B_31UES_20241024_0_L2A,167,0.014611,0.0,0.0,
ftw-belgium-016,fields-of-the-world,belgium,6.8385,2024-11-28,S2A_31UES_20241128_0_L2A,167,23.652168,0.0,0.0,
ftw-belgium-017,fields-of-the-world,belgium,7.1193,2023-01-03,S2B_31UES_20230103_0_L2A,179,66.680092,0.7262569832402235,0.7262569832402235,
ftw-belgium-017,fields-of-the-world,belgium,7.1193,2023-02-17,S2A_31UES_20230217_0_L2A,179,100,1.0,1.0,
ftw-belgium-017,fields-of-the-world,belgium,7.1193,2023-04-05,S2A_31UES_20230405_0_L2A,179,36.74466,0.0,0.0,
ftw-belgium-017,fields-of-the-world,belgium,7.1193,2023-05-23,S2B_31UES_20230523_0_L2A,179,79.893571,0.0,0.0,
ftw-belgium-017,fields-of-the-world,belgium,7.1193,2023-07-09,S2B_31UES_20230709_0_L2A,179,99.403763,1.0,1.0,
ftw-belgium-017,fields-of-the-world,belgium,7.1193,2023-08-26,S2A_31UES_20230826_0_L2A,179,67.569226,0.8715083798882681,0.8715083798882681,
ftw-belgium-017,fields-of-the-world,belgium,7.1193,2023-10-10,S2B_31UES_20231010_0_L2A,179,15.590371,1.0,1.0,
ftw-belgium-017,fields-of-the-world,belgium,7.1193,2023-11-26,S2B_31UES_20231126_0_L2A,179,100,1.0,1.0,
ftw-belgium-017,fields-of-the-world,belgium,7.1193,2024-01-13,S2A_31UES_20240113_0_L2A,179,99.998599,1.0,1.0,
ftw-belgium-017,fields-of-the-world,belgium,7.1193,2024-03-03,S2A_31UES_20240303_0_L2A,179,99.999928,1.0,1.0,
ftw-belgium-017,fields-of-the-world,belgium,7.1193,2024-04-19,S2A_31UES_20240419_0_L2A,179,99.57819,1.0,1.0,
ftw-belgium-017,fields-of-the-world,belgium,7.1193,2024-06-03,S2B_31UES_20240603_0_L2A,179,94.662851,1.0,1.0,
ftw-belgium-017,fields-of-the-world,belgium,7.1193,2024-07-21,S2A_31UES_20240721_0_L2A,179,98.155779,1.0,1.0,
ftw-belgium-017,fields-of-the-world,belgium,7.1193,2024-09-06,S2A_31UES_20240906_0_L2A,179,99.999124,1.0,1.0,
ftw-belgium-017,fields-of-the-world,belgium,7.1193,2024-10-24,S2B_31UES_20241024_0_L2A,179,0.014611,0.0,0.0,
ftw-belgium-017,fields-of-the-world,belgium,7.1193,2024-11-28,S2A_31UES_20241128_0_L2A,179,23.652168,0.0,0.0,
ftw-brazil-000,fields-of-the-world,brazil,17.1382,2023-01-04,S2A_23LLG_20230104_0_L2A,428,74.990928,0.0,0.0,
ftw-brazil-000,fields-of-the-world,brazil,17.1382,2023-02-18,S2B_23LLG_20230218_0_L2A,428,23.759158,0.0,0.0,
ftw-brazil-000,fields-of-the-world,brazil,17.1382,2023-04-04,S2A_23LLG_20230404_0_L2A,428,74.686337,1.0,1.0,
ftw-brazil-000,fields-of-the-world,brazil,17.1382,2023-05-19,S2B_23LLG_20230519_0_L2A,428,0.067949,0.0,0.0,
ftw-brazil-000,fields-of-the-world,brazil,17.1382,2023-07-03,S2A_23LLG_20230703_0_L2A,428,4.243785,0.0,0.0,
ftw-brazil-000,fields-of-the-world,brazil,17.1382,2023-08-17,S2B_23LLG_20230817_0_L2A,428,0.000766,0.0,0.0,
ftw-brazil-000,fields-of-the-world,brazil,17.1382,2023-10-01,S2A_23LLG_20231001_0_L2A,428,3.431551,0.0,0.0,
ftw-brazil-000,fields-of-the-world,brazil,17.1382,2023-11-15,S2B_23LLG_20231115_0_L2A,428,49.868694,1.0,1.0,
ftw-brazil-000,fields-of-the-world,brazil,17.1382,2024-01-04,S2B_23LLG_20240104_0_L2A,428,97.587103,1.0,1.0,
ftw-brazil-000,fields-of-the-world,brazil,17.1382,2024-02-18,S2A_23LLG_20240218_0_L2A,428,57.985127,0.0,0.0,
ftw-brazil-000,fields-of-the-world,brazil,17.1382,2024-04-03,S2B_23LLG_20240403_0_L2A,428,65.793753,1.0,1.0,
ftw-brazil-000,fields-of-the-world,brazil,17.1382,2024-05-18,S2A_23LLG_20240518_0_L2A,428,0.007306,0.0,0.0,
ftw-brazil-000,fields-of-the-world,brazil,17.1382,2024-07-02,S2B_23LLG_20240702_0_L2A,428,0.001075,0.0,0.0,
ftw-brazil-000,fields-of-the-world,brazil,17.1382,2024-08-16,S2A_23LLG_20240816_0_L2A,428,0.001301,0.0,0.0,
ftw-brazil-000,fields-of-the-world,brazil,17.1382,2024-10-05,S2A_23LLG_20241005_0_L2A,428,36.323208,0.0,0.0,
ftw-brazil-000,fields-of-the-world,brazil,17.1382,2024-11-19,S2B_23LLG_20241119_0_L2A,428,56.034505,0.0,0.0,
ftw-cambodia-000,fields-of-the-world,cambodia,0.2004,2023-01-03,S2A_48PVV_20230103_0_L2A,3,12.716253,0.0,0.0,
ftw-cambodia-000,fields-of-the-world,cambodia,0.2004,2023-02-17,S2B_48PVV_20230217_0_L2A,3,0.112711,0.0,0.0,
ftw-cambodia-000,fields-of-the-world,cambodia,0.2004,2023-04-08,S2B_48PVV_20230408_0_L2A,3,72.565407,1.0,1.0,
ftw-cambodia-000,fields-of-the-world,cambodia,0.2004,2023-05-23,S2A_48PVV_20230523_0_L2A,3,82.341248,1.0,1.0,
ftw-cambodia-000,fields-of-the-world,cambodia,0.2004,2023-07-07,S2B_48PUV_20230707_0_L2A,3,33.572638,1.0,1.0,
ftw-cambodia-000,fields-of-the-world,cambodia,0.2004,2023-08-21,S2A_48PUV_20230821_0_L2A,3,90.217394,0.0,0.0,
ftw-cambodia-000,fields-of-the-world,cambodia,0.2004,2023-10-05,S2B_48PUV_20231005_0_L2A,3,54.12572,1.0,1.0,
ftw-cambodia-000,fields-of-the-world,cambodia,0.2004,2023-11-19,S2A_48PUV_20231119_0_L2A,3,67.984593,1.0,1.0,
ftw-cambodia-000,fields-of-the-world,cambodia,0.2004,2024-01-08,S2A_48PVV_20240108_0_L2A,3,26.2474,1.0,1.0,
ftw-cambodia-000,fields-of-the-world,cambodia,0.2004,2024-02-22,S2B_48PVV_20240222_0_L2A,3,8.669244,1.0,1.0,
ftw-cambodia-000,fields-of-the-world,cambodia,0.2004,2024-04-07,S2A_48PVV_20240407_0_L2A,3,13.88917,1.0,1.0,
ftw-cambodia-000,fields-of-the-world,cambodia,0.2004,2024-05-22,S2B_48PVV_20240522_0_L2A,3,71.674651,0.0,0.0,
ftw-cambodia-000,fields-of-the-world,cambodia,0.2004,2024-07-06,S2A_48PUV_20240706_0_L2A,3,50.580806,0.0,0.0,
ftw-cambodia-000,fields-of-the-world,cambodia,0.2004,2024-08-20,S2B_48PUV_20240820_0_L2A,3,99.992108,1.0,1.0,
ftw-cambodia-000,fields-of-the-world,cambodia,0.2004,2024-10-04,S2A_48PUV_20241004_0_L2A,3,78.573912,0.0,0.0,
ftw-cambodia-000,fields-of-the-world,cambodia,0.2004,2024-11-18,S2B_48PUV_20241118_0_L2A,3,10.29341,0.0,0.0,
ftw-cambodia-001,fields-of-the-world,cambodia,0.2687,2023-01-05,S2B_48PWU_20230105_0_L2A,6,99.301726,1.0,1.0,
ftw-cambodia-001,fields-of-the-world,cambodia,0.2687,2023-02-19,S2A_48PWU_20230219_0_L2A,6,63.685095,1.0,1.0,
ftw-cambodia-001,fields-of-the-world,cambodia,0.2687,2023-04-05,S2B_48PWU_20230405_0_L2A,6,31.370306,1.0,1.0,
ftw-cambodia-001,fields-of-the-world,cambodia,0.2687,2023-05-20,S2A_48PWU_20230520_0_L2A,6,86.266947,1.0,1.0,
ftw-cambodia-001,fields-of-the-world,cambodia,0.2687,2023-07-04,S2B_48PWU_20230704_0_L2A,6,53.186858,0.0,0.0,
ftw-cambodia-001,fields-of-the-world,cambodia,0.2687,2023-08-18,S2A_48PWU_20230818_0_L2A,6,92.486274,1.0,1.0,
ftw-cambodia-001,fields-of-the-world,cambodia,0.2687,2023-10-02,S2B_48PWU_20231002_0_L2A,6,99.443567,1.0,1.0,
ftw-cambodia-001,fields-of-the-world,cambodia,0.2687,2023-11-16,S2A_48PWU_20231116_0_L2A,6,54.164761,1.0,1.0,
ftw-cambodia-001,fields-of-the-world,cambodia,0.2687,2023-12-31,S2B_48PWU_20231231_0_L2A,6,8.752194,0.0,0.0,
ftw-cambodia-001,fields-of-the-world,cambodia,0.2687,2024-02-14,S2A_48PWU_20240214_0_L2A,6,0.623243,0.0,0.0,
ftw-cambodia-001,fields-of-the-world,cambodia,0.2687,2024-03-30,S2B_48PWU_20240330_0_L2A,6,82.253969,1.0,1.0,
ftw-cambodia-001,fields-of-the-world,cambodia,0.2687,2024-05-14,S2A_48PWU_20240514_0_L2A,6,79.579657,1.0,1.0,
ftw-cambodia-001,fields-of-the-world,cambodia,0.2687,2024-06-28,S2B_48PWU_20240628_0_L2A,6,88.760281,1.0,1.0,
ftw-cambodia-001,fields-of-the-world,cambodia,0.2687,2024-08-12,S2A_48PWU_20240812_0_L2A,6,90.250093,1.0,1.0,
ftw-cambodia-001,fields-of-the-world,cambodia,0.2687,2024-09-26,S2B_48PWU_20240926_0_L2A,6,40.38457,0.0,0.0,
ftw-cambodia-001,fields-of-the-world,cambodia,0.2687,2024-11-10,S2A_48PWU_20241110_0_L2A,6,5.943202,0.0,0.0,
ftw-cambodia-002,fields-of-the-world,cambodia,0.3637,2023-01-05,S2B_48PWU_20230105_0_L2A,9,99.301726,1.0,1.0,
ftw-cambodia-002,fields-of-the-world,cambodia,0.3637,2023-02-19,S2A_48PWU_20230219_0_L2A,9,63.685095,0.7777777777777778,0.7777777777777778,
ftw-cambodia-002,fields-of-the-world,cambodia,0.3637,2023-04-05,S2B_48PWU_20230405_0_L2A,9,31.370306,1.0,1.0,
ftw-cambodia-002,fields-of-the-world,cambodia,0.3637,2023-05-20,S2A_48PWU_20230520_0_L2A,9,86.266947,1.0,1.0,
ftw-cambodia-002,fields-of-the-world,cambodia,0.3637,2023-07-04,S2B_48PWU_20230704_0_L2A,9,53.186858,1.0,1.0,
ftw-cambodia-002,fields-of-the-world,cambodia,0.3637,2023-08-18,S2A_48PWU_20230818_0_L2A,9,92.486274,1.0,1.0,
ftw-cambodia-002,fields-of-the-world,cambodia,0.3637,2023-10-02,S2B_48PWU_20231002_0_L2A,9,99.443567,1.0,1.0,
ftw-cambodia-002,fields-of-the-world,cambodia,0.3637,2023-11-16,S2A_48PWU_20231116_0_L2A,9,54.164761,0.0,0.0,
ftw-cambodia-002,fields-of-the-world,cambodia,0.3637,2023-12-31,S2B_48PWU_20231231_0_L2A,9,8.752194,0.0,0.0,
ftw-cambodia-002,fields-of-the-world,cambodia,0.3637,2024-02-14,S2A_48PWU_20240214_0_L2A,9,0.623243,0.0,0.0,
ftw-cambodia-002,fields-of-the-world,cambodia,0.3637,2024-03-30,S2B_48PWU_20240330_0_L2A,9,82.253969,1.0,1.0,
ftw-cambodia-002,fields-of-the-world,cambodia,0.3637,2024-05-14,S2A_48PWU_20240514_0_L2A,9,79.579657,1.0,1.0,
ftw-cambodia-002,fields-of-the-world,cambodia,0.3637,2024-06-28,S2B_48PWU_20240628_0_L2A,9,88.760281,1.0,1.0,
ftw-cambodia-002,fields-of-the-world,cambodia,0.3637,2024-08-12,S2A_48PWU_20240812_0_L2A,9,90.250093,0.0,0.0,
ftw-cambodia-002,fields-of-the-world,cambodia,0.3637,2024-09-26,S2B_48PWU_20240926_0_L2A,9,40.38457,0.6666666666666666,0.6666666666666666,
ftw-cambodia-002,fields-of-the-world,cambodia,0.3637,2024-11-10,S2A_48PWU_20241110_0_L2A,9,5.943202,0.0,0.0,
ftw-cambodia-003,fields-of-the-world,cambodia,0.5014,2023-01-05,S2B_48PWU_20230105_0_L2A,11,99.301726,1.0,1.0,
ftw-cambodia-003,fields-of-the-world,cambodia,0.5014,2023-02-19,S2A_48PWU_20230219_0_L2A,11,63.685095,0.18181818181818182,0.18181818181818182,
ftw-cambodia-003,fields-of-the-world,cambodia,0.5014,2023-04-05,S2B_48PWU_20230405_0_L2A,11,31.370306,1.0,1.0,
ftw-cambodia-003,fields-of-the-world,cambodia,0.5014,2023-05-20,S2A_48PWU_20230520_0_L2A,11,86.266947,1.0,1.0,
ftw-cambodia-003,fields-of-the-world,cambodia,0.5014,2023-07-04,S2B_48PWU_20230704_0_L2A,11,53.186858,1.0,1.0,
ftw-cambodia-003,fields-of-the-world,cambodia,0.5014,2023-08-18,S2A_48PWU_20230818_0_L2A,11,92.486274,1.0,1.0,
ftw-cambodia-003,fields-of-the-world,cambodia,0.5014,2023-10-02,S2B_48PWU_20231002_0_L2A,11,99.443567,1.0,1.0,
ftw-cambodia-003,fields-of-the-world,cambodia,0.5014,2023-11-16,S2A_48PWU_20231116_0_L2A,11,54.164761,0.0,0.0,
ftw-cambodia-003,fields-of-the-world,cambodia,0.5014,2023-12-31,S2B_48PWU_20231231_0_L2A,11,8.752194,0.0,0.0,
ftw-cambodia-003,fields-of-the-world,cambodia,0.5014,2024-02-14,S2A_48PWU_20240214_0_L2A,11,0.623243,0.0,0.0,
ftw-cambodia-003,fields-of-the-world,cambodia,0.5014,2024-03-30,S2B_48PWU_20240330_0_L2A,11,82.253969,1.0,1.0,
ftw-cambodia-003,fields-of-the-world,cambodia,0.5014,2024-05-14,S2A_48PWU_20240514_0_L2A,11,79.579657,1.0,1.0,
ftw-cambodia-003,fields-of-the-world,cambodia,0.5014,2024-06-28,S2B_48PWU_20240628_0_L2A,11,88.760281,1.0,1.0,
ftw-cambodia-003,fields-of-the-world,cambodia,0.5014,2024-08-12,S2A_48PWU_20240812_0_L2A,11,90.250093,0.0,0.0,
ftw-cambodia-003,fields-of-the-world,cambodia,0.5014,2024-09-26,S2B_48PWU_20240926_0_L2A,11,40.38457,1.0,1.0,
ftw-cambodia-003,fields-of-the-world,cambodia,0.5014,2024-11-10,S2A_48PWU_20241110_0_L2A,11,5.943202,0.0,0.0,
ftw-cambodia-004,fields-of-the-world,cambodia,0.6015,2023-01-03,S2A_48PTV_20230103_0_L2A,15,42.377669,1.0,1.0,
ftw-cambodia-004,fields-of-the-world,cambodia,0.6015,2023-02-17,S2B_48PTV_20230217_0_L2A,15,0.680907,0.0,0.0,
ftw-cambodia-004,fields-of-the-world,cambodia,0.6015,2023-04-08,S2B_48PTV_20230408_0_L2A,15,84.951729,1.0,1.0,
ftw-cambodia-004,fields-of-the-world,cambodia,0.6015,2023-05-23,S2A_48PTV_20230523_0_L2A,15,51.888138,0.0,0.0,
ftw-cambodia-004,fields-of-the-world,cambodia,0.6015,2023-07-07,S2B_48PTV_20230707_0_L2A,15,41.374654,0.0,0.0,
ftw-cambodia-004,fields-of-the-world,cambodia,0.6015,2023-08-21,S2A_48PTV_20230821_0_L2A,15,90.859634,1.0,1.0,
ftw-cambodia-004,fields-of-the-world,cambodia,0.6015,2023-10-05,S2B_48PTV_20231005_0_L2A,15,69.598562,1.0,1.0,
ftw-cambodia-004,fields-of-the-world,cambodia,0.6015,2023-11-19,S2A_48PTV_20231119_0_L2A,15,39.148447,0.0,0.0,
ftw-cambodia-004,fields-of-the-world,cambodia,0.6015,2024-01-08,S2A_48PTV_20240108_0_L2A,15,37.610197,0.8666666666666667,0.8666666666666667,
ftw-cambodia-004,fields-of-the-world,cambodia,0.6015,2024-02-22,S2B_48PTV_20240222_0_L2A,15,26.81002,0.0,0.0,
ftw-cambodia-004,fields-of-the-world,cambodia,0.6015,2024-04-07,S2A_48PTV_20240407_0_L2A,15,11.113872,0.0,0.0,
ftw-cambodia-004,fields-of-the-world,cambodia,0.6015,2024-05-22,S2B_48PTV_20240522_0_L2A,15,98.185706,1.0,1.0,
ftw-cambodia-004,fields-of-the-world,cambodia,0.6015,2024-07-06,S2A_48PTV_20240706_0_L2A,15,61.862355,0.0,0.0,
ftw-cambodia-004,fields-of-the-world,cambodia,0.6015,2024-08-20,S2B_48PTV_20240820_0_L2A,15,99.999106,1.0,1.0,
ftw-cambodia-004,fields-of-the-world,cambodia,0.6015,2024-10-04,S2A_48PTV_20241004_0_L2A,15,87.908745,1.0,1.0,
ftw-cambodia-004,fields-of-the-world,cambodia,0.6015,2024-11-18,S2B_48PTV_20241118_0_L2A,15,39.056882,0.0,0.0,
ftw-cambodia-005,fields-of-the-world,cambodia,0.8054,2023-01-03,S2A_48PTV_20230103_0_L2A,20,42.377669,1.0,1.0,
ftw-cambodia-005,fields-of-the-world,cambodia,0.8054,2023-02-17,S2B_48PTV_20230217_0_L2A,20,0.680907,0.0,0.0,
ftw-cambodia-005,fields-of-the-world,cambodia,0.8054,2023-04-08,S2B_48PTV_20230408_0_L2A,20,84.951729,1.0,1.0,
ftw-cambodia-005,fields-of-the-world,cambodia,0.8054,2023-05-23,S2A_48PTV_20230523_0_L2A,20,51.888138,0.0,0.0,
ftw-cambodia-005,fields-of-the-world,cambodia,0.8054,2023-07-07,S2B_48PTV_20230707_0_L2A,20,41.374654,0.0,0.0,
ftw-cambodia-005,fields-of-the-world,cambodia,0.8054,2023-08-21,S2A_48PTV_20230821_0_L2A,20,90.859634,1.0,1.0,
ftw-cambodia-005,fields-of-the-world,cambodia,0.8054,2023-10-05,S2B_48PTV_20231005_0_L2A,20,69.598562,1.0,1.0,
ftw-cambodia-005,fields-of-the-world,cambodia,0.8054,2023-11-19,S2A_48PTV_20231119_0_L2A,20,39.148447,0.0,0.0,
ftw-cambodia-005,fields-of-the-world,cambodia,0.8054,2024-01-08,S2A_48PTV_20240108_0_L2A,20,37.610197,0.0,0.0,
ftw-cambodia-005,fields-of-the-world,cambodia,0.8054,2024-02-22,S2B_48PTV_20240222_0_L2A,20,26.81002,0.0,0.0,
ftw-cambodia-005,fields-of-the-world,cambodia,0.8054,2024-04-07,S2A_48PTV_20240407_0_L2A,20,11.113872,0.0,0.0,
ftw-cambodia-005,fields-of-the-world,cambodia,0.8054,2024-05-22,S2B_48PTV_20240522_0_L2A,20,98.185706,1.0,1.0,
ftw-cambodia-005,fields-of-the-world,cambodia,0.8054,2024-07-06,S2A_48PTV_20240706_0_L2A,20,61.862355,0.0,0.0,
ftw-cambodia-005,fields-of-the-world,cambodia,0.8054,2024-08-20,S2B_48PTV_20240820_0_L2A,20,99.999106,1.0,1.0,
ftw-cambodia-005,fields-of-the-world,cambodia,0.8054,2024-10-04,S2A_48PTV_20241004_0_L2A,20,87.908745,0.0,0.0,
ftw-cambodia-005,fields-of-the-world,cambodia,0.8054,2024-11-18,S2B_48PTV_20241118_0_L2A,20,39.056882,0.0,0.0,
ftw-cambodia-006,fields-of-the-world,cambodia,1.0024,2023-01-03,S2A_48PTV_20230103_0_L2A,25,42.377669,1.0,1.0,
ftw-cambodia-006,fields-of-the-world,cambodia,1.0024,2023-02-17,S2B_48PTV_20230217_0_L2A,25,0.680907,0.0,0.0,
ftw-cambodia-006,fields-of-the-world,cambodia,1.0024,2023-04-08,S2B_48PTV_20230408_0_L2A,25,84.951729,1.0,1.0,
ftw-cambodia-006,fields-of-the-world,cambodia,1.0024,2023-05-23,S2A_48PTV_20230523_0_L2A,25,51.888138,0.0,0.0,
ftw-cambodia-006,fields-of-the-world,cambodia,1.0024,2023-07-07,S2B_48PTV_20230707_0_L2A,25,41.374654,0.0,0.0,
ftw-cambodia-006,fields-of-the-world,cambodia,1.0024,2023-08-21,S2A_48PTV_20230821_0_L2A,25,90.859634,1.0,1.0,
ftw-cambodia-006,fields-of-the-world,cambodia,1.0024,2023-10-05,S2B_48PTV_20231005_0_L2A,25,69.598562,0.52,0.52,
ftw-cambodia-006,fields-of-the-world,cambodia,1.0024,2023-11-19,S2A_48PTV_20231119_0_L2A,25,39.148447,0.0,0.0,
ftw-cambodia-006,fields-of-the-world,cambodia,1.0024,2024-01-08,S2A_48PTV_20240108_0_L2A,25,37.610197,0.0,0.0,
ftw-cambodia-006,fields-of-the-world,cambodia,1.0024,2024-02-22,S2B_48PTV_20240222_0_L2A,25,26.81002,0.0,0.0,
ftw-cambodia-006,fields-of-the-world,cambodia,1.0024,2024-04-07,S2A_48PTV_20240407_0_L2A,25,11.113872,0.0,0.0,
ftw-cambodia-006,fields-of-the-world,cambodia,1.0024,2024-05-22,S2B_48PTV_20240522_0_L2A,25,98.185706,1.0,1.0,
ftw-cambodia-006,fields-of-the-world,cambodia,1.0024,2024-07-06,S2A_48PTV_20240706_0_L2A,25,61.862355,0.0,0.0,
ftw-cambodia-006,fields-of-the-world,cambodia,1.0024,2024-08-20,S2B_48PTV_20240820_0_L2A,25,99.999106,1.0,1.0,
ftw-cambodia-006,fields-of-the-world,cambodia,1.0024,2024-10-04,S2A_48PTV_20241004_0_L2A,25,87.908745,0.0,0.0,
ftw-cambodia-006,fields-of-the-world,cambodia,1.0024,2024-11-18,S2B_48PTV_20241118_0_L2A,25,39.056882,0.0,0.0,
ftw-cambodia-007,fields-of-the-world,cambodia,1.075,2023-01-05,S2B_48PWU_20230105_0_L2A,25,99.301726,1.0,1.0,
ftw-cambodia-007,fields-of-the-world,cambodia,1.075,2023-02-19,S2A_48PWU_20230219_0_L2A,25,63.685095,1.0,1.0,
ftw-cambodia-007,fields-of-the-world,cambodia,1.075,2023-04-05,S2B_48PWU_20230405_0_L2A,25,31.370306,0.0,0.0,
ftw-cambodia-007,fields-of-the-world,cambodia,1.075,2023-05-20,S2A_48PWU_20230520_0_L2A,25,86.266947,1.0,1.0,
ftw-cambodia-007,fields-of-the-world,cambodia,1.075,2023-07-04,S2B_48PWU_20230704_0_L2A,25,53.186858,0.0,0.0,
ftw-cambodia-007,fields-of-the-world,cambodia,1.075,2023-08-18,S2A_48PWU_20230818_0_L2A,25,92.486274,1.0,1.0,
ftw-cambodia-007,fields-of-the-world,cambodia,1.075,2023-10-02,S2B_48PWU_20231002_0_L2A,25,99.443567,1.0,1.0,
ftw-cambodia-007,fields-of-the-world,cambodia,1.075,2023-11-16,S2A_48PWU_20231116_0_L2A,25,54.164761,1.0,1.0,
ftw-cambodia-007,fields-of-the-world,cambodia,1.075,2023-12-31,S2B_48PWU_20231231_0_L2A,25,8.752194,0.0,0.0,
ftw-cambodia-007,fields-of-the-world,cambodia,1.075,2024-02-14,S2A_48PWU_20240214_0_L2A,25,0.623243,0.0,0.0,
ftw-cambodia-007,fields-of-the-world,cambodia,1.075,2024-03-30,S2B_48PWU_20240330_0_L2A,25,82.253969,1.0,1.0,
ftw-cambodia-007,fields-of-the-world,cambodia,1.075,2024-05-14,S2A_48PWU_20240514_0_L2A,25,79.579657,1.0,1.0,
ftw-cambodia-007,fields-of-the-world,cambodia,1.075,2024-06-28,S2B_48PWU_20240628_0_L2A,25,88.760281,1.0,1.0,
ftw-cambodia-007,fields-of-the-world,cambodia,1.075,2024-08-12,S2A_48PWU_20240812_0_L2A,25,90.250093,1.0,1.0,
ftw-cambodia-007,fields-of-the-world,cambodia,1.075,2024-09-26,S2B_48PWU_20240926_0_L2A,25,40.38457,0.0,0.0,
ftw-cambodia-007,fields-of-the-world,cambodia,1.075,2024-11-10,S2A_48PWU_20241110_0_L2A,25,5.943202,0.0,0.0,
ftw-cambodia-008,fields-of-the-world,cambodia,1.25,2023-01-05,S2B_48PWU_20230105_0_L2A,31,99.301726,1.0,1.0,
ftw-cambodia-008,fields-of-the-world,cambodia,1.25,2023-02-19,S2A_48PWU_20230219_0_L2A,31,63.685095,0.03225806451612903,0.03225806451612903,
ftw-cambodia-008,fields-of-the-world,cambodia,1.25,2023-04-05,S2B_48PWU_20230405_0_L2A,31,31.370306,1.0,1.0,
ftw-cambodia-008,fields-of-the-world,cambodia,1.25,2023-05-20,S2A_48PWU_20230520_0_L2A,31,86.266947,1.0,1.0,
ftw-cambodia-008,fields-of-the-world,cambodia,1.25,2023-07-04,S2B_48PWU_20230704_0_L2A,31,53.186858,1.0,1.0,
ftw-cambodia-008,fields-of-the-world,cambodia,1.25,2023-08-18,S2A_48PWU_20230818_0_L2A,31,92.486274,1.0,1.0,
ftw-cambodia-008,fields-of-the-world,cambodia,1.25,2023-10-02,S2B_48PWU_20231002_0_L2A,31,99.443567,1.0,1.0,
ftw-cambodia-008,fields-of-the-world,cambodia,1.25,2023-11-16,S2A_48PWU_20231116_0_L2A,31,54.164761,0.0,0.0,
ftw-cambodia-008,fields-of-the-world,cambodia,1.25,2023-12-31,S2B_48PWU_20231231_0_L2A,31,8.752194,0.0,0.0,
ftw-cambodia-008,fields-of-the-world,cambodia,1.25,2024-02-14,S2A_48PWU_20240214_0_L2A,31,0.623243,0.0,0.0,
ftw-cambodia-008,fields-of-the-world,cambodia,1.25,2024-03-30,S2B_48PWU_20240330_0_L2A,31,82.253969,1.0,1.0,
ftw-cambodia-008,fields-of-the-world,cambodia,1.25,2024-05-14,S2A_48PWU_20240514_0_L2A,31,79.579657,1.0,1.0,
ftw-cambodia-008,fields-of-the-world,cambodia,1.25,2024-06-28,S2B_48PWU_20240628_0_L2A,31,88.760281,1.0,1.0,
ftw-cambodia-008,fields-of-the-world,cambodia,1.25,2024-08-12,S2A_48PWU_20240812_0_L2A,31,90.250093,0.45161290322580644,0.45161290322580644,
ftw-cambodia-008,fields-of-the-world,cambodia,1.25,2024-09-26,S2B_48PWU_20240926_0_L2A,31,40.38457,0.0,0.0,
ftw-cambodia-008,fields-of-the-world,cambodia,1.25,2024-11-10,S2A_48PWU_20241110_0_L2A,31,5.943202,0.0,0.0,
ftw-cambodia-009,fields-of-the-world,cambodia,2.0197,2023-01-05,S2B_48PWU_20230105_0_L2A,52,99.301726,1.0,1.0,
ftw-cambodia-009,fields-of-the-world,cambodia,2.0197,2023-02-19,S2A_48PWU_20230219_0_L2A,52,63.685095,0.36538461538461536,0.36538461538461536,
ftw-cambodia-009,fields-of-the-world,cambodia,2.0197,2023-04-05,S2B_48PWU_20230405_0_L2A,52,31.370306,1.0,1.0,
ftw-cambodia-009,fields-of-the-world,cambodia,2.0197,2023-05-20,S2A_48PWU_20230520_0_L2A,52,86.266947,1.0,1.0,
ftw-cambodia-009,fields-of-the-world,cambodia,2.0197,2023-07-04,S2B_48PWU_20230704_0_L2A,52,53.186858,1.0,1.0,
ftw-cambodia-009,fields-of-the-world,cambodia,2.0197,2023-08-18,S2A_48PWU_20230818_0_L2A,52,92.486274,1.0,1.0,
ftw-cambodia-009,fields-of-the-world,cambodia,2.0197,2023-10-02,S2B_48PWU_20231002_0_L2A,52,99.443567,1.0,1.0,
ftw-cambodia-009,fields-of-the-world,cambodia,2.0197,2023-11-16,S2A_48PWU_20231116_0_L2A,52,54.164761,0.0,0.0,
ftw-cambodia-009,fields-of-the-world,cambodia,2.0197,2023-12-31,S2B_48PWU_20231231_0_L2A,52,8.752194,0.0,0.0,
ftw-cambodia-009,fields-of-the-world,cambodia,2.0197,2024-02-14,S2A_48PWU_20240214_0_L2A,52,0.623243,0.0,0.0,
ftw-cambodia-009,fields-of-the-world,cambodia,2.0197,2024-03-30,S2B_48PWU_20240330_0_L2A,52,82.253969,1.0,1.0,
ftw-cambodia-009,fields-of-the-world,cambodia,2.0197,2024-05-14,S2A_48PWU_20240514_0_L2A,52,79.579657,1.0,1.0,
ftw-cambodia-009,fields-of-the-world,cambodia,2.0197,2024-06-28,S2B_48PWU_20240628_0_L2A,52,88.760281,1.0,1.0,
ftw-cambodia-009,fields-of-the-world,cambodia,2.0197,2024-08-12,S2A_48PWU_20240812_0_L2A,52,90.250093,0.0,0.0,
ftw-cambodia-009,fields-of-the-world,cambodia,2.0197,2024-09-26,S2B_48PWU_20240926_0_L2A,52,40.38457,1.0,1.0,
ftw-cambodia-009,fields-of-the-world,cambodia,2.0197,2024-11-10,S2A_48PWU_20241110_0_L2A,52,5.943202,0.0,0.0,
ftw-cambodia-010,fields-of-the-world,cambodia,2.0685,2023-01-05,S2B_48PWU_20230105_0_L2A,46,99.301726,1.0,1.0,
ftw-cambodia-010,fields-of-the-world,cambodia,2.0685,2023-02-19,S2A_48PWU_20230219_0_L2A,46,63.685095,1.0,1.0,
ftw-cambodia-010,fields-of-the-world,cambodia,2.0685,2023-04-05,S2B_48PWU_20230405_0_L2A,46,31.370306,0.0,0.0,
ftw-cambodia-010,fields-of-the-world,cambodia,2.0685,2023-05-20,S2A_48PWU_20230520_0_L2A,46,86.266947,1.0,1.0,
ftw-cambodia-010,fields-of-the-world,cambodia,2.0685,2023-07-04,S2B_48PWU_20230704_0_L2A,46,53.186858,0.0,0.0,
ftw-cambodia-010,fields-of-the-world,cambodia,2.0685,2023-08-18,S2A_48PWU_20230818_0_L2A,46,92.486274,1.0,1.0,
ftw-cambodia-010,fields-of-the-world,cambodia,2.0685,2023-10-02,S2B_48PWU_20231002_0_L2A,46,99.443567,1.0,1.0,
ftw-cambodia-010,fields-of-the-world,cambodia,2.0685,2023-11-16,S2A_48PWU_20231116_0_L2A,46,54.164761,0.021739130434782608,0.021739130434782608,
ftw-cambodia-010,fields-of-the-world,cambodia,2.0685,2023-12-31,S2B_48PWT_20231231_0_L2A,46,13.125411,0.0,0.0,
ftw-cambodia-010,fields-of-the-world,cambodia,2.0685,2024-02-14,S2A_48PWT_20240214_0_L2A,46,0.583777,0.0,0.0,
ftw-cambodia-010,fields-of-the-world,cambodia,2.0685,2024-03-30,S2B_48PWT_20240330_0_L2A,46,70.736253,1.0,1.0,
ftw-cambodia-010,fields-of-the-world,cambodia,2.0685,2024-05-14,S2A_48PWT_20240514_0_L2A,46,62.0947,1.0,1.0,
ftw-cambodia-010,fields-of-the-world,cambodia,2.0685,2024-06-28,S2B_48PWT_20240628_0_L2A,46,73.94948,1.0,1.0,
ftw-cambodia-010,fields-of-the-world,cambodia,2.0685,2024-08-12,S2A_48PWT_20240812_0_L2A,46,84.690523,1.0,1.0,
ftw-cambodia-010,fields-of-the-world,cambodia,2.0685,2024-09-26,S2B_48PWT_20240926_0_L2A,46,37.893,0.0,0.0,
ftw-cambodia-010,fields-of-the-world,cambodia,2.0685,2024-11-10,S2A_48PWT_20241110_0_L2A,46,28.836474,0.0,0.0,
ftw-cambodia-011,fields-of-the-world,cambodia,2.0727,2023-01-05,S2B_48PWU_20230105_0_L2A,50,99.301726,1.0,1.0,
ftw-cambodia-011,fields-of-the-world,cambodia,2.0727,2023-02-19,S2A_48PWU_20230219_0_L2A,50,63.685095,0.52,0.52,
ftw-cambodia-011,fields-of-the-world,cambodia,2.0727,2023-04-05,S2B_48PWU_20230405_0_L2A,50,31.370306,1.0,1.0,
ftw-cambodia-011,fields-of-the-world,cambodia,2.0727,2023-05-20,S2A_48PWU_20230520_0_L2A,50,86.266947,1.0,1.0,
ftw-cambodia-011,fields-of-the-world,cambodia,2.0727,2023-07-04,S2B_48PWU_20230704_0_L2A,50,53.186858,1.0,1.0,
ftw-cambodia-011,fields-of-the-world,cambodia,2.0727,2023-08-18,S2A_48PWU_20230818_0_L2A,50,92.486274,1.0,1.0,
ftw-cambodia-011,fields-of-the-world,cambodia,2.0727,2023-10-02,S2B_48PWU_20231002_0_L2A,50,99.443567,1.0,1.0,
ftw-cambodia-011,fields-of-the-world,cambodia,2.0727,2023-11-16,S2A_48PWU_20231116_0_L2A,50,54.164761,0.0,0.0,
ftw-cambodia-011,fields-of-the-world,cambodia,2.0727,2023-12-31,S2B_48PWU_20231231_0_L2A,50,8.752194,0.0,0.0,
ftw-cambodia-011,fields-of-the-world,cambodia,2.0727,2024-02-14,S2A_48PWU_20240214_0_L2A,50,0.623243,0.0,0.0,
ftw-cambodia-011,fields-of-the-world,cambodia,2.0727,2024-03-30,S2B_48PWU_20240330_0_L2A,50,82.253969,1.0,1.0,
ftw-cambodia-011,fields-of-the-world,cambodia,2.0727,2024-05-14,S2A_48PWU_20240514_0_L2A,50,79.579657,1.0,1.0,
ftw-cambodia-011,fields-of-the-world,cambodia,2.0727,2024-06-28,S2B_48PWU_20240628_0_L2A,50,88.760281,1.0,1.0,
ftw-cambodia-011,fields-of-the-world,cambodia,2.0727,2024-08-12,S2A_48PWU_20240812_0_L2A,50,90.250093,1.0,1.0,
ftw-cambodia-011,fields-of-the-world,cambodia,2.0727,2024-09-26,S2B_48PWU_20240926_0_L2A,50,40.38457,0.0,0.0,
ftw-cambodia-011,fields-of-the-world,cambodia,2.0727,2024-11-10,S2A_48PWU_20241110_0_L2A,50,5.943202,0.0,0.0,
ftw-cambodia-012,fields-of-the-world,cambodia,2.2475,2023-01-03,S2A_48PTV_20230103_0_L2A,45,42.377669,1.0,1.0,
ftw-cambodia-012,fields-of-the-world,cambodia,2.2475,2023-02-17,S2B_48PTV_20230217_0_L2A,45,0.680907,0.0,0.0,
ftw-cambodia-012,fields-of-the-world,cambodia,2.2475,2023-04-08,S2B_48PTV_20230408_0_L2A,45,84.951729,1.0,1.0,
ftw-cambodia-012,fields-of-the-world,cambodia,2.2475,2023-05-23,S2A_48PTV_20230523_0_L2A,45,51.888138,0.0,0.0,
ftw-cambodia-012,fields-of-the-world,cambodia,2.2475,2023-07-07,S2B_48PTV_20230707_0_L2A,45,41.374654,0.0,0.0,
ftw-cambodia-012,fields-of-the-world,cambodia,2.2475,2023-08-21,S2A_48PTV_20230821_0_L2A,45,90.859634,1.0,1.0,
ftw-cambodia-012,fields-of-the-world,cambodia,2.2475,2023-10-05,S2B_48PTV_20231005_0_L2A,45,69.598562,1.0,1.0,
ftw-cambodia-012,fields-of-the-world,cambodia,2.2475,2023-11-19,S2A_48PTV_20231119_0_L2A,45,39.148447,0.0,0.0,
ftw-cambodia-012,fields-of-the-world,cambodia,2.2475,2024-01-08,S2A_48PTV_20240108_0_L2A,45,37.610197,1.0,1.0,
ftw-cambodia-012,fields-of-the-world,cambodia,2.2475,2024-02-22,S2B_48PTV_20240222_0_L2A,45,26.81002,0.0,0.0,
ftw-cambodia-012,fields-of-the-world,cambodia,2.2475,2024-04-07,S2A_48PTV_20240407_0_L2A,45,11.113872,0.0,0.0,
ftw-cambodia-012,fields-of-the-world,cambodia,2.2475,2024-05-22,S2B_48PTV_20240522_0_L2A,45,98.185706,1.0,1.0,
ftw-cambodia-012,fields-of-the-world,cambodia,2.2475,2024-07-06,S2A_48PTV_20240706_0_L2A,45,61.862355,0.0,0.0,
ftw-cambodia-012,fields-of-the-world,cambodia,2.2475,2024-08-20,S2B_48PTV_20240820_0_L2A,45,99.999106,1.0,1.0,
ftw-cambodia-012,fields-of-the-world,cambodia,2.2475,2024-10-04,S2A_48PTV_20241004_0_L2A,45,87.908745,1.0,1.0,
ftw-cambodia-012,fields-of-the-world,cambodia,2.2475,2024-11-18,S2B_48PTV_20241118_0_L2A,45,39.056882,0.0,0.0,
ftw-cambodia-013,fields-of-the-world,cambodia,2.3,2023-01-05,S2B_48PWU_20230105_0_L2A,54,99.301726,1.0,1.0,
ftw-cambodia-013,fields-of-the-world,cambodia,2.3,2023-02-19,S2A_48PWU_20230219_0_L2A,54,63.685095,1.0,1.0,
ftw-cambodia-013,fields-of-the-world,cambodia,2.3,2023-04-05,S2B_48PWU_20230405_0_L2A,54,31.370306,0.9259259259259259,0.9259259259259259,
ftw-cambodia-013,fields-of-the-world,cambodia,2.3,2023-05-20,S2A_48PWU_20230520_0_L2A,54,86.266947,1.0,1.0,
ftw-cambodia-013,fields-of-the-world,cambodia,2.3,2023-07-04,S2B_48PWU_20230704_0_L2A,54,53.186858,0.0,0.0,
ftw-cambodia-013,fields-of-the-world,cambodia,2.3,2023-08-18,S2A_48PWU_20230818_0_L2A,54,92.486274,1.0,1.0,
ftw-cambodia-013,fields-of-the-world,cambodia,2.3,2023-10-02,S2B_48PWU_20231002_0_L2A,54,99.443567,1.0,1.0,
ftw-cambodia-013,fields-of-the-world,cambodia,2.3,2023-11-16,S2A_48PWU_20231116_0_L2A,54,54.164761,0.0,0.0,
ftw-cambodia-013,fields-of-the-world,cambodia,2.3,2023-12-31,S2B_48PWT_20231231_0_L2A,54,13.125411,0.0,0.0,
ftw-cambodia-013,fields-of-the-world,cambodia,2.3,2024-02-14,S2A_48PWT_20240214_0_L2A,54,0.583777,0.0,0.0,
ftw-cambodia-013,fields-of-the-world,cambodia,2.3,2024-03-30,S2B_48PWT_20240330_0_L2A,54,70.736253,1.0,1.0,
ftw-cambodia-013,fields-of-the-world,cambodia,2.3,2024-05-14,S2A_48PWT_20240514_0_L2A,54,62.0947,0.9814814814814815,0.9814814814814815,
ftw-cambodia-013,fields-of-the-world,cambodia,2.3,2024-06-28,S2B_48PWT_20240628_0_L2A,54,73.94948,1.0,1.0,
ftw-cambodia-013,fields-of-the-world,cambodia,2.3,2024-08-12,S2A_48PWT_20240812_0_L2A,54,84.690523,1.0,1.0,
ftw-cambodia-013,fields-of-the-world,cambodia,2.3,2024-09-26,S2B_48PWT_20240926_0_L2A,54,37.893,0.0,0.0,
ftw-cambodia-013,fields-of-the-world,cambodia,2.3,2024-11-10,S2A_48PWT_20241110_0_L2A,54,28.836474,0.0,0.0,
ftw-cambodia-014,fields-of-the-world,cambodia,2.3214,2023-01-05,S2B_48PWU_20230105_0_L2A,54,99.301726,1.0,1.0,
ftw-cambodia-014,fields-of-the-world,cambodia,2.3214,2023-02-19,S2A_48PWU_20230219_0_L2A,54,63.685095,1.0,1.0,
ftw-cambodia-014,fields-of-the-world,cambodia,2.3214,2023-04-05,S2B_48PWU_20230405_0_L2A,54,31.370306,0.16666666666666666,0.16666666666666666,
ftw-cambodia-014,fields-of-the-world,cambodia,2.3214,2023-05-20,S2A_48PWU_20230520_0_L2A,54,86.266947,1.0,1.0,
ftw-cambodia-014,fields-of-the-world,cambodia,2.3214,2023-07-04,S2B_48PWU_20230704_0_L2A,54,53.186858,0.0,0.0,
ftw-cambodia-014,fields-of-the-world,cambodia,2.3214,2023-08-18,S2A_48PWU_20230818_0_L2A,54,92.486274,1.0,1.0,
ftw-cambodia-014,fields-of-the-world,cambodia,2.3214,2023-10-02,S2B_48PWU_20231002_0_L2A,54,99.443567,1.0,1.0,
ftw-cambodia-014,fields-of-the-world,cambodia,2.3214,2023-11-16,S2A_48PWU_20231116_0_L2A,54,54.164761,0.0,0.0,
ftw-cambodia-014,fields-of-the-world,cambodia,2.3214,2023-12-31,S2B_48PWT_20231231_0_L2A,54,13.125411,0.0,0.0,
ftw-cambodia-014,fields-of-the-world,cambodia,2.3214,2024-02-14,S2A_48PWT_20240214_0_L2A,54,0.583777,0.0,0.0,
ftw-cambodia-014,fields-of-the-world,cambodia,2.3214,2024-03-30,S2B_48PWT_20240330_0_L2A,54,70.736253,1.0,1.0,
ftw-cambodia-014,fields-of-the-world,cambodia,2.3214,2024-05-14,S2A_48PWT_20240514_0_L2A,54,62.0947,0.0,0.0,
ftw-cambodia-014,fields-of-the-world,cambodia,2.3214,2024-06-28,S2B_48PWT_20240628_0_L2A,54,73.94948,1.0,1.0,
ftw-cambodia-014,fields-of-the-world,cambodia,2.3214,2024-08-12,S2A_48PWT_20240812_0_L2A,54,84.690523,1.0,1.0,
ftw-cambodia-014,fields-of-the-world,cambodia,2.3214,2024-09-26,S2B_48PWT_20240926_0_L2A,54,37.893,0.0,0.0,
ftw-cambodia-014,fields-of-the-world,cambodia,2.3214,2024-11-10,S2A_48PWT_20241110_0_L2A,54,28.836474,0.0,0.0,
ftw-cambodia-015,fields-of-the-world,cambodia,2.4224,2023-01-05,S2B_48PWU_20230105_0_L2A,59,99.301726,1.0,1.0,
ftw-cambodia-015,fields-of-the-world,cambodia,2.4224,2023-02-19,S2A_48PWU_20230219_0_L2A,59,63.685095,0.288135593220339,0.288135593220339,
ftw-cambodia-015,fields-of-the-world,cambodia,2.4224,2023-04-05,S2B_48PWU_20230405_0_L2A,59,31.370306,1.0,1.0,
ftw-cambodia-015,fields-of-the-world,cambodia,2.4224,2023-05-20,S2A_48PWU_20230520_0_L2A,59,86.266947,1.0,1.0,
ftw-cambodia-015,fields-of-the-world,cambodia,2.4224,2023-07-04,S2B_48PWU_20230704_0_L2A,59,53.186858,1.0,1.0,
ftw-cambodia-015,fields-of-the-world,cambodia,2.4224,2023-08-18,S2A_48PWU_20230818_0_L2A,59,92.486274,1.0,1.0,
ftw-cambodia-015,fields-of-the-world,cambodia,2.4224,2023-10-02,S2B_48PWU_20231002_0_L2A,59,99.443567,1.0,1.0,
ftw-cambodia-015,fields-of-the-world,cambodia,2.4224,2023-11-16,S2A_48PWU_20231116_0_L2A,59,54.164761,0.0,0.0,
ftw-cambodia-015,fields-of-the-world,cambodia,2.4224,2023-12-31,S2B_48PWU_20231231_0_L2A,59,8.752194,0.0,0.0,
ftw-cambodia-015,fields-of-the-world,cambodia,2.4224,2024-02-14,S2A_48PWU_20240214_0_L2A,59,0.623243,0.0,0.0,
ftw-cambodia-015,fields-of-the-world,cambodia,2.4224,2024-03-30,S2B_48PWU_20240330_0_L2A,59,82.253969,1.0,1.0,
ftw-cambodia-015,fields-of-the-world,cambodia,2.4224,2024-05-14,S2A_48PWU_20240514_0_L2A,59,79.579657,1.0,1.0,
ftw-cambodia-015,fields-of-the-world,cambodia,2.4224,2024-06-28,S2B_48PWU_20240628_0_L2A,59,88.760281,1.0,1.0,
ftw-cambodia-015,fields-of-the-world,cambodia,2.4224,2024-08-12,S2A_48PWU_20240812_0_L2A,59,90.250093,1.0,1.0,
ftw-cambodia-015,fields-of-the-world,cambodia,2.4224,2024-09-26,S2B_48PWU_20240926_0_L2A,59,40.38457,0.0,0.0,
ftw-cambodia-015,fields-of-the-world,cambodia,2.4224,2024-11-10,S2A_48PWU_20241110_0_L2A,59,5.943202,0.0,0.0,
ftw-cambodia-016,fields-of-the-world,cambodia,2.4233,2023-01-03,S2A_48PTV_20230103_0_L2A,61,42.377669,1.0,1.0,
ftw-cambodia-016,fields-of-the-world,cambodia,2.4233,2023-02-17,S2B_48PTV_20230217_0_L2A,61,0.680907,0.0,0.0,
ftw-cambodia-016,fields-of-the-world,cambodia,2.4233,2023-04-08,S2B_48PTV_20230408_0_L2A,61,84.951729,1.0,1.0,
ftw-cambodia-016,fields-of-the-world,cambodia,2.4233,2023-05-23,S2A_48PTV_20230523_0_L2A,61,51.888138,0.0,0.0,
ftw-cambodia-016,fields-of-the-world,cambodia,2.4233,2023-07-07,S2B_48PTV_20230707_0_L2A,61,41.374654,0.0,0.0,
ftw-cambodia-016,fields-of-the-world,cambodia,2.4233,2023-08-21,S2A_48PTV_20230821_0_L2A,61,90.859634,1.0,1.0,
ftw-cambodia-016,fields-of-the-world,cambodia,2.4233,2023-10-05,S2B_48PTV_20231005_0_L2A,61,69.598562,1.0,1.0,
ftw-cambodia-016,fields-of-the-world,cambodia,2.4233,2023-11-19,S2A_48PTV_20231119_0_L2A,61,39.148447,0.0,0.0,
ftw-cambodia-016,fields-of-the-world,cambodia,2.4233,2024-01-08,S2A_48PTV_20240108_0_L2A,61,37.610197,0.0,0.0,
ftw-cambodia-016,fields-of-the-world,cambodia,2.4233,2024-02-22,S2B_48PTV_20240222_0_L2A,61,26.81002,0.0,0.0,
ftw-cambodia-016,fields-of-the-world,cambodia,2.4233,2024-04-07,S2A_48PTV_20240407_0_L2A,61,11.113872,0.0,0.0,
ftw-cambodia-016,fields-of-the-world,cambodia,2.4233,2024-05-22,S2B_48PTV_20240522_0_L2A,61,98.185706,1.0,1.0,
ftw-cambodia-016,fields-of-the-world,cambodia,2.4233,2024-07-06,S2A_48PTV_20240706_0_L2A,61,61.862355,0.0,0.0,
ftw-cambodia-016,fields-of-the-world,cambodia,2.4233,2024-08-20,S2B_48PTV_20240820_0_L2A,61,99.999106,1.0,1.0,
ftw-cambodia-016,fields-of-the-world,cambodia,2.4233,2024-10-04,S2A_48PTV_20241004_0_L2A,61,87.908745,0.0,0.0,
ftw-cambodia-016,fields-of-the-world,cambodia,2.4233,2024-11-18,S2B_48PTV_20241118_0_L2A,61,39.056882,0.0,0.0,
ftw-cambodia-017,fields-of-the-world,cambodia,2.9087,2023-01-03,S2A_48PTV_20230103_0_L2A,66,42.377669,0.6818181818181818,0.6818181818181818,
ftw-cambodia-017,fields-of-the-world,cambodia,2.9087,2023-02-17,S2B_48PTV_20230217_0_L2A,66,0.680907,0.0,0.0,
ftw-cambodia-017,fields-of-the-world,cambodia,2.9087,2023-04-08,S2B_48PTV_20230408_0_L2A,66,84.951729,1.0,1.0,
ftw-cambodia-017,fields-of-the-world,cambodia,2.9087,2023-05-23,S2A_48PTV_20230523_0_L2A,66,51.888138,0.0,0.0,
ftw-cambodia-017,fields-of-the-world,cambodia,2.9087,2023-07-07,S2B_48PTV_20230707_0_L2A,66,41.374654,0.0,0.0,
ftw-cambodia-017,fields-of-the-world,cambodia,2.9087,2023-08-21,S2A_48PTV_20230821_0_L2A,66,90.859634,1.0,1.0,
ftw-cambodia-017,fields-of-the-world,cambodia,2.9087,2023-10-05,S2B_48PTV_20231005_0_L2A,66,69.598562,1.0,1.0,
ftw-cambodia-017,fields-of-the-world,cambodia,2.9087,2023-11-19,S2A_48PTV_20231119_0_L2A,66,39.148447,0.0,0.0,
ftw-cambodia-017,fields-of-the-world,cambodia,2.9087,2024-01-08,S2A_48PTV_20240108_0_L2A,66,37.610197,1.0,1.0,
ftw-cambodia-017,fields-of-the-world,cambodia,2.9087,2024-02-22,S2B_48PTV_20240222_0_L2A,66,26.81002,0.0,0.0,
ftw-cambodia-017,fields-of-the-world,cambodia,2.9087,2024-04-07,S2A_48PTV_20240407_0_L2A,66,11.113872,0.0,0.0,
ftw-cambodia-017,fields-of-the-world,cambodia,2.9087,2024-05-22,S2B_48PTV_20240522_0_L2A,66,98.185706,1.0,1.0,
ftw-cambodia-017,fields-of-the-world,cambodia,2.9087,2024-07-06,S2A_48PTV_20240706_0_L2A,66,61.862355,0.0,0.0,
ftw-cambodia-017,fields-of-the-world,cambodia,2.9087,2024-08-20,S2B_48PTV_20240820_0_L2A,66,99.999106,1.0,1.0,
ftw-cambodia-017,fields-of-the-world,cambodia,2.9087,2024-10-04,S2A_48PTV_20241004_0_L2A,66,87.908745,0.7272727272727273,0.7272727272727273,
ftw-cambodia-017,fields-of-the-world,cambodia,2.9087,2024-11-18,S2B_48PTV_20241118_0_L2A,66,39.056882,0.0,0.0,
ftw-corsica-000,fields-of-the-world,corsica,4.2764,2023-01-01,S2B_32TNM_20230101_0_L2A,106,72.92515,1.0,1.0,
ftw-corsica-000,fields-of-the-world,corsica,4.2764,2023-02-15,S2A_32TNM_20230215_0_L2A,106,0.005611,0.0,0.0,
ftw-corsica-000,fields-of-the-world,corsica,4.2764,2023-04-03,S2A_32TNM_20230403_0_L2A,106,38.040382,0.0,0.0,
ftw-corsica-000,fields-of-the-world,corsica,4.2764,2023-05-21,S2B_32TNM_20230521_0_L2A,106,99.999309,1.0,1.0,
ftw-corsica-000,fields-of-the-world,corsica,4.2764,2023-07-05,S2A_32TNM_20230705_0_L2A,106,12.922095,0.0,0.0,
ftw-corsica-000,fields-of-the-world,corsica,4.2764,2023-08-21,S2A_32TNM_20230821_0_L2A,106,0.000859,0.0,0.0,
ftw-corsica-000,fields-of-the-world,corsica,4.2764,2023-10-08,S2B_32TNM_20231008_0_L2A,106,0.042085,0.0,0.0,
ftw-corsica-000,fields-of-the-world,corsica,4.2764,2023-11-22,S2A_32TNM_20231122_0_L2A,106,98.856163,1.0,1.0,
ftw-corsica-000,fields-of-the-world,corsica,4.2764,2024-01-11,S2A_32TNM_20240111_0_L2A,106,98.814648,1.0,1.0,
ftw-corsica-000,fields-of-the-world,corsica,4.2764,2024-02-27,S2A_32TNM_20240227_0_L2A,106,99.997473,1.0,1.0,
ftw-corsica-000,fields-of-the-world,corsica,4.2764,2024-04-12,S2B_32TNM_20240412_0_L2A,106,39.133778,0.0,0.0,
ftw-corsica-000,fields-of-the-world,corsica,4.2764,2024-05-30,S2A_32TNM_20240530_0_L2A,106,82.01167,0.0,0.0,
ftw-corsica-000,fields-of-the-world,corsica,4.2764,2024-07-16,S2A_32TNM_20240716_0_L2A,106,0.189555,0.0,0.0,
ftw-corsica-000,fields-of-the-world,corsica,4.2764,2024-08-30,S2B_32TNM_20240830_0_L2A,106,0.93709,0.0,0.0,
ftw-corsica-000,fields-of-the-world,corsica,4.2764,2024-10-17,S2A_32TNM_20241017_0_L2A,106,76.7838,0.8679245283018868,0.8679245283018868,
ftw-corsica-000,fields-of-the-world,corsica,4.2764,2024-11-26,S2A_32TNM_20241126_0_L2A,106,7.630838,0.0,0.0,
ftw-croatia-000,fields-of-the-world,croatia,0.2002,2023-01-02,S2B_33TXM_20230102_0_L2A,5,99.998224,1.0,1.0,
ftw-croatia-000,fields-of-the-world,croatia,0.2002,2023-02-16,S2A_33TXM_20230216_0_L2A,5,18.679991,1.0,1.0,
ftw-croatia-000,fields-of-the-world,croatia,0.2002,2023-04-02,S2B_33TXM_20230402_0_L2A,5,96.704167,1.0,1.0,
ftw-croatia-000,fields-of-the-world,croatia,0.2002,2023-05-17,S2A_33TXM_20230517_0_L2A,5,99.994969,1.0,1.0,
ftw-croatia-000,fields-of-the-world,croatia,0.2002,2023-07-01,S2B_33TXM_20230701_0_L2A,5,97.113705,1.0,1.0,
ftw-croatia-000,fields-of-the-world,croatia,0.2002,2023-08-15,S2A_33TXM_20230815_0_L2A,5,0.000965,0.0,0.0,
ftw-croatia-000,fields-of-the-world,croatia,0.2002,2023-10-04,S2A_33TXM_20231004_0_L2A,5,92.102295,1.0,1.0,
ftw-croatia-000,fields-of-the-world,croatia,0.2002,2023-11-18,S2B_33TXM_20231118_0_L2A,5,5.340029,0.0,0.0,
ftw-croatia-000,fields-of-the-world,croatia,0.2002,2024-01-02,S2A_33TXM_20240102_0_L2A,5,99.885368,1.0,1.0,
ftw-croatia-000,fields-of-the-world,croatia,0.2002,2024-02-16,S2B_33TXM_20240216_0_L2A,5,0.351316,0.0,0.0,
ftw-croatia-000,fields-of-the-world,croatia,0.2002,2024-04-01,S2A_33TXM_20240401_0_L2A,5,99.551892,1.0,1.0,
ftw-croatia-000,fields-of-the-world,croatia,0.2002,2024-05-21,S2A_33TXM_20240521_0_L2A,5,99.033701,1.0,1.0,
ftw-croatia-000,fields-of-the-world,croatia,0.2002,2024-07-05,S2B_33TXM_20240705_0_L2A,5,12.000275,0.0,0.0,
ftw-croatia-000,fields-of-the-world,croatia,0.2002,2024-08-19,S2A_33TXM_20240819_0_L2A,5,84.342259,1.0,1.0,
ftw-croatia-000,fields-of-the-world,croatia,0.2002,2024-10-03,S2B_33TXM_20241003_0_L2A,5,99.999976,1.0,1.0,
ftw-croatia-000,fields-of-the-world,croatia,0.2002,2024-11-17,S2A_33TXM_20241117_0_L2A,5,97.471422,1.0,1.0,
ftw-croatia-001,fields-of-the-world,croatia,0.2884,2023-01-02,S2B_33TXM_20230102_0_L2A,3,99.998224,1.0,1.0,
ftw-croatia-001,fields-of-the-world,croatia,0.2884,2023-02-16,S2A_33TXM_20230216_0_L2A,3,18.679991,0.0,0.0,
ftw-croatia-001,fields-of-the-world,croatia,0.2884,2023-04-02,S2B_33TXM_20230402_0_L2A,3,96.704167,1.0,1.0,
ftw-croatia-001,fields-of-the-world,croatia,0.2884,2023-05-17,S2A_33TXM_20230517_0_L2A,3,99.994969,1.0,1.0,
ftw-croatia-001,fields-of-the-world,croatia,0.2884,2023-07-01,S2B_33TXM_20230701_0_L2A,3,97.113705,1.0,1.0,
ftw-croatia-001,fields-of-the-world,croatia,0.2884,2023-08-15,S2A_33TXM_20230815_0_L2A,3,0.000965,0.0,0.0,
ftw-croatia-001,fields-of-the-world,croatia,0.2884,2023-10-04,S2A_33TXM_20231004_0_L2A,3,92.102295,1.0,1.0,
ftw-croatia-001,fields-of-the-world,croatia,0.2884,2023-11-18,S2B_33TXM_20231118_0_L2A,3,5.340029,0.0,0.0,
ftw-croatia-001,fields-of-the-world,croatia,0.2884,2024-01-02,S2A_33TXM_20240102_0_L2A,3,99.885368,1.0,1.0,
ftw-croatia-001,fields-of-the-world,croatia,0.2884,2024-02-16,S2B_33TXM_20240216_0_L2A,3,0.351316,0.0,0.0,
ftw-croatia-001,fields-of-the-world,croatia,0.2884,2024-04-01,S2A_33TXM_20240401_0_L2A,3,99.551892,1.0,1.0,
ftw-croatia-001,fields-of-the-world,croatia,0.2884,2024-05-21,S2A_33TXM_20240521_0_L2A,3,99.033701,1.0,1.0,
ftw-croatia-001,fields-of-the-world,croatia,0.2884,2024-07-05,S2B_33TXM_20240705_0_L2A,3,12.000275,0.0,0.0,
ftw-croatia-001,fields-of-the-world,croatia,0.2884,2024-08-19,S2A_33TXM_20240819_0_L2A,3,84.342259,1.0,1.0,
ftw-croatia-001,fields-of-the-world,croatia,0.2884,2024-10-03,S2B_33TXM_20241003_0_L2A,3,99.999976,1.0,1.0,
ftw-croatia-001,fields-of-the-world,croatia,0.2884,2024-11-17,S2A_33TXM_20241117_0_L2A,3,97.471422,1.0,1.0,
ftw-croatia-002,fields-of-the-world,croatia,0.3787,2023-01-02,S2B_33TXM_20230102_0_L2A,10,99.998224,1.0,1.0,
ftw-croatia-002,fields-of-the-world,croatia,0.3787,2023-02-16,S2A_33TXM_20230216_0_L2A,10,18.679991,0.0,0.0,
ftw-croatia-002,fields-of-the-world,croatia,0.3787,2023-04-02,S2B_33TXM_20230402_0_L2A,10,96.704167,1.0,1.0,
ftw-croatia-002,fields-of-the-world,croatia,0.3787,2023-05-17,S2A_33TXL_20230517_0_L2A,10,99.228972,1.0,1.0,
ftw-croatia-002,fields-of-the-world,croatia,0.3787,2023-07-01,S2B_33TXL_20230701_0_L2A,10,93.560374,1.0,1.0,
ftw-croatia-002,fields-of-the-world,croatia,0.3787,2023-08-15,S2A_33TXL_20230815_0_L2A,10,0.268904,0.0,0.0,
ftw-croatia-002,fields-of-the-world,croatia,0.3787,2023-10-04,S2A_33TXM_20231004_0_L2A,10,92.102295,1.0,1.0,
ftw-croatia-002,fields-of-the-world,croatia,0.3787,2023-11-18,S2B_33TXM_20231118_0_L2A,10,5.340029,0.0,0.0,
ftw-croatia-002,fields-of-the-world,croatia,0.3787,2024-01-02,S2A_33TXL_20240102_0_L2A,10,96.654004,1.0,1.0,
ftw-croatia-002,fields-of-the-world,croatia,0.3787,2024-02-16,S2B_33TXL_20240216_0_L2A,10,3.021818,0.0,0.0,
ftw-croatia-002,fields-of-the-world,croatia,0.3787,2024-04-01,S2A_33TXL_20240401_0_L2A,10,98.529333,1.0,1.0,
ftw-croatia-002,fields-of-the-world,croatia,0.3787,2024-05-21,S2A_33TXM_20240521_0_L2A,10,99.033701,1.0,1.0,
ftw-croatia-002,fields-of-the-world,croatia,0.3787,2024-07-05,S2B_33TXM_20240705_0_L2A,10,12.000275,0.0,0.0,
ftw-croatia-002,fields-of-the-world,croatia,0.3787,2024-08-19,S2A_33TXM_20240819_0_L2A,10,84.342259,1.0,1.0,
ftw-croatia-002,fields-of-the-world,croatia,0.3787,2024-10-03,S2B_33TXL_20241003_0_L2A,10,99.999881,1.0,1.0,
ftw-croatia-002,fields-of-the-world,croatia,0.3787,2024-11-17,S2A_33TXL_20241117_0_L2A,0,61.166751,nan,nan,"RasterioIOError: '/vsis3/sentinel-s2-l2a/tiles/33/T/XL/2024/11/17/0/R20m/SCL.jp2' does not exist in the file system, and is not recognized as a supported dataset name."
ftw-croatia-003,fields-of-the-world,croatia,0.5006,2023-01-02,S2B_33TXM_20230102_0_L2A,12,99.998224,1.0,1.0,
ftw-croatia-003,fields-of-the-world,croatia,0.5006,2023-02-16,S2A_33TXM_20230216_0_L2A,12,18.679991,1.0,1.0,
ftw-croatia-003,fields-of-the-world,croatia,0.5006,2023-04-02,S2B_33TXM_20230402_0_L2A,12,96.704167,1.0,1.0,
ftw-croatia-003,fields-of-the-world,croatia,0.5006,2023-05-17,S2A_33TXM_20230517_0_L2A,12,99.994969,1.0,1.0,
ftw-croatia-003,fields-of-the-world,croatia,0.5006,2023-07-01,S2B_33TXM_20230701_0_L2A,12,97.113705,1.0,1.0,
ftw-croatia-003,fields-of-the-world,croatia,0.5006,2023-08-15,S2A_33TXM_20230815_0_L2A,12,0.000965,0.0,0.0,
ftw-croatia-003,fields-of-the-world,croatia,0.5006,2023-10-04,S2A_33TXM_20231004_0_L2A,12,92.102295,1.0,1.0,
ftw-croatia-003,fields-of-the-world,croatia,0.5006,2023-11-18,S2B_33TXM_20231118_0_L2A,12,5.340029,0.0,0.0,
ftw-croatia-003,fields-of-the-world,croatia,0.5006,2024-01-02,S2A_33TXM_20240102_0_L2A,12,99.885368,1.0,1.0,
ftw-croatia-003,fields-of-the-world,croatia,0.5006,2024-02-16,S2B_33TXM_20240216_0_L2A,12,0.351316,0.0,0.0,
ftw-croatia-003,fields-of-the-world,croatia,0.5006,2024-04-01,S2A_33TXM_20240401_0_L2A,12,99.551892,1.0,1.0,
ftw-croatia-003,fields-of-the-world,croatia,0.5006,2024-05-21,S2A_33TXM_20240521_0_L2A,12,99.033701,1.0,1.0,
ftw-croatia-003,fields-of-the-world,croatia,0.5006,2024-07-05,S2B_33TXM_20240705_0_L2A,12,12.000275,0.0,0.0,
ftw-croatia-003,fields-of-the-world,croatia,0.5006,2024-08-19,S2A_33TXM_20240819_0_L2A,12,84.342259,1.0,1.0,
ftw-croatia-003,fields-of-the-world,croatia,0.5006,2024-10-03,S2B_33TXM_20241003_0_L2A,12,99.999976,1.0,1.0,
ftw-croatia-003,fields-of-the-world,croatia,0.5006,2024-11-17,S2A_33TXM_20241117_0_L2A,12,97.471422,1.0,1.0,
ftw-croatia-004,fields-of-the-world,croatia,0.6172,2023-01-02,S2B_33TXL_20230102_0_L2A,10,92.137647,1.0,1.0,
ftw-croatia-004,fields-of-the-world,croatia,0.6172,2023-02-16,S2A_33TXL_20230216_0_L2A,10,12.962824,0.0,0.0,
ftw-croatia-004,fields-of-the-world,croatia,0.6172,2023-04-02,S2B_33TXL_20230402_0_L2A,10,52.16881,1.0,1.0,
ftw-croatia-004,fields-of-the-world,croatia,0.6172,2023-05-17,S2A_33TXL_20230517_0_L2A,10,99.228972,1.0,1.0,
ftw-croatia-004,fields-of-the-world,croatia,0.6172,2023-07-01,S2B_33TXL_20230701_0_L2A,10,93.560374,1.0,1.0,
ftw-croatia-004,fields-of-the-world,croatia,0.6172,2023-08-15,S2A_33TXL_20230815_0_L2A,10,0.268904,0.0,0.0,
ftw-croatia-004,fields-of-the-world,croatia,0.6172,2023-10-04,S2A_33TXL_20231004_0_L2A,10,84.927827,1.0,1.0,
ftw-croatia-004,fields-of-the-world,croatia,0.6172,2023-11-18,S2B_33TXL_20231118_0_L2A,10,1.374584,0.0,0.0,
ftw-croatia-004,fields-of-the-world,croatia,0.6172,2024-01-02,S2A_33TXL_20240102_0_L2A,10,96.654004,1.0,1.0,
ftw-croatia-004,fields-of-the-world,croatia,0.6172,2024-02-16,S2B_33TXL_20240216_0_L2A,10,3.021818,0.0,0.0,
ftw-croatia-004,fields-of-the-world,croatia,0.6172,2024-04-01,S2A_33TXL_20240401_0_L2A,10,98.529333,1.0,1.0,
ftw-croatia-004,fields-of-the-world,croatia,0.6172,2024-05-21,S2A_33TXL_20240521_0_L2A,10,88.805503,1.0,1.0,
ftw-croatia-004,fields-of-the-world,croatia,0.6172,2024-07-05,S2B_33TXL_20240705_0_L2A,10,15.145153,0.0,0.0,
ftw-croatia-004,fields-of-the-world,croatia,0.6172,2024-08-19,S2A_33TXL_20240819_0_L2A,10,51.567322,1.0,1.0,
ftw-croatia-004,fields-of-the-world,croatia,0.6172,2024-10-03,S2B_33TXL_20241003_0_L2A,10,99.999881,1.0,1.0,
ftw-croatia-004,fields-of-the-world,croatia,0.6172,2024-11-17,S2A_33TXL_20241117_0_L2A,0,61.166751,nan,nan,"RasterioIOError: '/vsis3/sentinel-s2-l2a/tiles/33/T/XL/2024/11/17/0/R20m/SCL.jp2' does not exist in the file system, and is not recognized as a supported dataset name."
ftw-croatia-005,fields-of-the-world,croatia,0.7589,2023-01-02,S2B_33TXM_20230102_0_L2A,16,99.998224,1.0,1.0,
ftw-croatia-005,fields-of-the-world,croatia,0.7589,2023-02-16,S2A_33TXM_20230216_0_L2A,16,18.679991,0.0,0.0,
ftw-croatia-005,fields-of-the-world,croatia,0.7589,2023-04-02,S2B_33TXM_20230402_0_L2A,16,96.704167,1.0,1.0,
ftw-croatia-005,fields-of-the-world,croatia,0.7589,2023-05-17,S2A_33TXM_20230517_0_L2A,16,99.994969,1.0,1.0,
ftw-croatia-005,fields-of-the-world,croatia,0.7589,2023-07-01,S2B_33TXM_20230701_0_L2A,16,97.113705,1.0,1.0,
ftw-croatia-005,fields-of-the-world,croatia,0.7589,2023-08-15,S2A_33TXM_20230815_0_L2A,16,0.000965,0.0,0.0,
ftw-croatia-005,fields-of-the-world,croatia,0.7589,2023-10-04,S2A_33TXM_20231004_0_L2A,16,92.102295,1.0,1.0,
ftw-croatia-005,fields-of-the-world,croatia,0.7589,2023-11-18,S2B_33TXM_20231118_0_L2A,16,5.340029,0.0,0.0,
ftw-croatia-005,fields-of-the-world,croatia,0.7589,2024-01-02,S2A_33TXM_20240102_0_L2A,16,99.885368,1.0,1.0,
ftw-croatia-005,fields-of-the-world,croatia,0.7589,2024-02-16,S2B_33TXM_20240216_0_L2A,16,0.351316,0.0,0.0,
ftw-croatia-005,fields-of-the-world,croatia,0.7589,2024-04-01,S2A_33TXM_20240401_0_L2A,16,99.551892,1.0,1.0,
ftw-croatia-005,fields-of-the-world,croatia,0.7589,2024-05-21,S2A_33TXM_20240521_0_L2A,16,99.033701,1.0,1.0,
ftw-croatia-005,fields-of-the-world,croatia,0.7589,2024-07-05,S2B_33TXM_20240705_0_L2A,16,12.000275,0.0,0.0,
ftw-croatia-005,fields-of-the-world,croatia,0.7589,2024-08-19,S2A_33TXM_20240819_0_L2A,16,84.342259,1.0,1.0,
ftw-croatia-005,fields-of-the-world,croatia,0.7589,2024-10-03,S2B_33TXM_20241003_0_L2A,16,99.999976,1.0,1.0,
ftw-croatia-005,fields-of-the-world,croatia,0.7589,2024-11-17,S2A_33TXM_20241117_0_L2A,16,97.471422,1.0,1.0,
ftw-croatia-006,fields-of-the-world,croatia,1.0087,2023-01-02,S2B_33TXM_20230102_0_L2A,22,99.998224,1.0,1.0,
ftw-croatia-006,fields-of-the-world,croatia,1.0087,2023-02-16,S2A_33TXM_20230216_0_L2A,22,18.679991,1.0,1.0,
ftw-croatia-006,fields-of-the-world,croatia,1.0087,2023-04-02,S2B_33TXM_20230402_0_L2A,22,96.704167,1.0,1.0,
ftw-croatia-006,fields-of-the-world,croatia,1.0087,2023-05-17,S2A_33TXM_20230517_0_L2A,22,99.994969,1.0,1.0,
ftw-croatia-006,fields-of-the-world,croatia,1.0087,2023-07-01,S2B_33TXM_20230701_0_L2A,22,97.113705,1.0,1.0,
ftw-croatia-006,fields-of-the-world,croatia,1.0087,2023-08-15,S2A_33TXM_20230815_0_L2A,22,0.000965,0.0,0.0,
ftw-croatia-006,fields-of-the-world,croatia,1.0087,2023-10-04,S2A_33TXM_20231004_0_L2A,22,92.102295,1.0,1.0,
ftw-croatia-006,fields-of-the-world,croatia,1.0087,2023-11-18,S2B_33TXM_20231118_0_L2A,22,5.340029,0.0,0.0,
ftw-croatia-006,fields-of-the-world,croatia,1.0087,2024-01-02,S2A_33TXM_20240102_0_L2A,22,99.885368,1.0,1.0,
ftw-croatia-006,fields-of-the-world,croatia,1.0087,2024-02-16,S2B_33TXM_20240216_0_L2A,22,0.351316,0.0,0.0,
ftw-croatia-006,fields-of-the-world,croatia,1.0087,2024-04-01,S2A_33TXM_20240401_0_L2A,22,99.551892,1.0,1.0,
ftw-croatia-006,fields-of-the-world,croatia,1.0087,2024-05-21,S2A_33TXM_20240521_0_L2A,22,99.033701,1.0,1.0,
ftw-croatia-006,fields-of-the-world,croatia,1.0087,2024-07-05,S2B_33TXM_20240705_0_L2A,22,12.000275,0.0,0.0,
ftw-croatia-006,fields-of-the-world,croatia,1.0087,2024-08-19,S2A_33TXM_20240819_0_L2A,22,84.342259,1.0,1.0,
ftw-croatia-006,fields-of-the-world,croatia,1.0087,2024-10-03,S2B_33TXM_20241003_0_L2A,22,99.999976,1.0,1.0,
ftw-croatia-006,fields-of-the-world,croatia,1.0087,2024-11-17,S2A_33TXM_20241117_0_L2A,22,97.471422,1.0,1.0,
ftw-croatia-007,fields-of-the-world,croatia,1.1969,2023-01-02,S2B_33TXL_20230102_0_L2A,29,92.137647,1.0,1.0,
ftw-croatia-007,fields-of-the-world,croatia,1.1969,2023-02-16,S2A_33TXL_20230216_0_L2A,29,12.962824,0.0,0.0,
ftw-croatia-007,fields-of-the-world,croatia,1.1969,2023-04-02,S2B_33TXL_20230402_0_L2A,29,52.16881,0.06896551724137931,0.06896551724137931,
ftw-croatia-007,fields-of-the-world,croatia,1.1969,2023-05-17,S2A_33TXL_20230517_0_L2A,29,99.228972,1.0,1.0,
ftw-croatia-007,fields-of-the-world,croatia,1.1969,2023-07-01,S2B_33TXL_20230701_0_L2A,29,93.560374,1.0,1.0,
ftw-croatia-007,fields-of-the-world,croatia,1.1969,2023-08-15,S2A_33TXL_20230815_0_L2A,29,0.268904,0.0,0.0,
ftw-croatia-007,fields-of-the-world,croatia,1.1969,2023-10-04,S2A_33TXL_20231004_0_L2A,29,84.927827,1.0,1.0,
ftw-croatia-007,fields-of-the-world,croatia,1.1969,2023-11-18,S2B_33TXL_20231118_0_L2A,29,1.374584,0.0,0.0,
ftw-croatia-007,fields-of-the-world,croatia,1.1969,2024-01-02,S2A_33TXL_20240102_0_L2A,29,96.654004,1.0,1.0,
ftw-croatia-007,fields-of-the-world,croatia,1.1969,2024-02-16,S2B_33TXL_20240216_0_L2A,29,3.021818,0.0,0.0,
ftw-croatia-007,fields-of-the-world,croatia,1.1969,2024-04-01,S2A_33TXL_20240401_0_L2A,29,98.529333,1.0,1.0,
ftw-croatia-007,fields-of-the-world,croatia,1.1969,2024-05-21,S2A_33TXL_20240521_0_L2A,29,88.805503,1.0,1.0,
ftw-croatia-007,fields-of-the-world,croatia,1.1969,2024-07-05,S2B_33TXL_20240705_0_L2A,29,15.145153,0.1724137931034483,0.1724137931034483,
ftw-croatia-007,fields-of-the-world,croatia,1.1969,2024-08-19,S2A_33TXL_20240819_0_L2A,29,51.567322,1.0,1.0,
ftw-croatia-007,fields-of-the-world,croatia,1.1969,2024-10-03,S2B_33TXL_20241003_0_L2A,29,99.999881,1.0,1.0,
ftw-croatia-007,fields-of-the-world,croatia,1.1969,2024-11-17,S2A_33TXL_20241117_0_L2A,0,61.166751,nan,nan,"RasterioIOError: '/vsis3/sentinel-s2-l2a/tiles/33/T/XL/2024/11/17/0/R20m/SCL.jp2' does not exist in the file system, and is not recognized as a supported dataset name."
ftw-croatia-008,fields-of-the-world,croatia,1.5004,2023-01-02,S2B_33TXM_20230102_0_L2A,36,99.998224,1.0,1.0,
ftw-croatia-008,fields-of-the-world,croatia,1.5004,2023-02-16,S2A_33TXM_20230216_0_L2A,36,18.679991,0.0,0.0,
ftw-croatia-008,fields-of-the-world,croatia,1.5004,2023-04-02,S2B_33TXM_20230402_0_L2A,36,96.704167,1.0,1.0,
ftw-croatia-008,fields-of-the-world,croatia,1.5004,2023-05-17,S2A_33TXM_20230517_0_L2A,36,99.994969,1.0,1.0,
ftw-croatia-008,fields-of-the-world,croatia,1.5004,2023-07-01,S2B_33TXM_20230701_0_L2A,36,97.113705,1.0,1.0,
ftw-croatia-008,fields-of-the-world,croatia,1.5004,2023-08-15,S2A_33TXM_20230815_0_L2A,36,0.000965,0.0,0.0,
ftw-croatia-008,fields-of-the-world,croatia,1.5004,2023-10-04,S2A_33TXM_20231004_0_L2A,36,92.102295,1.0,1.0,
ftw-croatia-008,fields-of-the-world,croatia,1.5004,2023-11-18,S2B_33TXM_20231118_0_L2A,36,5.340029,0.0,0.0,
ftw-croatia-008,fields-of-the-world,croatia,1.5004,2024-01-02,S2A_33TXM_20240102_0_L2A,36,99.885368,1.0,1.0,
ftw-croatia-008,fields-of-the-world,croatia,1.5004,2024-02-16,S2B_33TXM_20240216_0_L2A,36,0.351316,0.0,0.0,
ftw-croatia-008,fields-of-the-world,croatia,1.5004,2024-04-01,S2A_33TXM_20240401_0_L2A,36,99.551892,1.0,1.0,
ftw-croatia-008,fields-of-the-world,croatia,1.5004,2024-05-21,S2A_33TXM_20240521_0_L2A,36,99.033701,1.0,1.0,
ftw-croatia-008,fields-of-the-world,croatia,1.5004,2024-07-05,S2B_33TXM_20240705_0_L2A,36,12.000275,0.0,0.0,
ftw-croatia-008,fields-of-the-world,croatia,1.5004,2024-08-19,S2A_33TXM_20240819_0_L2A,36,84.342259,1.0,1.0,
ftw-croatia-008,fields-of-the-world,croatia,1.5004,2024-10-03,S2B_33TXM_20241003_0_L2A,36,99.999976,1.0,1.0,
ftw-croatia-008,fields-of-the-world,croatia,1.5004,2024-11-17,S2A_33TXM_20241117_0_L2A,36,97.471422,1.0,1.0,
ftw-croatia-009,fields-of-the-world,croatia,2.0235,2023-01-02,S2B_33TXM_20230102_0_L2A,50,99.998224,1.0,1.0,
ftw-croatia-009,fields-of-the-world,croatia,2.0235,2023-02-16,S2A_33TXM_20230216_0_L2A,50,18.679991,1.0,1.0,
ftw-croatia-009,fields-of-the-world,croatia,2.0235,2023-04-02,S2B_33TXM_20230402_0_L2A,50,96.704167,1.0,1.0,
ftw-croatia-009,fields-of-the-world,croatia,2.0235,2023-05-17,S2A_33TXM_20230517_0_L2A,50,99.994969,1.0,1.0,
ftw-croatia-009,fields-of-the-world,croatia,2.0235,2023-07-01,S2B_33TXM_20230701_0_L2A,50,97.113705,1.0,1.0,
ftw-croatia-009,fields-of-the-world,croatia,2.0235,2023-08-15,S2A_33TXM_20230815_0_L2A,50,0.000965,0.0,0.0,
ftw-croatia-009,fields-of-the-world,croatia,2.0235,2023-10-04,S2A_33TXM_20231004_0_L2A,50,92.102295,1.0,1.0,
ftw-croatia-009,fields-of-the-world,croatia,2.0235,2023-11-18,S2B_33TXM_20231118_0_L2A,50,5.340029,0.0,0.0,
ftw-croatia-009,fields-of-the-world,croatia,2.0235,2024-01-02,S2A_33TXM_20240102_0_L2A,50,99.885368,1.0,1.0,
ftw-croatia-009,fields-of-the-world,croatia,2.0235,2024-02-16,S2B_33TXM_20240216_0_L2A,50,0.351316,0.0,0.0,
ftw-croatia-009,fields-of-the-world,croatia,2.0235,2024-04-01,S2A_33TXM_20240401_0_L2A,50,99.551892,1.0,1.0,
ftw-croatia-009,fields-of-the-world,croatia,2.0235,2024-05-21,S2A_33TXM_20240521_0_L2A,50,99.033701,1.0,1.0,
ftw-croatia-009,fields-of-the-world,croatia,2.0235,2024-07-05,S2B_33TXM_20240705_0_L2A,50,12.000275,0.0,0.0,
ftw-croatia-009,fields-of-the-world,croatia,2.0235,2024-08-19,S2A_33TXM_20240819_0_L2A,50,84.342259,1.0,1.0,
ftw-croatia-009,fields-of-the-world,croatia,2.0235,2024-10-03,S2B_33TXM_20241003_0_L2A,50,99.999976,1.0,1.0,
ftw-croatia-009,fields-of-the-world,croatia,2.0235,2024-11-17,S2A_33TXM_20241117_0_L2A,50,97.471422,1.0,1.0,
ftw-croatia-010,fields-of-the-world,croatia,2.0616,2023-01-02,S2B_33TXL_20230102_0_L2A,53,92.137647,1.0,1.0,
ftw-croatia-010,fields-of-the-world,croatia,2.0616,2023-02-16,S2A_33TXL_20230216_0_L2A,53,12.962824,0.0,0.0,
ftw-croatia-010,fields-of-the-world,croatia,2.0616,2023-04-02,S2B_33TXL_20230402_0_L2A,53,52.16881,0.5471698113207547,0.5471698113207547,
ftw-croatia-010,fields-of-the-world,croatia,2.0616,2023-05-17,S2A_33TXL_20230517_0_L2A,53,99.228972,1.0,1.0,
ftw-croatia-010,fields-of-the-world,croatia,2.0616,2023-07-01,S2B_33TXL_20230701_0_L2A,53,93.560374,0.8301886792452831,0.8301886792452831,
ftw-croatia-010,fields-of-the-world,croatia,2.0616,2023-08-15,S2A_33TXL_20230815_0_L2A,53,0.268904,0.0,0.0,
ftw-croatia-010,fields-of-the-world,croatia,2.0616,2023-10-04,S2A_33TXL_20231004_0_L2A,53,84.927827,1.0,1.0,
ftw-croatia-010,fields-of-the-world,croatia,2.0616,2023-11-18,S2B_33TXL_20231118_0_L2A,53,1.374584,0.0,0.0,
ftw-croatia-010,fields-of-the-world,croatia,2.0616,2024-01-02,S2A_33TXL_20240102_0_L2A,53,96.654004,1.0,1.0,
ftw-croatia-010,fields-of-the-world,croatia,2.0616,2024-02-16,S2B_33TXL_20240216_0_L2A,53,3.021818,0.0,0.0,
ftw-croatia-010,fields-of-the-world,croatia,2.0616,2024-04-01,S2A_33TXL_20240401_0_L2A,53,98.529333,1.0,1.0,
ftw-croatia-010,fields-of-the-world,croatia,2.0616,2024-05-21,S2A_33TXL_20240521_0_L2A,53,88.805503,1.0,1.0,
ftw-croatia-010,fields-of-the-world,croatia,2.0616,2024-07-05,S2B_33TXL_20240705_0_L2A,53,15.145153,0.0,0.0,
ftw-croatia-010,fields-of-the-world,croatia,2.0616,2024-08-19,S2A_33TXL_20240819_0_L2A,53,51.567322,1.0,1.0,
ftw-croatia-010,fields-of-the-world,croatia,2.0616,2024-10-03,S2B_33TXL_20241003_0_L2A,53,99.999881,1.0,1.0,
ftw-croatia-010,fields-of-the-world,croatia,2.0616,2024-11-17,S2A_33TXL_20241117_0_L2A,0,61.166751,nan,nan,"RasterioIOError: '/vsis3/sentinel-s2-l2a/tiles/33/T/XL/2024/11/17/0/R20m/SCL.jp2' does not exist in the file system, and is not recognized as a supported dataset name."
ftw-croatia-011,fields-of-the-world,croatia,2.2679,2023-01-02,S2B_33TXM_20230102_0_L2A,61,99.998224,1.0,1.0,
ftw-croatia-011,fields-of-the-world,croatia,2.2679,2023-02-16,S2A_33TXM_20230216_0_L2A,61,18.679991,0.0,0.0,
ftw-croatia-011,fields-of-the-world,croatia,2.2679,2023-04-02,S2B_33TXM_20230402_0_L2A,61,96.704167,1.0,1.0,
ftw-croatia-011,fields-of-the-world,croatia,2.2679,2023-05-17,S2A_33TXL_20230517_0_L2A,61,99.228972,1.0,1.0,
ftw-croatia-011,fields-of-the-world,croatia,2.2679,2023-07-01,S2B_33TXL_20230701_0_L2A,61,93.560374,1.0,1.0,
ftw-croatia-011,fields-of-the-world,croatia,2.2679,2023-08-15,S2A_33TXL_20230815_0_L2A,61,0.268904,0.0,0.0,
ftw-croatia-011,fields-of-the-world,croatia,2.2679,2023-10-04,S2A_33TXM_20231004_0_L2A,61,92.102295,1.0,1.0,
ftw-croatia-011,fields-of-the-world,croatia,2.2679,2023-11-18,S2B_33TXM_20231118_0_L2A,61,5.340029,0.0,0.0,
ftw-croatia-011,fields-of-the-world,croatia,2.2679,2024-01-02,S2A_33TXL_20240102_0_L2A,61,96.654004,1.0,1.0,
ftw-croatia-011,fields-of-the-world,croatia,2.2679,2024-02-16,S2B_33TXL_20240216_0_L2A,61,3.021818,0.0,0.0,
ftw-croatia-011,fields-of-the-world,croatia,2.2679,2024-04-01,S2A_33TXL_20240401_0_L2A,61,98.529333,1.0,1.0,
ftw-croatia-011,fields-of-the-world,croatia,2.2679,2024-05-21,S2A_33TXM_20240521_0_L2A,61,99.033701,1.0,1.0,
ftw-croatia-011,fields-of-the-world,croatia,2.2679,2024-07-05,S2B_33TXM_20240705_0_L2A,61,12.000275,0.0,0.0,
ftw-croatia-011,fields-of-the-world,croatia,2.2679,2024-08-19,S2A_33TXM_20240819_0_L2A,61,84.342259,1.0,1.0,
ftw-croatia-011,fields-of-the-world,croatia,2.2679,2024-10-03,S2B_33TXL_20241003_0_L2A,61,99.999881,1.0,1.0,
ftw-croatia-011,fields-of-the-world,croatia,2.2679,2024-11-17,S2A_33TXL_20241117_0_L2A,0,61.166751,nan,nan,"RasterioIOError: '/vsis3/sentinel-s2-l2a/tiles/33/T/XL/2024/11/17/0/R20m/SCL.jp2' does not exist in the file system, and is not recognized as a supported dataset name."
ftw-croatia-012,fields-of-the-world,croatia,2.4306,2023-01-02,S2B_33TXM_20230102_0_L2A,62,99.998224,1.0,1.0,
ftw-croatia-012,fields-of-the-world,croatia,2.4306,2023-02-16,S2A_33TXM_20230216_0_L2A,62,18.679991,0.9838709677419355,0.9838709677419355,
ftw-croatia-012,fields-of-the-world,croatia,2.4306,2023-04-02,S2B_33TXM_20230402_0_L2A,62,96.704167,1.0,1.0,
ftw-croatia-012,fields-of-the-world,croatia,2.4306,2023-05-17,S2A_33TXM_20230517_0_L2A,62,99.994969,1.0,1.0,
ftw-croatia-012,fields-of-the-world,croatia,2.4306,2023-07-01,S2B_33TXM_20230701_0_L2A,62,97.113705,1.0,1.0,
ftw-croatia-012,fields-of-the-world,croatia,2.4306,2023-08-15,S2A_33TXM_20230815_0_L2A,62,0.000965,0.0,0.0,
ftw-croatia-012,fields-of-the-world,croatia,2.4306,2023-10-04,S2A_33TXM_20231004_0_L2A,62,92.102295,1.0,1.0,
ftw-croatia-012,fields-of-the-world,croatia,2.4306,2023-11-18,S2B_33TXM_20231118_0_L2A,62,5.340029,0.0,0.0,
ftw-croatia-012,fields-of-the-world,croatia,2.4306,2024-01-02,S2A_33TXM_20240102_0_L2A,62,99.885368,1.0,1.0,
ftw-croatia-012,fields-of-the-world,croatia,2.4306,2024-02-16,S2B_33TXM_20240216_0_L2A,62,0.351316,0.0,0.0,
ftw-croatia-012,fields-of-the-world,croatia,2.4306,2024-04-01,S2A_33TXM_20240401_0_L2A,62,99.551892,1.0,1.0,
ftw-croatia-012,fields-of-the-world,croatia,2.4306,2024-05-21,S2A_33TXM_20240521_0_L2A,62,99.033701,1.0,1.0,
ftw-croatia-012,fields-of-the-world,croatia,2.4306,2024-07-05,S2B_33TXM_20240705_0_L2A,62,12.000275,0.0,0.0,
ftw-croatia-012,fields-of-the-world,croatia,2.4306,2024-08-19,S2A_33TXM_20240819_0_L2A,62,84.342259,1.0,1.0,
ftw-croatia-012,fields-of-the-world,croatia,2.4306,2024-10-03,S2B_33TXM_20241003_0_L2A,62,99.999976,1.0,1.0,
ftw-croatia-012,fields-of-the-world,croatia,2.4306,2024-11-17,S2A_33TXM_20241117_0_L2A,62,97.471422,1.0,1.0,
ftw-croatia-013,fields-of-the-world,croatia,2.5312,2023-01-02,S2B_33TXL_20230102_0_L2A,63,92.137647,1.0,1.0,
ftw-croatia-013,fields-of-the-world,croatia,2.5312,2023-02-16,S2A_33TXL_20230216_0_L2A,63,12.962824,0.0,0.0,
ftw-croatia-013,fields-of-the-world,croatia,2.5312,2023-04-02,S2B_33TXL_20230402_0_L2A,63,52.16881,0.3968253968253968,0.3968253968253968,
ftw-croatia-013,fields-of-the-world,croatia,2.5312,2023-05-17,S2A_33TXL_20230517_0_L2A,63,99.228972,1.0,1.0,
ftw-croatia-013,fields-of-the-world,croatia,2.5312,2023-07-01,S2B_33TXL_20230701_0_L2A,63,93.560374,1.0,1.0,
ftw-croatia-013,fields-of-the-world,croatia,2.5312,2023-08-15,S2A_33TXL_20230815_0_L2A,63,0.268904,0.0,0.0,
ftw-croatia-013,fields-of-the-world,croatia,2.5312,2023-10-04,S2A_33TXL_20231004_0_L2A,63,84.927827,1.0,1.0,
ftw-croatia-013,fields-of-the-world,croatia,2.5312,2023-11-18,S2B_33TXL_20231118_0_L2A,63,1.374584,0.0,0.0,
ftw-croatia-013,fields-of-the-world,croatia,2.5312,2024-01-02,S2A_33TXL_20240102_0_L2A,63,96.654004,1.0,1.0,
ftw-croatia-013,fields-of-the-world,croatia,2.5312,2024-02-16,S2B_33TXL_20240216_0_L2A,63,3.021818,0.0,0.0,
ftw-croatia-013,fields-of-the-world,croatia,2.5312,2024-04-01,S2A_33TXL_20240401_0_L2A,63,98.529333,1.0,1.0,
ftw-croatia-013,fields-of-the-world,croatia,2.5312,2024-05-21,S2A_33TXL_20240521_0_L2A,63,88.805503,1.0,1.0,
ftw-croatia-013,fields-of-the-world,croatia,2.5312,2024-07-05,S2B_33TXL_20240705_0_L2A,63,15.145153,1.0,1.0,
ftw-croatia-013,fields-of-the-world,croatia,2.5312,2024-08-19,S2A_33TXL_20240819_0_L2A,63,51.567322,1.0,1.0,
ftw-croatia-013,fields-of-the-world,croatia,2.5312,2024-10-03,S2B_33TXL_20241003_0_L2A,63,99.999881,1.0,1.0,
ftw-croatia-013,fields-of-the-world,croatia,2.5312,2024-11-17,S2A_33TXL_20241117_0_L2A,0,61.166751,nan,nan,"RasterioIOError: '/vsis3/sentinel-s2-l2a/tiles/33/T/XL/2024/11/17/0/R20m/SCL.jp2' does not exist in the file system, and is not recognized as a supported dataset name."
ftw-croatia-014,fields-of-the-world,croatia,5.0056,2023-01-02,S2B_33TXM_20230102_0_L2A,128,99.998224,1.0,1.0,
ftw-croatia-014,fields-of-the-world,croatia,5.0056,2023-02-16,S2A_33TXM_20230216_0_L2A,128,18.679991,0.0,0.0,
ftw-croatia-014,fields-of-the-world,croatia,5.0056,2023-04-02,S2B_33TXM_20230402_0_L2A,128,96.704167,1.0,1.0,
ftw-croatia-014,fields-of-the-world,croatia,5.0056,2023-05-17,S2A_33TXL_20230517_0_L2A,128,99.228972,1.0,1.0,
ftw-croatia-014,fields-of-the-world,croatia,5.0056,2023-07-01,S2B_33TXL_20230701_0_L2A,128,93.560374,1.0,1.0,
ftw-croatia-014,fields-of-the-world,croatia,5.0056,2023-08-15,S2A_33TXL_20230815_0_L2A,128,0.268904,0.0,0.0,
ftw-croatia-014,fields-of-the-world,croatia,5.0056,2023-10-04,S2A_33TXM_20231004_0_L2A,128,92.102295,1.0,1.0,
ftw-croatia-014,fields-of-the-world,croatia,5.0056,2023-11-18,S2B_33TXM_20231118_0_L2A,128,5.340029,0.0,0.0,
ftw-croatia-014,fields-of-the-world,croatia,5.0056,2024-01-02,S2A_33TXL_20240102_0_L2A,128,96.654004,1.0,1.0,
ftw-croatia-014,fields-of-the-world,croatia,5.0056,2024-02-16,S2B_33TXL_20240216_0_L2A,128,3.021818,0.0,0.0,
ftw-croatia-014,fields-of-the-world,croatia,5.0056,2024-04-01,S2A_33TXL_20240401_0_L2A,128,98.529333,1.0,1.0,
ftw-croatia-014,fields-of-the-world,croatia,5.0056,2024-05-21,S2A_33TXM_20240521_0_L2A,128,99.033701,1.0,1.0,
ftw-croatia-014,fields-of-the-world,croatia,5.0056,2024-07-05,S2B_33TXM_20240705_0_L2A,128,12.000275,0.0,0.0,
ftw-croatia-014,fields-of-the-world,croatia,5.0056,2024-08-19,S2A_33TXM_20240819_0_L2A,128,84.342259,1.0,1.0,
ftw-croatia-014,fields-of-the-world,croatia,5.0056,2024-10-03,S2B_33TXL_20241003_0_L2A,128,99.999881,1.0,1.0,
ftw-croatia-014,fields-of-the-world,croatia,5.0056,2024-11-17,S2A_33TXL_20241117_0_L2A,0,61.166751,nan,nan,"RasterioIOError: '/vsis3/sentinel-s2-l2a/tiles/33/T/XL/2024/11/17/0/R20m/SCL.jp2' does not exist in the file system, and is not recognized as a supported dataset name."
ftw-croatia-015,fields-of-the-world,croatia,6.2995,2023-01-02,S2B_33TXM_20230102_0_L2A,159,99.998224,1.0,1.0,
ftw-croatia-015,fields-of-the-world,croatia,6.2995,2023-02-16,S2A_33TXM_20230216_0_L2A,159,18.679991,0.0,0.0,
ftw-croatia-015,fields-of-the-world,croatia,6.2995,2023-04-02,S2B_33TXM_20230402_0_L2A,159,96.704167,0.0,0.0,
ftw-croatia-015,fields-of-the-world,croatia,6.2995,2023-05-17,S2A_33TXL_20230517_0_L2A,159,99.228972,1.0,1.0,
ftw-croatia-015,fields-of-the-world,croatia,6.2995,2023-07-01,S2B_33TXL_20230701_0_L2A,159,93.560374,1.0,1.0,
ftw-croatia-015,fields-of-the-world,croatia,6.2995,2023-08-15,S2A_33TXL_20230815_0_L2A,159,0.268904,0.0,0.0,
ftw-croatia-015,fields-of-the-world,croatia,6.2995,2023-10-04,S2A_33TXM_20231004_0_L2A,159,92.102295,1.0,1.0,
ftw-croatia-015,fields-of-the-world,croatia,6.2995,2023-11-18,S2B_33TXM_20231118_0_L2A,159,5.340029,0.0,0.0,
ftw-croatia-015,fields-of-the-world,croatia,6.2995,2024-01-02,S2A_33TXL_20240102_0_L2A,159,96.654004,1.0,1.0,
ftw-croatia-015,fields-of-the-world,croatia,6.2995,2024-02-16,S2B_33TXL_20240216_0_L2A,159,3.021818,0.0,0.0,
ftw-croatia-015,fields-of-the-world,croatia,6.2995,2024-04-01,S2A_33TXL_20240401_0_L2A,159,98.529333,1.0,1.0,
ftw-croatia-015,fields-of-the-world,croatia,6.2995,2024-05-21,S2A_33TXM_20240521_0_L2A,159,99.033701,1.0,1.0,
ftw-croatia-015,fields-of-the-world,croatia,6.2995,2024-07-05,S2B_33TXM_20240705_0_L2A,159,12.000275,0.3333333333333333,0.3333333333333333,
ftw-croatia-015,fields-of-the-world,croatia,6.2995,2024-08-19,S2A_33TXM_20240819_0_L2A,159,84.342259,1.0,1.0,
ftw-croatia-015,fields-of-the-world,croatia,6.2995,2024-10-03,S2B_33TXL_20241003_0_L2A,159,99.999881,1.0,1.0,
ftw-croatia-015,fields-of-the-world,croatia,6.2995,2024-11-17,S2A_33TXL_20241117_0_L2A,0,61.166751,nan,nan,"RasterioIOError: '/vsis3/sentinel-s2-l2a/tiles/33/T/XL/2024/11/17/0/R20m/SCL.jp2' does not exist in the file system, and is not recognized as a supported dataset name."
ftw-croatia-016,fields-of-the-world,croatia,6.4576,2023-01-02,S2B_33TXM_20230102_0_L2A,159,99.998224,1.0,1.0,
ftw-croatia-016,fields-of-the-world,croatia,6.4576,2023-02-16,S2A_33TXM_20230216_0_L2A,159,18.679991,0.0,0.0,
ftw-croatia-016,fields-of-the-world,croatia,6.4576,2023-04-02,S2B_33TXM_20230402_0_L2A,159,96.704167,0.050314465408805034,0.050314465408805034,
ftw-croatia-016,fields-of-the-world,croatia,6.4576,2023-05-17,S2A_33TXL_20230517_0_L2A,159,99.228972,1.0,1.0,
ftw-croatia-016,fields-of-the-world,croatia,6.4576,2023-07-01,S2B_33TXL_20230701_0_L2A,159,93.560374,1.0,1.0,
ftw-croatia-016,fields-of-the-world,croatia,6.4576,2023-08-15,S2A_33TXL_20230815_0_L2A,159,0.268904,0.0,0.0,
ftw-croatia-016,fields-of-the-world,croatia,6.4576,2023-10-04,S2A_33TXM_20231004_0_L2A,159,92.102295,1.0,1.0,
ftw-croatia-016,fields-of-the-world,croatia,6.4576,2023-11-18,S2B_33TXM_20231118_0_L2A,159,5.340029,0.0,0.0,
ftw-croatia-016,fields-of-the-world,croatia,6.4576,2024-01-02,S2A_33TXL_20240102_0_L2A,159,96.654004,1.0,1.0,
ftw-croatia-016,fields-of-the-world,croatia,6.4576,2024-02-16,S2B_33TXL_20240216_0_L2A,159,3.021818,0.0,0.0,
ftw-croatia-016,fields-of-the-world,croatia,6.4576,2024-04-01,S2A_33TXL_20240401_0_L2A,159,98.529333,1.0,1.0,
ftw-croatia-016,fields-of-the-world,croatia,6.4576,2024-05-21,S2A_33TXM_20240521_0_L2A,159,99.033701,1.0,1.0,
ftw-croatia-016,fields-of-the-world,croatia,6.4576,2024-07-05,S2B_33TXM_20240705_0_L2A,159,12.000275,0.06918238993710692,0.06918238993710692,
ftw-croatia-016,fields-of-the-world,croatia,6.4576,2024-08-19,S2A_33TXM_20240819_0_L2A,159,84.342259,1.0,1.0,
ftw-croatia-016,fields-of-the-world,croatia,6.4576,2024-10-03,S2B_33TXL_20241003_0_L2A,159,99.999881,1.0,1.0,
ftw-croatia-016,fields-of-the-world,croatia,6.4576,2024-11-17,S2A_33TXL_20241117_0_L2A,0,61.166751,nan,nan,"RasterioIOError: '/vsis3/sentinel-s2-l2a/tiles/33/T/XL/2024/11/17/0/R20m/SCL.jp2' does not exist in the file system, and is not recognized as a supported dataset name."
ftw-croatia-017,fields-of-the-world,croatia,7.2985,2023-01-02,S2B_33TXM_20230102_0_L2A,185,99.998224,1.0,1.0,
ftw-croatia-017,fields-of-the-world,croatia,7.2985,2023-02-16,S2A_33TXM_20230216_0_L2A,185,18.679991,0.0,0.0,
ftw-croatia-017,fields-of-the-world,croatia,7.2985,2023-04-02,S2B_33TXM_20230402_0_L2A,185,96.704167,0.24864864864864866,0.24864864864864866,
ftw-croatia-017,fields-of-the-world,croatia,7.2985,2023-05-17,S2A_33TXL_20230517_0_L2A,185,99.228972,1.0,1.0,
ftw-croatia-017,fields-of-the-world,croatia,7.2985,2023-07-01,S2B_33TXL_20230701_0_L2A,185,93.560374,1.0,1.0,
ftw-croatia-017,fields-of-the-world,croatia,7.2985,2023-08-15,S2A_33TXL_20230815_0_L2A,185,0.268904,0.0,0.0,
ftw-croatia-017,fields-of-the-world,croatia,7.2985,2023-10-04,S2A_33TXM_20231004_0_L2A,185,92.102295,1.0,1.0,
ftw-croatia-017,fields-of-the-world,croatia,7.2985,2023-11-18,S2B_33TXM_20231118_0_L2A,185,5.340029,0.0,0.0,
ftw-croatia-017,fields-of-the-world,croatia,7.2985,2024-01-02,S2A_33TXL_20240102_0_L2A,185,96.654004,1.0,1.0,
ftw-croatia-017,fields-of-the-world,croatia,7.2985,2024-02-16,S2B_33TXL_20240216_0_L2A,185,3.021818,0.0,0.0,
ftw-croatia-017,fields-of-the-world,croatia,7.2985,2024-04-01,S2A_33TXL_20240401_0_L2A,185,98.529333,1.0,1.0,
ftw-croatia-017,fields-of-the-world,croatia,7.2985,2024-05-21,S2A_33TXM_20240521_0_L2A,185,99.033701,1.0,1.0,
ftw-croatia-017,fields-of-the-world,croatia,7.2985,2024-07-05,S2B_33TXM_20240705_0_L2A,185,12.000275,0.4756756756756757,0.4756756756756757,
ftw-croatia-017,fields-of-the-world,croatia,7.2985,2024-08-19,S2A_33TXM_20240819_0_L2A,185,84.342259,1.0,1.0,
ftw-croatia-017,fields-of-the-world,croatia,7.2985,2024-10-03,S2B_33TXL_20241003_0_L2A,185,99.999881,1.0,1.0,
ftw-croatia-017,fields-of-the-world,croatia,7.2985,2024-11-17,S2A_33TXL_20241117_0_L2A,0,61.166751,nan,nan,"RasterioIOError: '/vsis3/sentinel-s2-l2a/tiles/33/T/XL/2024/11/17/0/R20m/SCL.jp2' does not exist in the file system, and is not recognized as a supported dataset name."
ftw-denmark-000,fields-of-the-world,denmark,2.6285,2023-01-02,S2A_32VNJ_20230102_0_L2A,65,100,1.0,1.0,
ftw-denmark-000,fields-of-the-world,denmark,2.6285,2023-02-16,S2B_32VNJ_20230216_0_L2A,65,99.97952,1.0,1.0,
ftw-denmark-000,fields-of-the-world,denmark,2.6285,2023-04-04,S2B_32VNJ_20230404_0_L2A,65,16.074148,0.0,0.0,
ftw-denmark-000,fields-of-the-world,denmark,2.6285,2023-05-22,S2A_32VNJ_20230522_0_L2A,65,32.4469,0.0,0.0,
ftw-denmark-000,fields-of-the-world,denmark,2.6285,2023-07-08,S2A_32VNJ_20230708_0_L2A,65,17.643583,0.0,0.0,
ftw-denmark-000,fields-of-the-world,denmark,2.6285,2023-08-25,S2B_32VNJ_20230825_0_L2A,65,97.71924,1.0,1.0,
ftw-denmark-000,fields-of-the-world,denmark,2.6285,2023-10-11,S2B_32VNJ_20231011_0_L2A,65,76.019168,1.0,1.0,
ftw-denmark-000,fields-of-the-world,denmark,2.6285,2023-11-30,S2B_32VNJ_20231130_0_L2A,65,41.03055,1.0,1.0,
ftw-denmark-000,fields-of-the-world,denmark,2.6285,2024-01-17,S2A_32VNJ_20240117_0_L2A,65,69.489646,0.0,0.0,
ftw-denmark-000,fields-of-the-world,denmark,2.6285,2024-03-02,S2B_32VNJ_20240302_0_L2A,65,100,1.0,1.0,
ftw-denmark-000,fields-of-the-world,denmark,2.6285,2024-04-18,S2B_32VNJ_20240418_0_L2A,65,28.303787,1.0,1.0,
ftw-denmark-000,fields-of-the-world,denmark,2.6285,2024-06-05,S2A_32VNJ_20240605_0_L2A,65,35.545835,1.0,1.0,
ftw-denmark-000,fields-of-the-world,denmark,2.6285,2024-07-22,S2A_32VNJ_20240722_0_L2A,65,99.099004,1.0,1.0,
ftw-denmark-000,fields-of-the-world,denmark,2.6285,2024-09-08,S2B_32VNJ_20240908_0_L2A,65,37.899706,1.0,1.0,
ftw-denmark-000,fields-of-the-world,denmark,2.6285,2024-10-25,S2B_32VNJ_20241025_1_L2A,65,99.901205,1.0,1.0,
ftw-denmark-000,fields-of-the-world,denmark,2.6285,2024-11-27,S2B_32VNJ_20241127_0_L2A,65,61.41271,0.5230769230769231,0.5230769230769231,
ftw-denmark-001,fields-of-the-world,denmark,3.2028,2023-01-02,S2A_32VNJ_20230102_0_L2A,81,100,1.0,1.0,
ftw-denmark-001,fields-of-the-world,denmark,3.2028,2023-02-16,S2B_32VNJ_20230216_0_L2A,81,99.97952,1.0,1.0,
ftw-denmark-001,fields-of-the-world,denmark,3.2028,2023-04-04,S2B_32VNJ_20230404_0_L2A,81,16.074148,0.12345679012345678,0.12345679012345678,
ftw-denmark-001,fields-of-the-world,denmark,3.2028,2023-05-22,S2A_32VNJ_20230522_0_L2A,81,32.4469,0.5432098765432098,0.5432098765432098,
ftw-denmark-001,fields-of-the-world,denmark,3.2028,2023-07-08,S2A_32VNJ_20230708_0_L2A,81,17.643583,0.0,0.0,
ftw-denmark-001,fields-of-the-world,denmark,3.2028,2023-08-25,S2B_32VNJ_20230825_0_L2A,81,97.71924,1.0,1.0,
ftw-denmark-001,fields-of-the-world,denmark,3.2028,2023-10-11,S2B_32VNJ_20231011_0_L2A,81,76.019168,1.0,1.0,
ftw-denmark-001,fields-of-the-world,denmark,3.2028,2023-11-30,S2B_32VNJ_20231130_0_L2A,81,41.03055,0.7654320987654321,0.7654320987654321,
ftw-denmark-001,fields-of-the-world,denmark,3.2028,2024-01-17,S2A_32VNJ_20240117_0_L2A,81,69.489646,1.0,1.0,
ftw-denmark-001,fields-of-the-world,denmark,3.2028,2024-03-02,S2B_32VNJ_20240302_0_L2A,81,100,1.0,1.0,
ftw-denmark-001,fields-of-the-world,denmark,3.2028,2024-04-18,S2B_32VNJ_20240418_0_L2A,81,28.303787,1.0,1.0,
ftw-denmark-001,fields-of-the-world,denmark,3.2028,2024-06-05,S2A_32VNJ_20240605_0_L2A,81,35.545835,0.49382716049382713,0.49382716049382713,
ftw-denmark-001,fields-of-the-world,denmark,3.2028,2024-07-22,S2A_32VNJ_20240722_0_L2A,81,99.099004,1.0,1.0,
ftw-denmark-001,fields-of-the-world,denmark,3.2028,2024-09-08,S2B_32VNJ_20240908_0_L2A,81,37.899706,0.0,0.0,
ftw-denmark-001,fields-of-the-world,denmark,3.2028,2024-10-25,S2B_32VNJ_20241025_1_L2A,81,99.901205,1.0,1.0,
ftw-denmark-001,fields-of-the-world,denmark,3.2028,2024-11-27,S2B_32VNJ_20241127_0_L2A,81,61.41271,1.0,1.0,
ftw-denmark-002,fields-of-the-world,denmark,3.8286,2023-01-02,S2A_32VNJ_20230102_0_L2A,95,100,1.0,1.0,
ftw-denmark-002,fields-of-the-world,denmark,3.8286,2023-02-16,S2B_32VNJ_20230216_0_L2A,95,99.97952,1.0,1.0,
ftw-denmark-002,fields-of-the-world,denmark,3.8286,2023-04-04,S2B_32VNJ_20230404_0_L2A,95,16.074148,0.0,0.0,
ftw-denmark-002,fields-of-the-world,denmark,3.8286,2023-05-22,S2A_32VNJ_20230522_0_L2A,95,32.4469,0.29473684210526313,0.29473684210526313,
ftw-denmark-002,fields-of-the-world,denmark,3.8286,2023-07-08,S2A_32VNJ_20230708_0_L2A,95,17.643583,0.0,0.0,
ftw-denmark-002,fields-of-the-world,denmark,3.8286,2023-08-25,S2B_32VNJ_20230825_0_L2A,95,97.71924,1.0,1.0,
ftw-denmark-002,fields-of-the-world,denmark,3.8286,2023-10-11,S2B_32VNJ_20231011_0_L2A,95,76.019168,1.0,1.0,
ftw-denmark-002,fields-of-the-world,denmark,3.8286,2023-11-30,S2B_32VNJ_20231130_0_L2A,95,41.03055,1.0,1.0,
ftw-denmark-002,fields-of-the-world,denmark,3.8286,2024-01-17,S2A_32VNJ_20240117_0_L2A,95,69.489646,1.0,1.0,
ftw-denmark-002,fields-of-the-world,denmark,3.8286,2024-03-02,S2B_32VNJ_20240302_0_L2A,95,100,1.0,1.0,
ftw-denmark-002,fields-of-the-world,denmark,3.8286,2024-04-18,S2B_32VNJ_20240418_0_L2A,95,28.303787,1.0,1.0,
ftw-denmark-002,fields-of-the-world,denmark,3.8286,2024-06-05,S2A_32VNJ_20240605_0_L2A,95,35.545835,0.8842105263157894,0.8842105263157894,
ftw-denmark-002,fields-of-the-world,denmark,3.8286,2024-07-22,S2A_32VNJ_20240722_0_L2A,95,99.099004,1.0,1.0,
ftw-denmark-002,fields-of-the-world,denmark,3.8286,2024-09-08,S2B_32VNJ_20240908_0_L2A,95,37.899706,0.0,0.0,
ftw-denmark-002,fields-of-the-world,denmark,3.8286,2024-10-25,S2B_32VNJ_20241025_1_L2A,95,99.901205,1.0,1.0,
ftw-denmark-002,fields-of-the-world,denmark,3.8286,2024-11-27,S2B_32VNJ_20241127_0_L2A,95,61.41271,1.0,1.0,
ftw-denmark-003,fields-of-the-world,denmark,8.0797,2023-01-02,S2A_32VNJ_20230102_0_L2A,203,100,1.0,1.0,
ftw-denmark-003,fields-of-the-world,denmark,8.0797,2023-02-16,S2B_32VNJ_20230216_0_L2A,203,99.97952,1.0,1.0,
ftw-denmark-003,fields-of-the-world,denmark,8.0797,2023-04-04,S2B_32VNJ_20230404_0_L2A,203,16.074148,0.0,0.0,
ftw-denmark-003,fields-of-the-world,denmark,8.0797,2023-05-22,S2A_32VNJ_20230522_0_L2A,203,32.4469,0.0,0.0,
ftw-denmark-003,fields-of-the-world,denmark,8.0797,2023-07-08,S2A_32VNJ_20230708_0_L2A,203,17.643583,0.0,0.0,
ftw-denmark-003,fields-of-the-world,denmark,8.0797,2023-08-25,S2B_32VNJ_20230825_0_L2A,203,97.71924,1.0,1.0,
ftw-denmark-003,fields-of-the-world,denmark,8.0797,2023-10-11,S2B_32VNJ_20231011_0_L2A,203,76.019168,1.0,1.0,
ftw-denmark-003,fields-of-the-world,denmark,8.0797,2023-11-30,S2B_32VNJ_20231130_0_L2A,203,41.03055,1.0,1.0,
ftw-denmark-003,fields-of-the-world,denmark,8.0797,2024-01-17,S2A_32VNJ_20240117_0_L2A,203,69.489646,0.0,0.0,
ftw-denmark-003,fields-of-the-world,denmark,8.0797,2024-03-02,S2B_32VNJ_20240302_0_L2A,203,100,1.0,1.0,
ftw-denmark-003,fields-of-the-world,denmark,8.0797,2024-04-18,S2B_32VNJ_20240418_0_L2A,203,28.303787,1.0,1.0,
ftw-denmark-003,fields-of-the-world,denmark,8.0797,2024-06-05,S2A_32VNJ_20240605_0_L2A,203,35.545835,1.0,1.0,
ftw-denmark-003,fields-of-the-world,denmark,8.0797,2024-07-22,S2A_32VNJ_20240722_0_L2A,203,99.099004,1.0,1.0,
ftw-denmark-003,fields-of-the-world,denmark,8.0797,2024-09-08,S2B_32VNJ_20240908_0_L2A,203,37.899706,0.9950738916256158,0.9950738916256158,
ftw-denmark-003,fields-of-the-world,denmark,8.0797,2024-10-25,S2B_32VNJ_20241025_1_L2A,203,99.901205,1.0,1.0,
ftw-denmark-003,fields-of-the-world,denmark,8.0797,2024-11-27,S2B_32VNJ_20241127_0_L2A,203,61.41271,0.27586206896551724,0.28078817733990147,
ftw-estonia-000,fields-of-the-world,estonia,0.4838,2023-01-02,S2B_35VLF_20230102_0_L2A,12,99.999964,1.0,1.0,
ftw-estonia-000,fields-of-the-world,estonia,0.4838,2023-02-18,S2B_35VLF_20230218_0_L2A,12,99.815679,1.0,1.0,
ftw-estonia-000,fields-of-the-world,estonia,0.4838,2023-04-04,S2A_35VLF_20230404_0_L2A,12,2.529437,0.0,0.0,
ftw-estonia-000,fields-of-the-world,estonia,0.4838,2023-05-17,S2A_35VLF_20230517_0_L2A,12,89.147097,1.0,1.0,
ftw-estonia-000,fields-of-the-world,estonia,0.4838,2023-07-01,S2B_35VLF_20230701_0_L2A,12,68.498456,1.0,1.0,
ftw-estonia-000,fields-of-the-world,estonia,0.4838,2023-08-15,S2A_35VLF_20230815_0_L2A,12,1.147266,0.0,0.0,
ftw-estonia-000,fields-of-the-world,estonia,0.4838,2023-09-29,S2B_35VLF_20230929_0_L2A,12,89.038485,0.6666666666666666,0.6666666666666666,
ftw-estonia-000,fields-of-the-world,estonia,0.4838,2023-11-10,S2A_35VLF_20231110_0_L2A,12,100,1.0,1.0,
ftw-estonia-000,fields-of-the-world,estonia,0.4838,2024-01-09,S2A_35VLF_20240109_0_L2A,12,59.308553,1.0,1.0,
ftw-estonia-000,fields-of-the-world,estonia,0.4838,2024-02-23,S2B_35VLF_20240223_0_L2A,12,99.999553,1.0,1.0,
ftw-estonia-000,fields-of-the-world,estonia,0.4838,2024-04-06,S2B_35VLF_20240406_0_L2A,12,99.993014,1.0,1.0,
ftw-estonia-000,fields-of-the-world,estonia,0.4838,2024-05-21,S2A_35VLF_20240521_0_L2A,12,1.253005,0.0,0.0,
ftw-estonia-000,fields-of-the-world,estonia,0.4838,2024-07-02,S2B_35VLF_20240702_0_L2A,12,88.119179,1.0,1.0,
ftw-estonia-000,fields-of-the-world,estonia,0.4838,2024-08-16,S2A_35VLF_20240816_0_L2A,12,100,1.0,1.0,
ftw-estonia-000,fields-of-the-world,estonia,0.4838,2024-09-28,S2A_35VLF_20240928_0_L2A,12,79.748029,1.0,1.0,
ftw-estonia-000,fields-of-the-world,estonia,0.4838,2024-11-09,S2B_35VLF_20241109_0_L2A,12,99.223083,1.0,1.0,
ftw-estonia-001,fields-of-the-world,estonia,1.2966,2023-01-02,S2B_35VLF_20230102_0_L2A,33,99.999964,1.0,1.0,
ftw-estonia-001,fields-of-the-world,estonia,1.2966,2023-02-18,S2B_35VLF_20230218_0_L2A,33,99.815679,1.0,1.0,
ftw-estonia-001,fields-of-the-world,estonia,1.2966,2023-04-04,S2A_35VLF_20230404_0_L2A,33,2.529437,0.0,0.0,
ftw-estonia-001,fields-of-the-world,estonia,1.2966,2023-05-17,S2A_35VLF_20230517_0_L2A,33,89.147097,1.0,1.0,
ftw-estonia-001,fields-of-the-world,estonia,1.2966,2023-07-01,S2B_35VLF_20230701_0_L2A,33,68.498456,0.0,0.0,
ftw-estonia-001,fields-of-the-world,estonia,1.2966,2023-08-15,S2A_35VLF_20230815_0_L2A,33,1.147266,0.0,0.0,
ftw-estonia-001,fields-of-the-world,estonia,1.2966,2023-09-29,S2B_35VLF_20230929_0_L2A,33,89.038485,0.0,0.0,
ftw-estonia-001,fields-of-the-world,estonia,1.2966,2023-11-10,S2A_35VLF_20231110_0_L2A,33,100,1.0,1.0,
ftw-estonia-001,fields-of-the-world,estonia,1.2966,2024-01-09,S2A_35VLF_20240109_0_L2A,33,59.308553,1.0,1.0,
ftw-estonia-001,fields-of-the-world,estonia,1.2966,2024-02-23,S2B_35VLF_20240223_0_L2A,33,99.999553,1.0,1.0,
ftw-estonia-001,fields-of-the-world,estonia,1.2966,2024-04-06,S2B_35VLF_20240406_0_L2A,33,99.993014,1.0,1.0,
ftw-estonia-001,fields-of-the-world,estonia,1.2966,2024-05-21,S2A_35VLF_20240521_0_L2A,33,1.253005,0.0,0.0,
ftw-estonia-001,fields-of-the-world,estonia,1.2966,2024-07-02,S2B_35VLF_20240702_0_L2A,33,88.119179,1.0,1.0,
ftw-estonia-001,fields-of-the-world,estonia,1.2966,2024-08-16,S2A_35VLF_20240816_0_L2A,33,100,1.0,1.0,
ftw-estonia-001,fields-of-the-world,estonia,1.2966,2024-09-28,S2A_35VLF_20240928_0_L2A,33,79.748029,1.0,1.0,
ftw-estonia-001,fields-of-the-world,estonia,1.2966,2024-11-09,S2B_35VLF_20241109_0_L2A,33,99.223083,1.0,1.0,
ftw-estonia-002,fields-of-the-world,estonia,3.7366,2023-01-02,S2B_35VLF_20230102_0_L2A,94,99.999964,1.0,1.0,
ftw-estonia-002,fields-of-the-world,estonia,3.7366,2023-02-18,S2B_35VLF_20230218_0_L2A,94,99.815679,1.0,1.0,
ftw-estonia-002,fields-of-the-world,estonia,3.7366,2023-04-04,S2A_35VLF_20230404_0_L2A,94,2.529437,0.0,0.0,
ftw-estonia-002,fields-of-the-world,estonia,3.7366,2023-05-17,S2A_35VLF_20230517_0_L2A,94,89.147097,1.0,1.0,
ftw-estonia-002,fields-of-the-world,estonia,3.7366,2023-07-01,S2B_35VLF_20230701_0_L2A,94,68.498456,0.0,0.0,
ftw-estonia-002,fields-of-the-world,estonia,3.7366,2023-08-15,S2A_35VLF_20230815_0_L2A,94,1.147266,0.0,0.0,
ftw-estonia-002,fields-of-the-world,estonia,3.7366,2023-09-29,S2B_35VLF_20230929_0_L2A,94,89.038485,1.0,1.0,
ftw-estonia-002,fields-of-the-world,estonia,3.7366,2023-11-10,S2A_35VLF_20231110_0_L2A,94,100,1.0,1.0,
ftw-estonia-002,fields-of-the-world,estonia,3.7366,2024-01-09,S2A_35VLF_20240109_0_L2A,94,59.308553,1.0,1.0,
ftw-estonia-002,fields-of-the-world,estonia,3.7366,2024-02-23,S2B_35VLF_20240223_0_L2A,94,99.999553,1.0,1.0,
ftw-estonia-002,fields-of-the-world,estonia,3.7366,2024-04-06,S2B_35VLF_20240406_0_L2A,94,99.993014,1.0,1.0,
ftw-estonia-002,fields-of-the-world,estonia,3.7366,2024-05-21,S2A_35VLF_20240521_0_L2A,94,1.253005,0.0,0.0,
ftw-estonia-002,fields-of-the-world,estonia,3.7366,2024-07-02,S2B_35VLF_20240702_0_L2A,94,88.119179,1.0,1.0,
ftw-estonia-002,fields-of-the-world,estonia,3.7366,2024-08-16,S2A_35VLF_20240816_0_L2A,94,100,1.0,1.0,
ftw-estonia-002,fields-of-the-world,estonia,3.7366,2024-09-28,S2A_35VLF_20240928_0_L2A,94,79.748029,1.0,1.0,
ftw-estonia-002,fields-of-the-world,estonia,3.7366,2024-11-09,S2B_35VLF_20241109_0_L2A,94,99.223083,1.0,1.0,
ftw-estonia-003,fields-of-the-world,estonia,4.0739,2023-01-02,S2B_35VLF_20230102_0_L2A,104,99.999964,1.0,1.0,
ftw-estonia-003,fields-of-the-world,estonia,4.0739,2023-02-18,S2B_35VLF_20230218_0_L2A,104,99.815679,1.0,1.0,
ftw-estonia-003,fields-of-the-world,estonia,4.0739,2023-04-04,S2A_35VLF_20230404_0_L2A,104,2.529437,0.0,0.0,
ftw-estonia-003,fields-of-the-world,estonia,4.0739,2023-05-17,S2A_35VLF_20230517_0_L2A,104,89.147097,1.0,1.0,
ftw-estonia-003,fields-of-the-world,estonia,4.0739,2023-07-01,S2B_35VLF_20230701_0_L2A,104,68.498456,0.0,0.0,
ftw-estonia-003,fields-of-the-world,estonia,4.0739,2023-08-15,S2A_35VLF_20230815_0_L2A,104,1.147266,0.0,0.0,
ftw-estonia-003,fields-of-the-world,estonia,4.0739,2023-09-29,S2B_35VLF_20230929_0_L2A,104,89.038485,1.0,1.0,
ftw-estonia-003,fields-of-the-world,estonia,4.0739,2023-11-10,S2A_35VLF_20231110_0_L2A,104,100,1.0,1.0,
ftw-estonia-003,fields-of-the-world,estonia,4.0739,2024-01-09,S2A_35VLF_20240109_0_L2A,104,59.308553,1.0,1.0,
ftw-estonia-003,fields-of-the-world,estonia,4.0739,2024-02-23,S2B_35VLF_20240223_0_L2A,104,99.999553,1.0,1.0,
ftw-estonia-003,fields-of-the-world,estonia,4.0739,2024-04-06,S2B_35VLF_20240406_0_L2A,104,99.993014,1.0,1.0,
ftw-estonia-003,fields-of-the-world,estonia,4.0739,2024-05-21,S2A_35VLF_20240521_0_L2A,104,1.253005,0.0,0.0,
ftw-estonia-003,fields-of-the-world,estonia,4.0739,2024-07-02,S2B_35VLF_20240702_0_L2A,104,88.119179,1.0,1.0,
ftw-estonia-003,fields-of-the-world,estonia,4.0739,2024-08-16,S2A_35VLF_20240816_0_L2A,104,100,1.0,1.0,
ftw-estonia-003,fields-of-the-world,estonia,4.0739,2024-09-28,S2A_35VLF_20240928_0_L2A,104,79.748029,1.0,1.0,
ftw-estonia-003,fields-of-the-world,estonia,4.0739,2024-11-09,S2B_35VLF_20241109_0_L2A,104,99.223083,1.0,1.0,
ftw-estonia-004,fields-of-the-world,estonia,5.4138,2023-01-02,S2B_35VLF_20230102_0_L2A,135,99.999964,1.0,1.0,
ftw-estonia-004,fields-of-the-world,estonia,5.4138,2023-02-18,S2B_35VLF_20230218_0_L2A,135,99.815679,1.0,1.0,
ftw-estonia-004,fields-of-the-world,estonia,5.4138,2023-04-04,S2A_35VLF_20230404_0_L2A,135,2.529437,0.0,0.0,
ftw-estonia-004,fields-of-the-world,estonia,5.4138,2023-05-17,S2A_35VLF_20230517_0_L2A,135,89.147097,1.0,1.0,
ftw-estonia-004,fields-of-the-world,estonia,5.4138,2023-07-01,S2B_35VLF_20230701_0_L2A,135,68.498456,0.4740740740740741,0.4740740740740741,
ftw-estonia-004,fields-of-the-world,estonia,5.4138,2023-08-15,S2A_35VLF_20230815_0_L2A,135,1.147266,0.0,0.0,
ftw-estonia-004,fields-of-the-world,estonia,5.4138,2023-09-29,S2B_35VLF_20230929_0_L2A,135,89.038485,1.0,1.0,
ftw-estonia-004,fields-of-the-world,estonia,5.4138,2023-11-10,S2A_35VLF_20231110_0_L2A,135,100,1.0,1.0,
ftw-estonia-004,fields-of-the-world,estonia,5.4138,2024-01-09,S2A_35VLF_20240109_0_L2A,135,59.308553,1.0,1.0,
ftw-estonia-004,fields-of-the-world,estonia,5.4138,2024-02-23,S2B_35VLF_20240223_0_L2A,135,99.999553,1.0,1.0,
ftw-estonia-004,fields-of-the-world,estonia,5.4138,2024-04-06,S2B_35VLF_20240406_0_L2A,135,99.993014,1.0,1.0,
ftw-estonia-004,fields-of-the-world,estonia,5.4138,2024-05-21,S2A_35VLF_20240521_0_L2A,135,1.253005,0.0,0.0,
ftw-estonia-004,fields-of-the-world,estonia,5.4138,2024-07-02,S2B_35VLF_20240702_0_L2A,135,88.119179,1.0,1.0,
ftw-estonia-004,fields-of-the-world,estonia,5.4138,2024-08-16,S2A_35VLF_20240816_0_L2A,135,100,1.0,1.0,
ftw-estonia-004,fields-of-the-world,estonia,5.4138,2024-09-28,S2A_35VLF_20240928_0_L2A,135,79.748029,1.0,1.0,
ftw-estonia-004,fields-of-the-world,estonia,5.4138,2024-11-09,S2B_35VLF_20241109_0_L2A,135,99.223083,1.0,1.0,
ftw-estonia-005,fields-of-the-world,estonia,6.4416,2023-01-02,S2B_35VMF_20230102_0_L2A,155,97.275329,1.0,1.0,
ftw-estonia-005,fields-of-the-world,estonia,6.4416,2023-02-18,S2B_35VLF_20230218_0_L2A,155,99.815679,1.0,1.0,
ftw-estonia-005,fields-of-the-world,estonia,6.4416,2023-04-04,S2A_35VMF_20230404_0_L2A,155,74.761921,0.05806451612903226,0.05806451612903226,
ftw-estonia-005,fields-of-the-world,estonia,6.4416,2023-05-17,S2A_35VLF_20230517_0_L2A,155,89.147097,0.0,0.0,
ftw-estonia-005,fields-of-the-world,estonia,6.4416,2023-07-01,S2B_35VMF_20230701_0_L2A,155,87.500918,1.0,1.0,
ftw-estonia-005,fields-of-the-world,estonia,6.4416,2023-08-15,S2A_35VLF_20230815_0_L2A,155,1.147266,0.0,0.0,
ftw-estonia-005,fields-of-the-world,estonia,6.4416,2023-09-29,S2B_35VMF_20230929_0_L2A,155,97.197461,1.0,1.0,
ftw-estonia-005,fields-of-the-world,estonia,6.4416,2023-11-10,S2A_35VLF_20231110_0_L2A,155,100,1.0,1.0,
ftw-estonia-005,fields-of-the-world,estonia,6.4416,2024-01-09,S2A_35VLF_20240109_0_L2A,155,59.308553,1.0,1.0,
ftw-estonia-005,fields-of-the-world,estonia,6.4416,2024-02-23,S2B_35VMF_20240223_0_L2A,155,99.99994,1.0,1.0,
ftw-estonia-005,fields-of-the-world,estonia,6.4416,2024-04-06,S2B_35VLF_20240406_0_L2A,155,99.993014,1.0,1.0,
ftw-estonia-005,fields-of-the-world,estonia,6.4416,2024-05-21,S2A_35VMF_20240521_0_L2A,155,0.376934,0.0,0.0,
ftw-estonia-005,fields-of-the-world,estonia,6.4416,2024-07-02,S2B_35VLF_20240702_0_L2A,155,88.119179,1.0,1.0,
ftw-estonia-005,fields-of-the-world,estonia,6.4416,2024-08-16,S2A_35VMF_20240816_0_L2A,155,100,1.0,1.0,
ftw-estonia-005,fields-of-the-world,estonia,6.4416,2024-09-28,S2A_35VLF_20240928_0_L2A,155,79.748029,1.0,1.0,
ftw-estonia-005,fields-of-the-world,estonia,6.4416,2024-11-09,S2B_35VMF_20241109_0_L2A,155,99.592358,1.0,1.0,
ftw-estonia-006,fields-of-the-world,estonia,7.5552,2023-01-02,S2B_35VLF_20230102_0_L2A,188,99.999964,1.0,1.0,
ftw-estonia-006,fields-of-the-world,estonia,7.5552,2023-02-16,S2A_35VLF_20230216_0_L2A,188,99.998844,1.0,1.0,
ftw-estonia-006,fields-of-the-world,estonia,7.5552,2023-04-02,S2B_35VLF_20230402_0_L2A,188,15.974256,0.0,0.0,
ftw-estonia-006,fields-of-the-world,estonia,7.5552,2023-05-17,S2A_35VLF_20230517_0_L2A,188,89.147097,1.0,1.0,
ftw-estonia-006,fields-of-the-world,estonia,7.5552,2023-06-28,S2B_35VLF_20230628_0_L2A,188,46.897534,0.0,0.0,
ftw-estonia-006,fields-of-the-world,estonia,7.5552,2023-08-15,S2A_35VLF_20230815_0_L2A,188,1.147266,0.0,0.0,
ftw-estonia-006,fields-of-the-world,estonia,7.5552,2023-09-29,S2B_35VLF_20230929_0_L2A,188,89.038485,1.0,1.0,
ftw-estonia-006,fields-of-the-world,estonia,7.5552,2023-11-10,S2A_35VLF_20231110_0_L2A,188,100,1.0,1.0,
ftw-estonia-006,fields-of-the-world,estonia,7.5552,2024-01-09,S2A_35VLF_20240109_0_L2A,188,59.308553,1.0,1.0,
ftw-estonia-006,fields-of-the-world,estonia,7.5552,2024-02-23,S2B_35VLF_20240223_0_L2A,188,99.999553,1.0,1.0,
ftw-estonia-006,fields-of-the-world,estonia,7.5552,2024-04-06,S2B_35VLF_20240406_0_L2A,188,99.993014,1.0,1.0,
ftw-estonia-006,fields-of-the-world,estonia,7.5552,2024-05-21,S2A_35VLF_20240521_0_L2A,188,1.253005,0.0,0.0,
ftw-estonia-006,fields-of-the-world,estonia,7.5552,2024-07-05,S2B_35VLF_20240705_0_L2A,188,92.499614,1.0,1.0,
ftw-estonia-006,fields-of-the-world,estonia,7.5552,2024-08-16,S2A_35VLF_20240816_0_L2A,188,100,1.0,1.0,
ftw-estonia-006,fields-of-the-world,estonia,7.5552,2024-09-30,S2B_35VLF_20240930_0_L2A,188,24.151988,0.0,0.0,
ftw-estonia-006,fields-of-the-world,estonia,7.5552,2024-11-12,S2B_35VLF_20241112_0_L2A,188,98.830676,1.0,1.0,
ftw-estonia-007,fields-of-the-world,estonia,7.7771,2023-01-02,S2B_35VLF_20230102_0_L2A,197,99.999964,1.0,1.0,
ftw-estonia-007,fields-of-the-world,estonia,7.7771,2023-02-18,S2B_35VLF_20230218_0_L2A,197,99.815679,1.0,1.0,
ftw-estonia-007,fields-of-the-world,estonia,7.7771,2023-04-04,S2A_35VLF_20230404_0_L2A,197,2.529437,0.0,0.0,
ftw-estonia-007,fields-of-the-world,estonia,7.7771,2023-05-17,S2A_35VLF_20230517_0_L2A,197,89.147097,1.0,1.0,
ftw-estonia-007,fields-of-the-world,estonia,7.7771,2023-07-01,S2B_35VLF_20230701_0_L2A,197,68.498456,1.0,1.0,
ftw-estonia-007,fields-of-the-world,estonia,7.7771,2023-08-15,S2A_35VLF_20230815_0_L2A,197,1.147266,0.0,0.0,
ftw-estonia-007,fields-of-the-world,estonia,7.7771,2023-09-29,S2B_35VLF_20230929_0_L2A,197,89.038485,0.0,0.0,
ftw-estonia-007,fields-of-the-world,estonia,7.7771,2023-11-10,S2A_35VLF_20231110_0_L2A,197,100,1.0,1.0,
ftw-estonia-007,fields-of-the-world,estonia,7.7771,2024-01-09,S2A_35VLF_20240109_0_L2A,197,59.308553,1.0,1.0,
ftw-estonia-007,fields-of-the-world,estonia,7.7771,2024-02-23,S2B_35VLF_20240223_0_L2A,197,99.999553,1.0,1.0,
ftw-estonia-007,fields-of-the-world,estonia,7.7771,2024-04-06,S2B_35VLF_20240406_0_L2A,197,99.993014,1.0,1.0,
ftw-estonia-007,fields-of-the-world,estonia,7.7771,2024-05-21,S2A_35VLF_20240521_0_L2A,197,1.253005,0.0,0.0,
ftw-estonia-007,fields-of-the-world,estonia,7.7771,2024-07-02,S2B_35VLF_20240702_0_L2A,197,88.119179,1.0,1.0,
ftw-estonia-007,fields-of-the-world,estonia,7.7771,2024-08-16,S2A_35VLF_20240816_0_L2A,197,100,1.0,1.0,
ftw-estonia-007,fields-of-the-world,estonia,7.7771,2024-09-28,S2A_35VLF_20240928_0_L2A,197,79.748029,1.0,1.0,
ftw-estonia-007,fields-of-the-world,estonia,7.7771,2024-11-09,S2B_35VLF_20241109_0_L2A,197,99.223083,1.0,1.0,
ftw-estonia-008,fields-of-the-world,estonia,10.1712,2023-01-02,S2B_35VLF_20230102_0_L2A,253,99.999964,1.0,1.0,
ftw-estonia-008,fields-of-the-world,estonia,10.1712,2023-02-13,S2A_35VLF_20230213_0_L2A,253,99.010509,1.0,1.0,
ftw-estonia-008,fields-of-the-world,estonia,10.1712,2023-03-30,S2B_35VLF_20230330_0_L2A,253,95.022166,1.0,1.0,
ftw-estonia-008,fields-of-the-world,estonia,10.1712,2023-05-14,S2A_35VLF_20230514_0_L2A,253,0.004633,0.0,0.0,
ftw-estonia-008,fields-of-the-world,estonia,10.1712,2023-06-28,S2B_35VLF_20230628_0_L2A,253,46.897534,0.0,0.0,
ftw-estonia-008,fields-of-the-world,estonia,10.1712,2023-08-15,S2A_35VLF_20230815_0_L2A,253,1.147266,0.0,0.0,
ftw-estonia-008,fields-of-the-world,estonia,10.1712,2023-09-26,S2B_35VLF_20230926_0_L2A,253,50.730461,0.0,0.0,
ftw-estonia-008,fields-of-the-world,estonia,10.1712,2023-11-10,S2A_35VLF_20231110_0_L2A,253,100,1.0,1.0,
ftw-estonia-008,fields-of-the-world,estonia,10.1712,2024-01-09,S2A_35VLF_20240109_0_L2A,253,59.308553,1.0,1.0,
ftw-estonia-008,fields-of-the-world,estonia,10.1712,2024-02-23,S2B_35VLF_20240223_0_L2A,253,99.999553,1.0,1.0,
ftw-estonia-008,fields-of-the-world,estonia,10.1712,2024-04-08,S2A_35VLF_20240408_0_L2A,253,31.257841,1.0,1.0,
ftw-estonia-008,fields-of-the-world,estonia,10.1712,2024-05-21,S2A_35VLF_20240521_0_L2A,253,1.253005,0.0,0.0,
ftw-estonia-008,fields-of-the-world,estonia,10.1712,2024-07-05,S2B_35VLF_20240705_0_L2A,253,92.499614,1.0,1.0,
ftw-estonia-008,fields-of-the-world,estonia,10.1712,2024-08-19,S2A_35VLF_20240819_0_L2A,253,33.566663,0.5533596837944664,0.5533596837944664,
ftw-estonia-008,fields-of-the-world,estonia,10.1712,2024-10-03,S2B_35VLF_20241003_0_L2A,253,86.849242,1.0,1.0,
ftw-estonia-008,fields-of-the-world,estonia,10.1712,2024-11-14,S2A_35VLF_20241114_0_L2A,253,27.33174,1.0,1.0,
ftw-estonia-009,fields-of-the-world,estonia,10.7747,2023-01-02,S2B_35VMF_20230102_0_L2A,265,97.275329,1.0,1.0,
ftw-estonia-009,fields-of-the-world,estonia,10.7747,2023-02-18,S2B_35VLF_20230218_0_L2A,265,99.815679,1.0,1.0,
ftw-estonia-009,fields-of-the-world,estonia,10.7747,2023-04-04,S2A_35VMF_20230404_0_L2A,265,74.761921,0.0,0.0,
ftw-estonia-009,fields-of-the-world,estonia,10.7747,2023-05-17,S2A_35VLF_20230517_0_L2A,265,89.147097,0.0,0.0,
ftw-estonia-009,fields-of-the-world,estonia,10.7747,2023-07-01,S2B_35VMF_20230701_0_L2A,265,87.500918,1.0,1.0,
ftw-estonia-009,fields-of-the-world,estonia,10.7747,2023-08-15,S2A_35VLF_20230815_0_L2A,265,1.147266,0.0,0.0,
ftw-estonia-009,fields-of-the-world,estonia,10.7747,2023-09-29,S2B_35VMF_20230929_0_L2A,265,97.197461,1.0,1.0,
ftw-estonia-009,fields-of-the-world,estonia,10.7747,2023-11-10,S2A_35VLF_20231110_0_L2A,265,100,1.0,1.0,
ftw-estonia-009,fields-of-the-world,estonia,10.7747,2024-01-09,S2A_35VLF_20240109_0_L2A,265,59.308553,1.0,1.0,
ftw-estonia-009,fields-of-the-world,estonia,10.7747,2024-02-23,S2B_35VMF_20240223_0_L2A,265,99.99994,1.0,1.0,
ftw-estonia-009,fields-of-the-world,estonia,10.7747,2024-04-06,S2B_35VLF_20240406_0_L2A,265,99.993014,1.0,1.0,
ftw-estonia-009,fields-of-the-world,estonia,10.7747,2024-05-21,S2A_35VMF_20240521_0_L2A,265,0.376934,0.0,0.0,
ftw-estonia-009,fields-of-the-world,estonia,10.7747,2024-07-02,S2B_35VLF_20240702_0_L2A,265,88.119179,1.0,1.0,
ftw-estonia-009,fields-of-the-world,estonia,10.7747,2024-08-16,S2A_35VMF_20240816_0_L2A,265,100,1.0,1.0,
ftw-estonia-009,fields-of-the-world,estonia,10.7747,2024-09-28,S2A_35VLF_20240928_0_L2A,265,79.748029,1.0,1.0,
ftw-estonia-009,fields-of-the-world,estonia,10.7747,2024-11-09,S2B_35VMF_20241109_0_L2A,265,99.592358,1.0,1.0,
ftw-estonia-010,fields-of-the-world,estonia,12.5605,2023-01-02,S2B_35VLF_20230102_0_L2A,310,99.999964,1.0,1.0,
ftw-estonia-010,fields-of-the-world,estonia,12.5605,2023-02-18,S2B_35VLF_20230218_0_L2A,310,99.815679,1.0,1.0,
ftw-estonia-010,fields-of-the-world,estonia,12.5605,2023-04-04,S2A_35VLF_20230404_0_L2A,310,2.529437,0.0,0.0,
ftw-estonia-010,fields-of-the-world,estonia,12.5605,2023-05-17,S2A_35VLF_20230517_0_L2A,310,89.147097,1.0,1.0,
ftw-estonia-010,fields-of-the-world,estonia,12.5605,2023-07-01,S2B_35VLF_20230701_0_L2A,310,68.498456,1.0,1.0,
ftw-estonia-010,fields-of-the-world,estonia,12.5605,2023-08-15,S2A_35VLF_20230815_0_L2A,310,1.147266,0.0,0.0,
ftw-estonia-010,fields-of-the-world,estonia,12.5605,2023-09-29,S2B_35VLF_20230929_0_L2A,310,89.038485,0.33548387096774196,0.33548387096774196,
ftw-estonia-010,fields-of-the-world,estonia,12.5605,2023-11-10,S2A_35VLF_20231110_0_L2A,310,100,1.0,1.0,
ftw-estonia-010,fields-of-the-world,estonia,12.5605,2024-01-09,S2A_35VLF_20240109_0_L2A,310,59.308553,1.0,1.0,
ftw-estonia-010,fields-of-the-world,estonia,12.5605,2024-02-23,S2B_35VLF_20240223_0_L2A,310,99.999553,1.0,1.0,
ftw-estonia-010,fields-of-the-world,estonia,12.5605,2024-04-06,S2B_35VLF_20240406_0_L2A,310,99.993014,1.0,1.0,
ftw-estonia-010,fields-of-the-world,estonia,12.5605,2024-05-21,S2A_35VLF_20240521_0_L2A,310,1.253005,0.0,0.0,
ftw-estonia-010,fields-of-the-world,estonia,12.5605,2024-07-02,S2B_35VLF_20240702_0_L2A,310,88.119179,1.0,1.0,
ftw-estonia-010,fields-of-the-world,estonia,12.5605,2024-08-16,S2A_35VLF_20240816_0_L2A,310,100,1.0,1.0,
ftw-estonia-010,fields-of-the-world,estonia,12.5605,2024-09-28,S2A_35VLF_20240928_0_L2A,310,79.748029,1.0,1.0,
ftw-estonia-010,fields-of-the-world,estonia,12.5605,2024-11-09,S2B_35VLF_20241109_0_L2A,310,99.223083,1.0,1.0,
ftw-estonia-011,fields-of-the-world,estonia,13.2323,2023-01-02,S2B_35VMF_20230102_0_L2A,329,97.275329,1.0,1.0,
ftw-estonia-011,fields-of-the-world,estonia,13.2323,2023-02-18,S2B_35VMF_20230218_0_L2A,329,99.781317,1.0,1.0,
ftw-estonia-011,fields-of-the-world,estonia,13.2323,2023-04-04,S2A_35VMF_20230404_0_L2A,329,74.761921,1.0,1.0,
ftw-estonia-011,fields-of-the-world,estonia,13.2323,2023-05-17,S2A_35VMF_20230517_0_L2A,329,77.51736,1.0,1.0,
ftw-estonia-011,fields-of-the-world,estonia,13.2323,2023-07-01,S2B_35VMF_20230701_0_L2A,329,87.500918,1.0,1.0,
ftw-estonia-011,fields-of-the-world,estonia,13.2323,2023-08-15,S2A_35VMF_20230815_0_L2A,329,1.03124,0.0,0.0,
ftw-estonia-011,fields-of-the-world,estonia,13.2323,2023-09-29,S2B_35VMF_20230929_0_L2A,329,97.197461,1.0,1.0,
ftw-estonia-011,fields-of-the-world,estonia,13.2323,2023-11-10,S2A_35VMF_20231110_0_L2A,329,100,1.0,1.0,
ftw-estonia-011,fields-of-the-world,estonia,13.2323,2024-01-09,S2A_35VMF_20240109_0_L2A,329,99.178451,1.0,1.0,
ftw-estonia-011,fields-of-the-world,estonia,13.2323,2024-02-23,S2B_35VMF_20240223_0_L2A,329,99.99994,1.0,1.0,
ftw-estonia-011,fields-of-the-world,estonia,13.2323,2024-04-06,S2B_35VMF_20240406_0_L2A,329,99.992651,1.0,1.0,
ftw-estonia-011,fields-of-the-world,estonia,13.2323,2024-05-21,S2A_35VMF_20240521_0_L2A,329,0.376934,0.0,0.0,
ftw-estonia-011,fields-of-the-world,estonia,13.2323,2024-07-02,S2B_35VMF_20240702_0_L2A,329,99.007779,1.0,1.0,
ftw-estonia-011,fields-of-the-world,estonia,13.2323,2024-08-16,S2A_35VMF_20240816_0_L2A,329,100,1.0,1.0,
ftw-estonia-011,fields-of-the-world,estonia,13.2323,2024-09-28,S2A_35VMF_20240928_0_L2A,329,90.90547,1.0,1.0,
ftw-estonia-011,fields-of-the-world,estonia,13.2323,2024-11-09,S2B_35VMF_20241109_0_L2A,329,99.592358,1.0,1.0,
ftw-estonia-012,fields-of-the-world,estonia,20.922,2023-01-02,S2B_35VMF_20230102_0_L2A,525,97.275329,1.0,1.0,
ftw-estonia-012,fields-of-the-world,estonia,20.922,2023-02-18,S2B_35VMF_20230218_0_L2A,525,99.781317,1.0,1.0,
ftw-estonia-012,fields-of-the-world,estonia,20.922,2023-04-04,S2A_35VMF_20230404_0_L2A,525,74.761921,0.9980952380952381,0.9980952380952381,
ftw-estonia-012,fields-of-the-world,estonia,20.922,2023-05-17,S2A_35VMF_20230517_0_L2A,525,77.51736,1.0,1.0,
ftw-estonia-012,fields-of-the-world,estonia,20.922,2023-07-01,S2B_35VMF_20230701_0_L2A,525,87.500918,1.0,1.0,
ftw-estonia-012,fields-of-the-world,estonia,20.922,2023-08-15,S2A_35VMF_20230815_0_L2A,525,1.03124,0.0,0.0,
ftw-estonia-012,fields-of-the-world,estonia,20.922,2023-09-29,S2B_35VMF_20230929_0_L2A,525,97.197461,1.0,1.0,
ftw-estonia-012,fields-of-the-world,estonia,20.922,2023-11-10,S2A_35VMF_20231110_0_L2A,525,100,1.0,1.0,
ftw-estonia-012,fields-of-the-world,estonia,20.922,2024-01-09,S2A_35VMF_20240109_0_L2A,525,99.178451,1.0,1.0,
ftw-estonia-012,fields-of-the-world,estonia,20.922,2024-02-23,S2B_35VMF_20240223_0_L2A,525,99.99994,1.0,1.0,
ftw-estonia-012,fields-of-the-world,estonia,20.922,2024-04-06,S2B_35VMF_20240406_0_L2A,525,99.992651,1.0,1.0,
ftw-estonia-012,fields-of-the-world,estonia,20.922,2024-05-21,S2A_35VMF_20240521_0_L2A,525,0.376934,0.0,0.0,
ftw-estonia-012,fields-of-the-world,estonia,20.922,2024-07-02,S2B_35VMF_20240702_0_L2A,525,99.007779,1.0,1.0,
ftw-estonia-012,fields-of-the-world,estonia,20.922,2024-08-16,S2A_35VMF_20240816_0_L2A,525,100,1.0,1.0,
ftw-estonia-012,fields-of-the-world,estonia,20.922,2024-09-28,S2A_35VMF_20240928_0_L2A,525,90.90547,1.0,1.0,
ftw-estonia-012,fields-of-the-world,estonia,20.922,2024-11-09,S2B_35VMF_20241109_0_L2A,525,99.592358,1.0,1.0,
ftw-finland-000,fields-of-the-world,finland,0.2402,2023-01-02,S2B_34VFN_20230102_0_L2A,4,79.927117,1.0,1.0,
ftw-finland-000,fields-of-the-world,finland,0.2402,2023-02-21,S2B_34VFN_20230221_0_L2A,4,99.696058,1.0,1.0,
ftw-finland-000,fields-of-the-world,finland,0.2402,2023-04-05,S2B_34VFN_20230405_0_L2A,4,85.042846,1.0,1.0,
ftw-finland-000,fields-of-the-world,finland,0.2402,2023-05-15,S2B_34VFN_20230515_0_L2A,4,1.599542,0.0,0.0,
ftw-finland-000,fields-of-the-world,finland,0.2402,2023-06-26,S2A_34VFN_20230626_0_L2A,4,36.563966,0.0,0.0,
ftw-finland-000,fields-of-the-world,finland,0.2402,2023-08-08,S2A_34VFN_20230808_0_L2A,4,75.517982,1.0,1.0,
ftw-finland-000,fields-of-the-world,finland,0.2402,2023-09-22,S2B_34VFN_20230922_0_L2A,4,0.013386,0.0,0.0,
ftw-finland-000,fields-of-the-world,finland,0.2402,2023-11-01,S2B_34VFN_20231101_0_L2A,4,99.965239,1.0,1.0,
ftw-finland-000,fields-of-the-world,finland,0.2402,2024-01-17,S2B_34VFN_20240117_0_L2A,4,88.071495,1.0,1.0,
ftw-finland-000,fields-of-the-world,finland,0.2402,2024-02-26,S2B_34VFN_20240226_0_L2A,4,99.998313,1.0,1.0,
ftw-finland-000,fields-of-the-world,finland,0.2402,2024-04-09,S2B_34VFN_20240409_0_L2A,4,79.417378,0.0,0.0,
ftw-finland-000,fields-of-the-world,finland,0.2402,2024-05-19,S2B_34VFN_20240519_0_L2A,4,2.532418,0.5,0.5,
ftw-finland-000,fields-of-the-world,finland,0.2402,2024-06-30,S2A_34VFN_20240630_0_L2A,4,77.804613,0.25,0.25,
ftw-finland-000,fields-of-the-world,finland,0.2402,2024-08-12,S2A_34VFN_20240812_0_L2A,4,96.098971,1.0,1.0,
ftw-finland-000,fields-of-the-world,finland,0.2402,2024-09-23,S2B_34VFN_20240923_1_L2A,4,69.652951,0.0,0.0,
ftw-finland-000,fields-of-the-world,finland,0.2402,2024-11-02,S2B_34VFN_20241102_0_L2A,4,78.556079,1.0,1.0,
ftw-finland-001,fields-of-the-world,finland,0.2783,2023-01-02,S2B_34VFN_20230102_0_L2A,8,79.927117,1.0,1.0,
ftw-finland-001,fields-of-the-world,finland,0.2783,2023-02-21,S2B_34VFN_20230221_0_L2A,8,99.696058,1.0,1.0,
ftw-finland-001,fields-of-the-world,finland,0.2783,2023-04-05,S2B_34VFN_20230405_0_L2A,8,85.042846,1.0,1.0,
ftw-finland-001,fields-of-the-world,finland,0.2783,2023-05-15,S2B_34VFN_20230515_0_L2A,8,1.599542,0.0,0.0,
ftw-finland-001,fields-of-the-world,finland,0.2783,2023-06-26,S2A_34VFN_20230626_0_L2A,8,36.563966,0.0,0.0,
ftw-finland-001,fields-of-the-world,finland,0.2783,2023-08-08,S2A_34VFN_20230808_0_L2A,8,75.517982,1.0,1.0,
ftw-finland-001,fields-of-the-world,finland,0.2783,2023-09-22,S2B_34VFN_20230922_0_L2A,8,0.013386,0.0,0.0,
ftw-finland-001,fields-of-the-world,finland,0.2783,2023-11-01,S2B_34VFN_20231101_0_L2A,8,99.965239,1.0,1.0,
ftw-finland-001,fields-of-the-world,finland,0.2783,2024-01-17,S2B_34VFN_20240117_0_L2A,8,88.071495,1.0,1.0,
ftw-finland-001,fields-of-the-world,finland,0.2783,2024-02-26,S2B_34VFN_20240226_0_L2A,8,99.998313,1.0,1.0,
ftw-finland-001,fields-of-the-world,finland,0.2783,2024-04-09,S2B_34VFN_20240409_0_L2A,8,79.417378,0.0,0.0,
ftw-finland-001,fields-of-the-world,finland,0.2783,2024-05-19,S2B_34VFN_20240519_0_L2A,8,2.532418,1.0,1.0,
ftw-finland-001,fields-of-the-world,finland,0.2783,2024-06-30,S2A_34VFN_20240630_0_L2A,8,77.804613,0.0,0.0,
ftw-finland-001,fields-of-the-world,finland,0.2783,2024-08-12,S2A_34VFN_20240812_0_L2A,8,96.098971,1.0,1.0,
ftw-finland-001,fields-of-the-world,finland,0.2783,2024-09-23,S2B_34VFN_20240923_1_L2A,8,69.652951,0.0,0.0,
ftw-finland-001,fields-of-the-world,finland,0.2783,2024-11-02,S2B_34VFN_20241102_0_L2A,8,78.556079,1.0,1.0,
ftw-finland-002,fields-of-the-world,finland,0.417,2023-01-02,S2B_34VFP_20230102_0_L2A,8,95.532137,1.0,1.0,
ftw-finland-002,fields-of-the-world,finland,0.417,2023-02-21,S2B_34VEP_20230221_0_L2A,8,95.014143,1.0,1.0,
ftw-finland-002,fields-of-the-world,finland,0.417,2023-04-02,S2B_34VEN_20230402_0_L2A,8,17.733575,0.0,0.0,
ftw-finland-002,fields-of-the-world,finland,0.417,2023-05-13,S2A_34VEP_20230513_0_L2A,8,31.591162,0.0,0.0,
ftw-finland-002,fields-of-the-world,finland,0.417,2023-06-22,S2A_34VEN_20230622_0_L2A,8,99.556845,1.0,1.0,
ftw-finland-002,fields-of-the-world,finland,0.417,2023-08-05,S2A_34VEP_20230805_0_L2A,8,46.541128,0.0,0.0,
ftw-finland-002,fields-of-the-world,finland,0.417,2023-09-15,S2B_34VEN_20230915_1_L2A,8,98.585397,1.0,1.0,
ftw-finland-002,fields-of-the-world,finland,0.417,2023-10-27,S2A_34VEP_20231027_0_L2A,8,74.61282,1.0,1.0,
ftw-finland-002,fields-of-the-world,finland,0.417,2024-01-10,S2B_34VFP_20240110_0_L2A,8,99.949795,1.0,1.0,
ftw-finland-002,fields-of-the-world,finland,0.417,2024-02-24,S2A_34VFN_20240224_0_L2A,8,99.714857,1.0,1.0,
ftw-finland-002,fields-of-the-world,finland,0.417,2024-04-06,S2B_34VFP_20240406_0_L2A,8,99.888307,1.0,1.0,
ftw-finland-002,fields-of-the-world,finland,0.417,2024-05-17,S2A_34VFN_20240517_0_L2A,8,0.166007,0.0,0.0,
ftw-finland-002,fields-of-the-world,finland,0.417,2024-06-28,S2B_34VFP_20240628_0_L2A,8,11.824822,0.0,0.0,
ftw-finland-002,fields-of-the-world,finland,0.417,2024-08-09,S2A_34VFN_20240809_0_L2A,8,90.864635,1.0,1.0,
ftw-finland-002,fields-of-the-world,finland,0.417,2024-09-19,S2B_34VFP_20240919_0_L2A,8,6.33254,0.0,0.0,
ftw-finland-002,fields-of-the-world,finland,0.417,2024-10-31,S2A_34VFN_20241031_0_L2A,8,99.999988,1.0,1.0,
ftw-finland-003,fields-of-the-world,finland,0.6205,2023-01-02,S2B_34VFN_20230102_0_L2A,14,79.927117,1.0,1.0,
ftw-finland-003,fields-of-the-world,finland,0.6205,2023-02-21,S2B_34VFN_20230221_0_L2A,14,99.696058,1.0,1.0,
ftw-finland-003,fields-of-the-world,finland,0.6205,2023-04-05,S2B_34VFN_20230405_0_L2A,14,85.042846,1.0,1.0,
ftw-finland-003,fields-of-the-world,finland,0.6205,2023-05-15,S2B_34VFN_20230515_0_L2A,14,1.599542,0.0,0.0,
ftw-finland-003,fields-of-the-world,finland,0.6205,2023-06-26,S2A_34VFN_20230626_0_L2A,14,36.563966,0.0,0.0,
ftw-finland-003,fields-of-the-world,finland,0.6205,2023-08-08,S2A_34VFN_20230808_0_L2A,14,75.517982,1.0,1.0,
ftw-finland-003,fields-of-the-world,finland,0.6205,2023-09-22,S2B_34VFN_20230922_0_L2A,14,0.013386,0.0,0.0,
ftw-finland-003,fields-of-the-world,finland,0.6205,2023-11-01,S2B_34VFN_20231101_0_L2A,14,99.965239,1.0,1.0,
ftw-finland-003,fields-of-the-world,finland,0.6205,2024-01-17,S2B_34VFN_20240117_0_L2A,14,88.071495,1.0,1.0,
ftw-finland-003,fields-of-the-world,finland,0.6205,2024-02-26,S2B_34VFN_20240226_0_L2A,14,99.998313,1.0,1.0,
ftw-finland-003,fields-of-the-world,finland,0.6205,2024-04-09,S2B_34VFN_20240409_0_L2A,14,79.417378,0.0,0.0,
ftw-finland-003,fields-of-the-world,finland,0.6205,2024-05-19,S2B_34VFN_20240519_0_L2A,14,2.532418,1.0,1.0,
ftw-finland-003,fields-of-the-world,finland,0.6205,2024-06-30,S2A_34VFN_20240630_0_L2A,14,77.804613,0.0,0.0,
ftw-finland-003,fields-of-the-world,finland,0.6205,2024-08-12,S2A_34VFN_20240812_0_L2A,14,96.098971,1.0,1.0,
ftw-finland-003,fields-of-the-world,finland,0.6205,2024-09-23,S2B_34VFN_20240923_1_L2A,14,69.652951,0.0,0.0,
ftw-finland-003,fields-of-the-world,finland,0.6205,2024-11-02,S2B_34VFN_20241102_0_L2A,14,78.556079,1.0,1.0,
ftw-finland-004,fields-of-the-world,finland,0.6933,2023-01-02,S2B_34VFN_20230102_0_L2A,20,79.927117,1.0,1.0,
ftw-finland-004,fields-of-the-world,finland,0.6933,2023-02-21,S2B_34VFN_20230221_0_L2A,20,99.696058,1.0,1.0,
ftw-finland-004,fields-of-the-world,finland,0.6933,2023-04-05,S2B_34VFN_20230405_0_L2A,20,85.042846,1.0,1.0,
ftw-finland-004,fields-of-the-world,finland,0.6933,2023-05-15,S2B_34VFN_20230515_0_L2A,20,1.599542,0.0,0.0,
ftw-finland-004,fields-of-the-world,finland,0.6933,2023-06-26,S2A_34VFN_20230626_0_L2A,20,36.563966,1.0,1.0,
ftw-finland-004,fields-of-the-world,finland,0.6933,2023-08-08,S2A_34VFN_20230808_0_L2A,20,75.517982,1.0,1.0,
ftw-finland-004,fields-of-the-world,finland,0.6933,2023-09-22,S2B_34VFN_20230922_0_L2A,20,0.013386,0.0,0.0,
ftw-finland-004,fields-of-the-world,finland,0.6933,2023-11-01,S2B_34VFN_20231101_0_L2A,20,99.965239,1.0,1.0,
ftw-finland-004,fields-of-the-world,finland,0.6933,2024-01-17,S2B_34VFN_20240117_0_L2A,20,88.071495,1.0,1.0,
ftw-finland-004,fields-of-the-world,finland,0.6933,2024-02-26,S2B_34VFN_20240226_0_L2A,20,99.998313,1.0,1.0,
ftw-finland-004,fields-of-the-world,finland,0.6933,2024-04-09,S2B_34VFN_20240409_0_L2A,20,79.417378,0.0,0.0,
ftw-finland-004,fields-of-the-world,finland,0.6933,2024-05-19,S2B_34VFN_20240519_0_L2A,20,2.532418,0.0,0.0,
ftw-finland-004,fields-of-the-world,finland,0.6933,2024-06-30,S2A_34VFN_20240630_0_L2A,20,77.804613,1.0,1.0,
ftw-finland-004,fields-of-the-world,finland,0.6933,2024-08-12,S2A_34VFN_20240812_0_L2A,20,96.098971,1.0,1.0,
ftw-finland-004,fields-of-the-world,finland,0.6933,2024-09-23,S2B_34VFN_20240923_1_L2A,20,69.652951,0.0,0.0,
ftw-finland-004,fields-of-the-world,finland,0.6933,2024-11-02,S2B_34VFN_20241102_0_L2A,20,78.556079,1.0,1.0,
ftw-finland-005,fields-of-the-world,finland,0.8745,2023-01-02,S2B_34VFN_20230102_0_L2A,22,79.927117,1.0,1.0,
ftw-finland-005,fields-of-the-world,finland,0.8745,2023-02-21,S2B_34VFN_20230221_0_L2A,22,99.696058,1.0,1.0,
ftw-finland-005,fields-of-the-world,finland,0.8745,2023-04-05,S2B_34VFN_20230405_0_L2A,22,85.042846,1.0,1.0,
ftw-finland-005,fields-of-the-world,finland,0.8745,2023-05-15,S2B_34VFN_20230515_0_L2A,22,1.599542,0.0,0.0,
ftw-finland-005,fields-of-the-world,finland,0.8745,2023-06-26,S2A_34VFN_20230626_0_L2A,22,36.563966,0.0,0.0,
ftw-finland-005,fields-of-the-world,finland,0.8745,2023-08-08,S2A_34VFN_20230808_0_L2A,22,75.517982,1.0,1.0,
ftw-finland-005,fields-of-the-world,finland,0.8745,2023-09-22,S2B_34VFN_20230922_0_L2A,22,0.013386,0.0,0.0,
ftw-finland-005,fields-of-the-world,finland,0.8745,2023-11-01,S2B_34VFN_20231101_0_L2A,22,99.965239,1.0,1.0,
ftw-finland-005,fields-of-the-world,finland,0.8745,2024-01-17,S2B_34VFN_20240117_0_L2A,22,88.071495,1.0,1.0,
ftw-finland-005,fields-of-the-world,finland,0.8745,2024-02-26,S2B_34VFN_20240226_0_L2A,22,99.998313,1.0,1.0,
ftw-finland-005,fields-of-the-world,finland,0.8745,2024-04-09,S2B_34VFN_20240409_0_L2A,22,79.417378,0.0,0.0,
ftw-finland-005,fields-of-the-world,finland,0.8745,2024-05-19,S2B_34VFN_20240519_0_L2A,22,2.532418,0.3181818181818182,0.3181818181818182,
ftw-finland-005,fields-of-the-world,finland,0.8745,2024-06-30,S2A_34VFN_20240630_0_L2A,22,77.804613,0.0,0.0,
ftw-finland-005,fields-of-the-world,finland,0.8745,2024-08-12,S2A_34VFN_20240812_0_L2A,22,96.098971,1.0,1.0,
ftw-finland-005,fields-of-the-world,finland,0.8745,2024-09-23,S2B_34VFN_20240923_1_L2A,22,69.652951,0.0,0.0,
ftw-finland-005,fields-of-the-world,finland,0.8745,2024-11-02,S2B_34VFN_20241102_0_L2A,22,78.556079,1.0,1.0,
ftw-finland-006,fields-of-the-world,finland,1.0027,2023-01-02,S2B_34VFN_20230102_0_L2A,22,79.927117,1.0,1.0,
ftw-finland-006,fields-of-the-world,finland,1.0027,2023-02-21,S2B_34VFN_20230221_0_L2A,22,99.696058,1.0,1.0,
ftw-finland-006,fields-of-the-world,finland,1.0027,2023-04-05,S2B_34VFN_20230405_0_L2A,22,85.042846,1.0,1.0,
ftw-finland-006,fields-of-the-world,finland,1.0027,2023-05-15,S2B_34VFN_20230515_0_L2A,22,1.599542,0.0,0.0,
ftw-finland-006,fields-of-the-world,finland,1.0027,2023-06-26,S2A_34VFN_20230626_0_L2A,22,36.563966,1.0,1.0,
ftw-finland-006,fields-of-the-world,finland,1.0027,2023-08-08,S2A_34VFN_20230808_0_L2A,22,75.517982,1.0,1.0,
ftw-finland-006,fields-of-the-world,finland,1.0027,2023-09-22,S2B_34VFN_20230922_0_L2A,22,0.013386,0.0,0.0,
ftw-finland-006,fields-of-the-world,finland,1.0027,2023-11-01,S2B_34VFN_20231101_0_L2A,22,99.965239,1.0,1.0,
ftw-finland-006,fields-of-the-world,finland,1.0027,2024-01-17,S2B_34VFN_20240117_0_L2A,22,88.071495,1.0,1.0,
ftw-finland-006,fields-of-the-world,finland,1.0027,2024-02-26,S2B_34VFN_20240226_0_L2A,22,99.998313,1.0,1.0,
ftw-finland-006,fields-of-the-world,finland,1.0027,2024-04-09,S2B_34VFN_20240409_0_L2A,22,79.417378,0.0,0.0,
ftw-finland-006,fields-of-the-world,finland,1.0027,2024-05-19,S2B_34VFN_20240519_0_L2A,22,2.532418,0.0,0.0,
ftw-finland-006,fields-of-the-world,finland,1.0027,2024-06-30,S2A_34VFN_20240630_0_L2A,22,77.804613,1.0,1.0,
ftw-finland-006,fields-of-the-world,finland,1.0027,2024-08-12,S2A_34VFN_20240812_0_L2A,22,96.098971,1.0,1.0,
ftw-finland-006,fields-of-the-world,finland,1.0027,2024-09-23,S2B_34VFN_20240923_1_L2A,22,69.652951,0.0,0.0,
ftw-finland-006,fields-of-the-world,finland,1.0027,2024-11-02,S2B_34VFN_20241102_0_L2A,22,78.556079,1.0,1.0,
ftw-finland-007,fields-of-the-world,finland,1.0944,2023-01-02,S2B_34VFN_20230102_0_L2A,25,79.927117,1.0,1.0,
ftw-finland-007,fields-of-the-world,finland,1.0944,2023-02-21,S2B_34VFN_20230221_0_L2A,25,99.696058,1.0,1.0,
ftw-finland-007,fields-of-the-world,finland,1.0944,2023-04-05,S2B_34VFN_20230405_0_L2A,25,85.042846,1.0,1.0,
ftw-finland-007,fields-of-the-world,finland,1.0944,2023-05-15,S2B_34VFN_20230515_0_L2A,25,1.599542,0.0,0.0,
ftw-finland-007,fields-of-the-world,finland,1.0944,2023-06-26,S2A_34VFN_20230626_0_L2A,25,36.563966,1.0,1.0,
ftw-finland-007,fields-of-the-world,finland,1.0944,2023-08-08,S2A_34VFN_20230808_0_L2A,25,75.517982,1.0,1.0,
ftw-finland-007,fields-of-the-world,finland,1.0944,2023-09-22,S2B_34VFN_20230922_0_L2A,25,0.013386,0.0,0.0,
ftw-finland-007,fields-of-the-world,finland,1.0944,2023-11-01,S2B_34VFN_20231101_0_L2A,25,99.965239,1.0,1.0,
ftw-finland-007,fields-of-the-world,finland,1.0944,2024-01-17,S2B_34VFN_20240117_0_L2A,25,88.071495,1.0,1.0,
ftw-finland-007,fields-of-the-world,finland,1.0944,2024-02-26,S2B_34VFN_20240226_0_L2A,25,99.998313,1.0,1.0,
ftw-finland-007,fields-of-the-world,finland,1.0944,2024-04-09,S2B_34VFN_20240409_0_L2A,25,79.417378,0.0,0.0,
ftw-finland-007,fields-of-the-world,finland,1.0944,2024-05-19,S2B_34VFN_20240519_0_L2A,25,2.532418,0.0,0.0,
ftw-finland-007,fields-of-the-world,finland,1.0944,2024-06-30,S2A_34VFN_20240630_0_L2A,25,77.804613,1.0,1.0,
ftw-finland-007,fields-of-the-world,finland,1.0944,2024-08-12,S2A_34VFN_20240812_0_L2A,25,96.098971,1.0,1.0,
ftw-finland-007,fields-of-the-world,finland,1.0944,2024-09-23,S2B_34VFN_20240923_1_L2A,25,69.652951,0.0,0.0,
ftw-finland-007,fields-of-the-world,finland,1.0944,2024-11-02,S2B_34VFN_20241102_0_L2A,25,78.556079,1.0,1.0,
ftw-finland-008,fields-of-the-world,finland,1.5572,2023-01-02,S2B_34VFN_20230102_0_L2A,42,79.927117,1.0,1.0,
ftw-finland-008,fields-of-the-world,finland,1.5572,2023-02-21,S2B_34VFN_20230221_0_L2A,42,99.696058,1.0,1.0,
ftw-finland-008,fields-of-the-world,finland,1.5572,2023-04-05,S2B_34VFN_20230405_0_L2A,42,85.042846,1.0,1.0,
ftw-finland-008,fields-of-the-world,finland,1.5572,2023-05-15,S2B_34VFN_20230515_0_L2A,42,1.599542,0.0,0.0,
ftw-finland-008,fields-of-the-world,finland,1.5572,2023-06-26,S2A_34VFN_20230626_0_L2A,42,36.563966,0.0,0.0,
ftw-finland-008,fields-of-the-world,finland,1.5572,2023-08-08,S2A_34VFN_20230808_0_L2A,42,75.517982,1.0,1.0,
ftw-finland-008,fields-of-the-world,finland,1.5572,2023-09-22,S2B_34VFN_20230922_0_L2A,42,0.013386,0.0,0.0,
ftw-finland-008,fields-of-the-world,finland,1.5572,2023-11-01,S2B_34VFN_20231101_0_L2A,42,99.965239,1.0,1.0,
ftw-finland-008,fields-of-the-world,finland,1.5572,2024-01-17,S2B_34VFN_20240117_0_L2A,42,88.071495,1.0,1.0,
ftw-finland-008,fields-of-the-world,finland,1.5572,2024-02-26,S2B_34VFN_20240226_0_L2A,42,99.998313,1.0,1.0,
ftw-finland-008,fields-of-the-world,finland,1.5572,2024-04-09,S2B_34VFN_20240409_0_L2A,42,79.417378,0.0,0.0,
ftw-finland-008,fields-of-the-world,finland,1.5572,2024-05-19,S2B_34VFN_20240519_0_L2A,42,2.532418,0.09523809523809523,0.16666666666666666,
ftw-finland-008,fields-of-the-world,finland,1.5572,2024-06-30,S2A_34VFN_20240630_0_L2A,42,77.804613,0.047619047619047616,0.047619047619047616,
ftw-finland-008,fields-of-the-world,finland,1.5572,2024-08-12,S2A_34VFN_20240812_0_L2A,42,96.098971,1.0,1.0,
ftw-finland-008,fields-of-the-world,finland,1.5572,2024-09-23,S2B_34VFN_20240923_1_L2A,42,69.652951,0.0,0.0,
ftw-finland-008,fields-of-the-world,finland,1.5572,2024-11-02,S2B_34VFN_20241102_0_L2A,42,78.556079,1.0,1.0,
ftw-finland-009,fields-of-the-world,finland,2.0079,2023-01-02,S2B_34VEN_20230102_0_L2A,53,84.229916,1.0,1.0,
ftw-finland-009,fields-of-the-world,finland,2.0079,2023-02-21,S2B_34VEN_20230221_0_L2A,53,89.319062,1.0,1.0,
ftw-finland-009,fields-of-the-world,finland,2.0079,2023-04-03,S2A_34VEN_20230403_0_L2A,53,19.61631,0.5849056603773585,0.5849056603773585,
ftw-finland-009,fields-of-the-world,finland,2.0079,2023-05-13,S2A_34VEN_20230513_0_L2A,53,0.004563,0.0,0.0,
ftw-finland-009,fields-of-the-world,finland,2.0079,2023-06-24,S2B_34VEN_20230624_0_L2A,53,48.939711,1.0,1.0,
ftw-finland-009,fields-of-the-world,finland,2.0079,2023-08-05,S2A_34VEN_20230805_0_L2A,53,40.495807,1.0,1.0,
ftw-finland-009,fields-of-the-world,finland,2.0079,2023-09-17,S2A_34VEN_20230917_0_L2A,53,46.584854,0.9622641509433962,0.9622641509433962,
ftw-finland-009,fields-of-the-world,finland,2.0079,2023-10-27,S2A_34VEN_20231027_0_L2A,53,99.47359,1.0,1.0,
ftw-finland-009,fields-of-the-world,finland,2.0079,2024-01-10,S2B_34VEN_20240110_0_L2A,53,99.548322,1.0,1.0,
ftw-finland-009,fields-of-the-world,finland,2.0079,2024-02-24,S2A_34VEN_20240224_0_L2A,53,100,1.0,1.0,
ftw-finland-009,fields-of-the-world,finland,2.0079,2024-04-06,S2B_34VEN_20240406_0_L2A,53,85.1475,1.0,1.0,
ftw-finland-009,fields-of-the-world,finland,2.0079,2024-05-17,S2A_34VEN_20240517_0_L2A,53,0.004826,0.0,0.0,
ftw-finland-009,fields-of-the-world,finland,2.0079,2024-06-28,S2B_34VEN_20240628_0_L2A,53,19.422911,0.9811320754716981,0.9811320754716981,
ftw-finland-009,fields-of-the-world,finland,2.0079,2024-08-09,S2A_34VEN_20240809_1_L2A,53,78.338259,1.0,1.0,
ftw-finland-009,fields-of-the-world,finland,2.0079,2024-09-19,S2B_34VEN_20240919_0_L2A,53,2.459105,0.0,0.0,
ftw-finland-009,fields-of-the-world,finland,2.0079,2024-10-31,S2A_34VEN_20241031_0_L2A,53,99.979955,1.0,1.0,
ftw-finland-010,fields-of-the-world,finland,2.697,2023-01-02,S2B_34VEN_20230102_0_L2A,68,84.229916,1.0,1.0,
ftw-finland-010,fields-of-the-world,finland,2.697,2023-02-19,S2A_34VEN_20230219_0_L2A,68,99.916047,1.0,1.0,
ftw-finland-010,fields-of-the-world,finland,2.697,2023-04-02,S2B_34VEN_20230402_0_L2A,68,17.733575,0.0,0.0,
ftw-finland-010,fields-of-the-world,finland,2.697,2023-05-15,S2B_34VEN_20230515_0_L2A,68,28.710094,0.0,0.0,
ftw-finland-010,fields-of-the-world,finland,2.697,2023-06-24,S2B_34VEN_20230624_0_L2A,68,48.939711,1.0,1.0,
ftw-finland-010,fields-of-the-world,finland,2.697,2023-08-08,S2A_34VEN_20230808_0_L2A,68,71.435714,0.08823529411764706,0.08823529411764706,
ftw-finland-010,fields-of-the-world,finland,2.697,2023-09-22,S2B_34VEN_20230922_0_L2A,68,0.15844,0.0,0.0,
ftw-finland-010,fields-of-the-world,finland,2.697,2023-11-01,S2B_34VEN_20231101_0_L2A,68,98.180181,1.0,1.0,
ftw-finland-010,fields-of-the-world,finland,2.697,2024-01-10,S2B_34VEN_20240110_0_L2A,68,99.548322,0.9558823529411765,1.0,
ftw-finland-010,fields-of-the-world,finland,2.697,2024-02-26,S2B_34VEN_20240226_0_L2A,68,99.999887,1.0,1.0,
ftw-finland-010,fields-of-the-world,finland,2.697,2024-04-06,S2B_34VEN_20240406_0_L2A,68,85.1475,1.0,1.0,
ftw-finland-010,fields-of-the-world,finland,2.697,2024-05-19,S2B_34VEN_20240519_0_L2A,68,1.645884,0.07352941176470588,0.14705882352941177,
ftw-finland-010,fields-of-the-world,finland,2.697,2024-06-30,S2A_34VEN_20240630_0_L2A,68,81.96997,1.0,1.0,
ftw-finland-010,fields-of-the-world,finland,2.697,2024-08-12,S2A_34VEN_20240812_0_L2A,68,97.805858,1.0,1.0,
ftw-finland-010,fields-of-the-world,finland,2.697,2024-09-23,S2B_34VEN_20240923_0_L2A,68,62.36189,1.0,1.0,
ftw-finland-010,fields-of-the-world,finland,2.697,2024-11-05,S2B_34VEN_20241105_0_L2A,68,77.030855,1.0,1.0,
ftw-finland-011,fields-of-the-world,finland,2.8712,2023-01-02,S2B_34VFP_20230102_0_L2A,71,95.532137,1.0,1.0,
ftw-finland-011,fields-of-the-world,finland,2.8712,2023-02-21,S2B_34VEP_20230221_0_L2A,71,95.014143,1.0,1.0,
ftw-finland-011,fields-of-the-world,finland,2.8712,2023-04-02,S2B_34VEN_20230402_0_L2A,71,17.733575,0.0,0.0,
ftw-finland-011,fields-of-the-world,finland,2.8712,2023-05-13,S2A_34VEP_20230513_0_L2A,71,31.591162,0.0,0.0,
ftw-finland-011,fields-of-the-world,finland,2.8712,2023-06-22,S2A_34VEN_20230622_0_L2A,71,99.556845,1.0,1.0,
ftw-finland-011,fields-of-the-world,finland,2.8712,2023-08-05,S2A_34VFP_20230805_0_L2A,71,62.395918,1.0,1.0,
ftw-finland-011,fields-of-the-world,finland,2.8712,2023-09-15,S2B_34VFN_20230915_1_L2A,71,98.709476,1.0,1.0,
ftw-finland-011,fields-of-the-world,finland,2.8712,2023-10-27,S2A_34VFP_20231027_0_L2A,71,91.789907,1.0,1.0,
ftw-finland-011,fields-of-the-world,finland,2.8712,2024-01-10,S2B_34VFN_20240110_0_L2A,71,99.91895,1.0,1.0,
ftw-finland-011,fields-of-the-world,finland,2.8712,2024-02-24,S2A_34VEN_20240224_0_L2A,71,100,1.0,1.0,
ftw-finland-011,fields-of-the-world,finland,2.8712,2024-04-06,S2B_34VEP_20240406_0_L2A,71,99.866682,1.0,1.0,
ftw-finland-011,fields-of-the-world,finland,2.8712,2024-05-17,S2A_34VEN_20240517_0_L2A,71,0.004826,0.0,0.0,
ftw-finland-011,fields-of-the-world,finland,2.8712,2024-06-28,S2B_34VEP_20240628_0_L2A,71,27.559215,0.0,0.0,
ftw-finland-011,fields-of-the-world,finland,2.8712,2024-08-09,S2A_34VFN_20240809_0_L2A,71,90.864635,1.0,1.0,
ftw-finland-011,fields-of-the-world,finland,2.8712,2024-09-19,S2B_34VFP_20240919_0_L2A,71,6.33254,0.0,0.0,
ftw-finland-011,fields-of-the-world,finland,2.8712,2024-10-31,S2A_34VFN_20241031_0_L2A,71,99.999988,1.0,1.0,
ftw-finland-012,fields-of-the-world,finland,3.1012,2023-01-02,S2B_35VLJ_20230102_0_L2A,0,90.186584,nan,nan,"forma raster (10, 14) != mascara (10, 19)"
ftw-finland-012,fields-of-the-world,finland,3.1012,2023-02-21,S2B_34VFP_20230221_0_L2A,72,98.818564,1.0,1.0,
ftw-finland-012,fields-of-the-world,finland,3.1012,2023-04-05,S2B_35VLJ_20230405_0_L2A,0,53.739935,nan,nan,"forma raster (10, 14) != mascara (10, 19)"
ftw-finland-012,fields-of-the-world,finland,3.1012,2023-05-15,S2B_34VFP_20230515_0_L2A,72,17.881845,0.0,0.0,
ftw-finland-012,fields-of-the-world,finland,3.1012,2023-06-26,S2A_35VLJ_20230626_0_L2A,0,16.193931,nan,nan,"forma raster (10, 14) != mascara (10, 19)"
ftw-finland-012,fields-of-the-world,finland,3.1012,2023-08-08,S2A_34VFP_20230808_0_L2A,72,49.096116,0.0,0.0,
ftw-finland-012,fields-of-the-world,finland,3.1012,2023-09-22,S2B_35VLJ_20230922_0_L2A,0,0.02705,nan,nan,"forma raster (10, 14) != mascara (10, 19)"
ftw-finland-012,fields-of-the-world,finland,3.1012,2023-11-01,S2B_34VFP_20231101_0_L2A,72,100,1.0,1.0,
ftw-finland-012,fields-of-the-world,finland,3.1012,2024-01-17,S2B_35VLJ_20240117_0_L2A,0,33.766681,nan,nan,"forma raster (10, 14) != mascara (10, 19)"
ftw-finland-012,fields-of-the-world,finland,3.1012,2024-02-26,S2B_34VFP_20240226_0_L2A,72,99.998653,1.0,1.0,
ftw-finland-012,fields-of-the-world,finland,3.1012,2024-04-09,S2B_35VLJ_20240409_0_L2A,0,34.372884,nan,nan,"forma raster (10, 14) != mascara (10, 19)"
ftw-finland-012,fields-of-the-world,finland,3.1012,2024-05-19,S2B_34VFP_20240519_1_L2A,72,3.873335,0.2777777777777778,0.3888888888888889,
ftw-finland-012,fields-of-the-world,finland,3.1012,2024-06-30,S2A_35VLJ_20240630_0_L2A,0,49.64231,nan,nan,"forma raster (10, 14) != mascara (10, 19)"
ftw-finland-012,fields-of-the-world,finland,3.1012,2024-08-12,S2A_34VFP_20240812_0_L2A,72,76.642257,1.0,1.0,
ftw-finland-012,fields-of-the-world,finland,3.1012,2024-09-23,S2B_35VLJ_20240923_0_L2A,0,96.360636,nan,nan,"forma raster (10, 14) != mascara (10, 19)"
ftw-finland-012,fields-of-the-world,finland,3.1012,2024-11-02,S2B_34VFP_20241102_0_L2A,72,62.054563,1.0,1.0,
ftw-finland-013,fields-of-the-world,finland,3.3849,2023-01-02,S2B_34VEN_20230102_0_L2A,85,84.229916,1.0,1.0,
ftw-finland-013,fields-of-the-world,finland,3.3849,2023-02-19,S2A_34VEN_20230219_0_L2A,85,99.916047,1.0,1.0,
ftw-finland-013,fields-of-the-world,finland,3.3849,2023-04-02,S2B_34VEN_20230402_0_L2A,85,17.733575,0.0,0.0,
ftw-finland-013,fields-of-the-world,finland,3.3849,2023-05-15,S2B_34VEN_20230515_0_L2A,85,28.710094,0.0,0.0,
ftw-finland-013,fields-of-the-world,finland,3.3849,2023-06-26,S2A_34VEN_20230626_0_L2A,85,31.054986,0.0,0.0,
ftw-finland-013,fields-of-the-world,finland,3.3849,2023-08-08,S2A_34VEN_20230808_0_L2A,85,71.435714,0.0,0.0,
ftw-finland-013,fields-of-the-world,finland,3.3849,2023-09-22,S2B_34VEN_20230922_0_L2A,85,0.15844,0.0,0.0,
ftw-finland-013,fields-of-the-world,finland,3.3849,2023-11-03,S2A_34VEN_20231103_0_L2A,85,99.999732,1.0,1.0,
ftw-finland-013,fields-of-the-world,finland,3.3849,2024-01-17,S2B_34VEN_20240117_0_L2A,85,99.962765,1.0,1.0,
ftw-finland-013,fields-of-the-world,finland,3.3849,2024-02-24,S2A_34VEN_20240224_0_L2A,85,100,1.0,1.0,
ftw-finland-013,fields-of-the-world,finland,3.3849,2024-04-06,S2B_34VEN_20240406_0_L2A,85,85.1475,1.0,1.0,
ftw-finland-013,fields-of-the-world,finland,3.3849,2024-05-19,S2B_34VEN_20240519_0_L2A,85,1.645884,0.4235294117647059,0.43529411764705883,
ftw-finland-013,fields-of-the-world,finland,3.3849,2024-06-30,S2A_34VEN_20240630_0_L2A,85,81.96997,1.0,1.0,
ftw-finland-013,fields-of-the-world,finland,3.3849,2024-08-12,S2A_34VEN_20240812_0_L2A,85,97.805858,1.0,1.0,
ftw-finland-013,fields-of-the-world,finland,3.3849,2024-09-23,S2B_34VEN_20240923_0_L2A,85,62.36189,1.0,1.0,
ftw-finland-013,fields-of-the-world,finland,3.3849,2024-11-05,S2B_34VEN_20241105_0_L2A,85,77.030855,1.0,1.0,
ftw-finland-014,fields-of-the-world,finland,3.7311,2023-01-02,S2B_34VEN_20230102_0_L2A,94,84.229916,1.0,1.0,
ftw-finland-014,fields-of-the-world,finland,3.7311,2023-02-19,S2A_34VEN_20230219_0_L2A,94,99.916047,1.0,1.0,
ftw-finland-014,fields-of-the-world,finland,3.7311,2023-04-02,S2B_34VEN_20230402_0_L2A,94,17.733575,0.0,0.0,
ftw-finland-014,fields-of-the-world,finland,3.7311,2023-05-15,S2B_34VEN_20230515_0_L2A,94,28.710094,0.0,0.0,
ftw-finland-014,fields-of-the-world,finland,3.7311,2023-06-26,S2A_34VEN_20230626_0_L2A,94,31.054986,0.0,0.0,
ftw-finland-014,fields-of-the-world,finland,3.7311,2023-08-08,S2A_34VEN_20230808_0_L2A,94,71.435714,1.0,1.0,
ftw-finland-014,fields-of-the-world,finland,3.7311,2023-09-22,S2B_34VEN_20230922_0_L2A,94,0.15844,0.0,0.0,
ftw-finland-014,fields-of-the-world,finland,3.7311,2023-11-03,S2A_34VEN_20231103_0_L2A,94,99.999732,1.0,1.0,
ftw-finland-014,fields-of-the-world,finland,3.7311,2024-01-17,S2B_34VEN_20240117_0_L2A,94,99.962765,1.0,1.0,
ftw-finland-014,fields-of-the-world,finland,3.7311,2024-02-24,S2A_34VEN_20240224_0_L2A,94,100,1.0,1.0,
ftw-finland-014,fields-of-the-world,finland,3.7311,2024-04-06,S2B_34VEN_20240406_0_L2A,94,85.1475,1.0,1.0,
ftw-finland-014,fields-of-the-world,finland,3.7311,2024-05-19,S2B_34VEN_20240519_0_L2A,94,1.645884,0.6276595744680851,0.6276595744680851,
ftw-finland-014,fields-of-the-world,finland,3.7311,2024-06-30,S2A_34VEN_20240630_0_L2A,94,81.96997,1.0,1.0,
ftw-finland-014,fields-of-the-world,finland,3.7311,2024-08-12,S2A_34VEN_20240812_0_L2A,94,97.805858,1.0,1.0,
ftw-finland-014,fields-of-the-world,finland,3.7311,2024-09-23,S2B_34VEN_20240923_0_L2A,94,62.36189,1.0,1.0,
ftw-finland-014,fields-of-the-world,finland,3.7311,2024-11-05,S2B_34VEN_20241105_0_L2A,94,77.030855,1.0,1.0,
ftw-finland-015,fields-of-the-world,finland,3.7894,2023-01-02,S2B_34VEN_20230102_0_L2A,95,84.229916,1.0,1.0,
ftw-finland-015,fields-of-the-world,finland,3.7894,2023-02-21,S2B_34VEN_20230221_0_L2A,95,89.319062,0.9894736842105263,0.9894736842105263,
ftw-finland-015,fields-of-the-world,finland,3.7894,2023-04-03,S2A_34VEN_20230403_0_L2A,95,19.61631,1.0,1.0,
ftw-finland-015,fields-of-the-world,finland,3.7894,2023-05-13,S2A_34VEN_20230513_0_L2A,95,0.004563,0.0,0.0,
ftw-finland-015,fields-of-the-world,finland,3.7894,2023-06-24,S2B_34VEN_20230624_0_L2A,95,48.939711,1.0,1.0,
ftw-finland-015,fields-of-the-world,finland,3.7894,2023-08-05,S2A_34VEN_20230805_0_L2A,95,40.495807,1.0,1.0,
ftw-finland-015,fields-of-the-world,finland,3.7894,2023-09-17,S2A_34VEN_20230917_0_L2A,95,46.584854,1.0,1.0,
ftw-finland-015,fields-of-the-world,finland,3.7894,2023-10-27,S2A_34VEN_20231027_0_L2A,95,99.47359,1.0,1.0,
ftw-finland-015,fields-of-the-world,finland,3.7894,2024-01-10,S2B_34VEN_20240110_0_L2A,95,99.548322,1.0,1.0,
ftw-finland-015,fields-of-the-world,finland,3.7894,2024-02-26,S2B_34VEN_20240226_0_L2A,95,99.999887,1.0,1.0,
ftw-finland-015,fields-of-the-world,finland,3.7894,2024-04-06,S2B_34VEN_20240406_0_L2A,95,85.1475,1.0,1.0,
ftw-finland-015,fields-of-the-world,finland,3.7894,2024-05-19,S2B_34VEN_20240519_0_L2A,95,1.645884,0.0,0.0,
ftw-finland-015,fields-of-the-world,finland,3.7894,2024-06-28,S2B_34VEN_20240628_0_L2A,95,19.422911,0.9789473684210527,0.9789473684210527,
ftw-finland-015,fields-of-the-world,finland,3.7894,2024-08-10,S2B_34VEN_20240810_0_L2A,95,94.62055,1.0,1.0,
ftw-finland-015,fields-of-the-world,finland,3.7894,2024-09-19,S2B_34VEN_20240919_0_L2A,95,2.459105,0.0,0.0,
ftw-finland-015,fields-of-the-world,finland,3.7894,2024-10-31,S2C_34VEN_20241031_1_L2A,95,99.963415,1.0,1.0,
ftw-finland-016,fields-of-the-world,finland,4.3772,2023-01-02,S2B_34VFP_20230102_0_L2A,109,95.532137,1.0,1.0,
ftw-finland-016,fields-of-the-world,finland,4.3772,2023-02-21,S2B_34VEP_20230221_0_L2A,109,95.014143,1.0,1.0,
ftw-finland-016,fields-of-the-world,finland,4.3772,2023-04-02,S2B_34VEN_20230402_0_L2A,109,17.733575,0.0,0.0,
ftw-finland-016,fields-of-the-world,finland,4.3772,2023-05-13,S2A_34VEP_20230513_0_L2A,109,31.591162,0.0,0.0,
ftw-finland-016,fields-of-the-world,finland,4.3772,2023-06-22,S2A_34VEN_20230622_0_L2A,109,99.556845,1.0,1.0,
ftw-finland-016,fields-of-the-world,finland,4.3772,2023-08-05,S2A_34VEP_20230805_0_L2A,109,46.541128,0.0,0.0,
ftw-finland-016,fields-of-the-world,finland,4.3772,2023-09-15,S2B_34VEN_20230915_1_L2A,109,98.585397,1.0,1.0,
ftw-finland-016,fields-of-the-world,finland,4.3772,2023-10-27,S2A_34VEP_20231027_0_L2A,109,74.61282,1.0,1.0,
ftw-finland-016,fields-of-the-world,finland,4.3772,2024-01-10,S2B_34VFP_20240110_0_L2A,109,99.949795,1.0,1.0,
ftw-finland-016,fields-of-the-world,finland,4.3772,2024-02-24,S2A_34VFN_20240224_0_L2A,109,99.714857,1.0,1.0,
ftw-finland-016,fields-of-the-world,finland,4.3772,2024-04-06,S2B_34VFP_20240406_0_L2A,109,99.888307,1.0,1.0,
ftw-finland-016,fields-of-the-world,finland,4.3772,2024-05-17,S2A_34VFN_20240517_0_L2A,109,0.166007,0.0,0.0,
ftw-finland-016,fields-of-the-world,finland,4.3772,2024-06-28,S2B_34VFP_20240628_0_L2A,109,11.824822,0.0,0.0,
ftw-finland-016,fields-of-the-world,finland,4.3772,2024-08-09,S2A_34VFN_20240809_0_L2A,109,90.864635,1.0,1.0,
ftw-finland-016,fields-of-the-world,finland,4.3772,2024-09-19,S2B_34VFP_20240919_0_L2A,109,6.33254,0.0,0.0,
ftw-finland-016,fields-of-the-world,finland,4.3772,2024-10-31,S2A_34VFN_20241031_0_L2A,109,99.999988,1.0,1.0,
ftw-finland-017,fields-of-the-world,finland,9.3785,2023-01-02,S2B_34VEN_20230102_0_L2A,236,84.229916,1.0,1.0,
ftw-finland-017,fields-of-the-world,finland,9.3785,2023-02-14,S2B_34VEN_20230214_0_L2A,236,52.429205,1.0,1.0,
ftw-finland-017,fields-of-the-world,finland,9.3785,2023-03-26,S2B_34VEN_20230326_0_L2A,236,78.323525,1.0,1.0,
ftw-finland-017,fields-of-the-world,finland,9.3785,2023-05-07,S2A_34VEN_20230507_0_L2A,236,5.393966,0.1864406779661017,0.1864406779661017,
ftw-finland-017,fields-of-the-world,finland,9.3785,2023-06-19,S2A_34VEN_20230619_0_L2A,236,12.49406,0.0,0.0,
ftw-finland-017,fields-of-the-world,finland,9.3785,2023-08-03,S2B_34VEN_20230803_0_L2A,236,98.630345,1.0,1.0,
ftw-finland-017,fields-of-the-world,finland,9.3785,2023-09-17,S2A_34VEN_20230917_0_L2A,236,46.584854,0.9152542372881356,0.9152542372881356,
ftw-finland-017,fields-of-the-world,finland,9.3785,2023-10-29,S2B_34VEN_20231029_0_L2A,236,0.300336,0.00423728813559322,0.00423728813559322,
ftw-finland-017,fields-of-the-world,finland,9.3785,2024-01-07,S2B_34VEN_20240107_0_L2A,236,1.566586,0.025423728813559324,0.18220338983050846,
ftw-finland-017,fields-of-the-world,finland,9.3785,2024-02-19,S2B_34VEN_20240219_0_L2A,236,99.301422,1.0,1.0,
ftw-finland-017,fields-of-the-world,finland,9.3785,2024-04-01,S2A_34VEN_20240401_0_L2A,236,35.841089,1.0,1.0,
ftw-finland-017,fields-of-the-world,finland,9.3785,2024-05-14,S2A_34VEN_20240514_0_L2A,236,58.054894,1.0,1.0,
ftw-finland-017,fields-of-the-world,finland,9.3785,2024-06-25,S2B_34VEN_20240625_0_L2A,236,0.002492,0.0,0.0,
ftw-finland-017,fields-of-the-world,finland,9.3785,2024-08-09,S2A_34VEN_20240809_1_L2A,236,78.338259,1.0,1.0,
ftw-finland-017,fields-of-the-world,finland,9.3785,2024-09-21,S2A_34VEN_20240921_0_L2A,236,20.538239,0.0,0.0,
ftw-finland-017,fields-of-the-world,finland,9.3785,2024-11-02,S2B_34VEN_20241102_0_L2A,236,15.190604,0.0,0.0,
ftw-france-000,fields-of-the-world,france,0.2932,2023-01-03,S2B_30TYT_20230103_0_L2A,6,39.244294,0.0,0.0,
ftw-france-000,fields-of-the-world,france,0.2932,2023-02-17,S2A_30TYT_20230217_0_L2A,6,98.636091,1.0,1.0,
ftw-france-000,fields-of-the-world,france,0.2932,2023-04-03,S2B_30TYT_20230403_0_L2A,6,99.959761,1.0,1.0,
ftw-france-000,fields-of-the-world,france,0.2932,2023-05-23,S2B_30TYT_20230523_0_L2A,6,100,1.0,1.0,
ftw-france-000,fields-of-the-world,france,0.2932,2023-07-07,S2A_30TYT_20230707_0_L2A,6,0.264936,0.0,0.0,
ftw-france-000,fields-of-the-world,france,0.2932,2023-08-26,S2A_30TYT_20230826_1_L2A,6,53.113556,0.8333333333333334,0.8333333333333334,
ftw-france-000,fields-of-the-world,france,0.2932,2023-10-10,S2B_30TYT_20231010_0_L2A,6,0.00078,0.0,0.0,
ftw-france-000,fields-of-the-world,france,0.2932,2023-11-29,S2B_30TYT_20231129_0_L2A,6,82.786971,1.0,1.0,
ftw-france-000,fields-of-the-world,france,0.2932,2024-01-13,S2A_30TYT_20240113_0_L2A,6,99.938989,1.0,1.0,
ftw-france-000,fields-of-the-world,france,0.2932,2024-02-27,S2B_30TYT_20240227_0_L2A,6,49.632412,0.0,0.0,
ftw-france-000,fields-of-the-world,france,0.2932,2024-04-17,S2B_30TYT_20240417_0_L2A,6,69.976956,1.0,1.0,
ftw-france-000,fields-of-the-world,france,0.2932,2024-06-01,S2A_30TYT_20240601_0_L2A,6,97.866154,1.0,1.0,
ftw-france-000,fields-of-the-world,france,0.2932,2024-07-21,S2A_30TYT_20240721_0_L2A,6,72.987294,1.0,1.0,
ftw-france-000,fields-of-the-world,france,0.2932,2024-09-04,S2B_30TYT_20240904_0_L2A,6,81.362611,1.0,1.0,
ftw-france-000,fields-of-the-world,france,0.2932,2024-10-24,S2B_30TYT_20241024_0_L2A,6,0.011529,0.0,0.0,
ftw-france-000,fields-of-the-world,france,0.2932,2024-11-28,S2A_30TYT_20241128_0_L2A,6,99.966621,1.0,1.0,
ftw-france-001,fields-of-the-world,france,0.3724,2023-01-03,S2B_30TYT_20230103_0_L2A,9,39.244294,0.0,0.0,
ftw-france-001,fields-of-the-world,france,0.3724,2023-02-17,S2A_30TYT_20230217_0_L2A,9,98.636091,1.0,1.0,
ftw-france-001,fields-of-the-world,france,0.3724,2023-04-03,S2B_30TYT_20230403_0_L2A,9,99.959761,1.0,1.0,
ftw-france-001,fields-of-the-world,france,0.3724,2023-05-23,S2B_30TYT_20230523_0_L2A,9,100,1.0,1.0,
ftw-france-001,fields-of-the-world,france,0.3724,2023-07-07,S2A_30TYT_20230707_0_L2A,9,0.264936,0.0,0.0,
ftw-france-001,fields-of-the-world,france,0.3724,2023-08-26,S2A_30TYT_20230826_1_L2A,9,53.113556,1.0,1.0,
ftw-france-001,fields-of-the-world,france,0.3724,2023-10-10,S2B_30TYT_20231010_0_L2A,9,0.00078,0.0,0.0,
ftw-france-001,fields-of-the-world,france,0.3724,2023-11-29,S2B_30TYT_20231129_0_L2A,9,82.786971,1.0,1.0,
ftw-france-001,fields-of-the-world,france,0.3724,2024-01-13,S2A_30TYT_20240113_0_L2A,9,99.938989,1.0,1.0,
ftw-france-001,fields-of-the-world,france,0.3724,2024-02-27,S2B_30TYT_20240227_0_L2A,9,49.632412,1.0,1.0,
ftw-france-001,fields-of-the-world,france,0.3724,2024-04-17,S2B_30TYT_20240417_0_L2A,9,69.976956,1.0,1.0,
ftw-france-001,fields-of-the-world,france,0.3724,2024-06-01,S2A_30TYT_20240601_0_L2A,9,97.866154,1.0,1.0,
ftw-france-001,fields-of-the-world,france,0.3724,2024-07-21,S2A_30TYT_20240721_0_L2A,9,72.987294,1.0,1.0,
ftw-france-001,fields-of-the-world,france,0.3724,2024-09-04,S2B_30TYT_20240904_0_L2A,9,81.362611,1.0,1.0,
ftw-france-001,fields-of-the-world,france,0.3724,2024-10-24,S2B_30TYT_20241024_0_L2A,9,0.011529,0.0,0.0,
ftw-france-001,fields-of-the-world,france,0.3724,2024-11-28,S2A_30TYT_20241128_0_L2A,9,99.966621,1.0,1.0,
ftw-france-002,fields-of-the-world,france,0.4215,2023-01-03,S2B_30TYT_20230103_0_L2A,11,39.244294,0.0,0.0,
ftw-france-002,fields-of-the-world,france,0.4215,2023-02-17,S2A_30TYT_20230217_0_L2A,11,98.636091,1.0,1.0,
ftw-france-002,fields-of-the-world,france,0.4215,2023-04-03,S2B_30TYT_20230403_0_L2A,11,99.959761,1.0,1.0,
ftw-france-002,fields-of-the-world,france,0.4215,2023-05-23,S2B_30TYT_20230523_0_L2A,11,100,1.0,1.0,
ftw-france-002,fields-of-the-world,france,0.4215,2023-07-07,S2A_30TYT_20230707_0_L2A,11,0.264936,0.0,0.0,
ftw-france-002,fields-of-the-world,france,0.4215,2023-08-26,S2A_30TYT_20230826_1_L2A,11,53.113556,1.0,1.0,
ftw-france-002,fields-of-the-world,france,0.4215,2023-10-10,S2B_30TYT_20231010_0_L2A,11,0.00078,0.0,0.0,
ftw-france-002,fields-of-the-world,france,0.4215,2023-11-29,S2B_30TYT_20231129_0_L2A,11,82.786971,1.0,1.0,
ftw-france-002,fields-of-the-world,france,0.4215,2024-01-13,S2A_30TYT_20240113_0_L2A,11,99.938989,1.0,1.0,
ftw-france-002,fields-of-the-world,france,0.4215,2024-02-27,S2B_30TYT_20240227_0_L2A,11,49.632412,1.0,1.0,
ftw-france-002,fields-of-the-world,france,0.4215,2024-04-17,S2B_30TYT_20240417_0_L2A,11,69.976956,1.0,1.0,
ftw-france-002,fields-of-the-world,france,0.4215,2024-06-01,S2A_30TYT_20240601_0_L2A,11,97.866154,1.0,1.0,
ftw-france-002,fields-of-the-world,france,0.4215,2024-07-21,S2A_30TYT_20240721_0_L2A,11,72.987294,1.0,1.0,
ftw-france-002,fields-of-the-world,france,0.4215,2024-09-04,S2B_30TYT_20240904_0_L2A,11,81.362611,0.0,0.0,
ftw-france-002,fields-of-the-world,france,0.4215,2024-10-24,S2B_30TYT_20241024_0_L2A,11,0.011529,0.0,0.0,
ftw-france-002,fields-of-the-world,france,0.4215,2024-11-28,S2A_30TYT_20241128_0_L2A,11,99.966621,1.0,1.0,
ftw-france-003,fields-of-the-world,france,0.5005,2023-01-03,S2B_30TYT_20230103_0_L2A,12,39.244294,0.0,0.0,
ftw-france-003,fields-of-the-world,france,0.5005,2023-02-17,S2A_30TYT_20230217_0_L2A,12,98.636091,1.0,1.0,
ftw-france-003,fields-of-the-world,france,0.5005,2023-04-03,S2B_30TYT_20230403_0_L2A,12,99.959761,1.0,1.0,
ftw-france-003,fields-of-the-world,france,0.5005,2023-05-23,S2B_30TYT_20230523_0_L2A,12,100,1.0,1.0,
ftw-france-003,fields-of-the-world,france,0.5005,2023-07-07,S2A_30TYT_20230707_0_L2A,12,0.264936,0.0,0.0,
ftw-france-003,fields-of-the-world,france,0.5005,2023-08-26,S2A_30TYT_20230826_1_L2A,12,53.113556,1.0,1.0,
ftw-france-003,fields-of-the-world,france,0.5005,2023-10-10,S2B_30TYT_20231010_0_L2A,12,0.00078,0.0,0.0,
ftw-france-003,fields-of-the-world,france,0.5005,2023-11-29,S2B_30TYT_20231129_0_L2A,12,82.786971,1.0,1.0,
ftw-france-003,fields-of-the-world,france,0.5005,2024-01-13,S2A_30TYT_20240113_0_L2A,12,99.938989,1.0,1.0,
ftw-france-003,fields-of-the-world,france,0.5005,2024-02-27,S2B_30TYT_20240227_0_L2A,12,49.632412,1.0,1.0,
ftw-france-003,fields-of-the-world,france,0.5005,2024-04-17,S2B_30TYT_20240417_0_L2A,12,69.976956,1.0,1.0,
ftw-france-003,fields-of-the-world,france,0.5005,2024-06-01,S2A_30TYT_20240601_0_L2A,12,97.866154,1.0,1.0,
ftw-france-003,fields-of-the-world,france,0.5005,2024-07-21,S2A_30TYT_20240721_0_L2A,12,72.987294,1.0,1.0,
ftw-france-003,fields-of-the-world,france,0.5005,2024-09-04,S2B_30TYT_20240904_0_L2A,12,81.362611,0.0,0.0,
ftw-france-003,fields-of-the-world,france,0.5005,2024-10-24,S2B_30TYT_20241024_0_L2A,12,0.011529,0.0,0.0,
ftw-france-003,fields-of-the-world,france,0.5005,2024-11-28,S2A_30TYT_20241128_0_L2A,12,99.966621,1.0,1.0,
ftw-france-004,fields-of-the-world,france,0.6677,2023-01-03,S2B_30TYT_20230103_0_L2A,13,39.244294,0.0,0.0,
ftw-france-004,fields-of-the-world,france,0.6677,2023-02-17,S2A_30TYT_20230217_0_L2A,13,98.636091,1.0,1.0,
ftw-france-004,fields-of-the-world,france,0.6677,2023-04-03,S2B_30TYT_20230403_0_L2A,13,99.959761,1.0,1.0,
ftw-france-004,fields-of-the-world,france,0.6677,2023-05-23,S2B_30TYT_20230523_0_L2A,13,100,1.0,1.0,
ftw-france-004,fields-of-the-world,france,0.6677,2023-07-07,S2A_30TYT_20230707_0_L2A,13,0.264936,0.0,0.0,
ftw-france-004,fields-of-the-world,france,0.6677,2023-08-26,S2A_30TYT_20230826_1_L2A,13,53.113556,1.0,1.0,
ftw-france-004,fields-of-the-world,france,0.6677,2023-10-10,S2B_30TYT_20231010_0_L2A,13,0.00078,0.0,0.0,
ftw-france-004,fields-of-the-world,france,0.6677,2023-11-29,S2B_30TYT_20231129_0_L2A,13,82.786971,1.0,1.0,
ftw-france-004,fields-of-the-world,france,0.6677,2024-01-13,S2A_30TYT_20240113_0_L2A,13,99.938989,1.0,1.0,
ftw-france-004,fields-of-the-world,france,0.6677,2024-02-27,S2B_30TYT_20240227_0_L2A,13,49.632412,0.6923076923076923,0.6923076923076923,
ftw-france-004,fields-of-the-world,france,0.6677,2024-04-17,S2B_30TYT_20240417_0_L2A,13,69.976956,1.0,1.0,
ftw-france-004,fields-of-the-world,france,0.6677,2024-06-01,S2A_30TYT_20240601_0_L2A,13,97.866154,1.0,1.0,
ftw-france-004,fields-of-the-world,france,0.6677,2024-07-21,S2A_30TYT_20240721_0_L2A,13,72.987294,1.0,1.0,
ftw-france-004,fields-of-the-world,france,0.6677,2024-09-04,S2B_30TYT_20240904_0_L2A,13,81.362611,1.0,1.0,
ftw-france-004,fields-of-the-world,france,0.6677,2024-10-24,S2B_30TYT_20241024_0_L2A,13,0.011529,0.0,0.0,
ftw-france-004,fields-of-the-world,france,0.6677,2024-11-28,S2A_30TYT_20241128_0_L2A,13,99.966621,1.0,1.0,
ftw-france-005,fields-of-the-world,france,0.8654,2023-01-03,S2B_30TYT_20230103_0_L2A,21,39.244294,0.0,0.0,
ftw-france-005,fields-of-the-world,france,0.8654,2023-02-17,S2A_30TYT_20230217_0_L2A,21,98.636091,1.0,1.0,
ftw-france-005,fields-of-the-world,france,0.8654,2023-04-03,S2B_30TYT_20230403_0_L2A,21,99.959761,1.0,1.0,
ftw-france-005,fields-of-the-world,france,0.8654,2023-05-23,S2B_30TYT_20230523_0_L2A,21,100,1.0,1.0,
ftw-france-005,fields-of-the-world,france,0.8654,2023-07-07,S2A_30TYT_20230707_0_L2A,21,0.264936,0.0,0.0,
ftw-france-005,fields-of-the-world,france,0.8654,2023-08-26,S2A_30TYT_20230826_1_L2A,21,53.113556,0.7142857142857143,0.7142857142857143,
ftw-france-005,fields-of-the-world,france,0.8654,2023-10-10,S2B_30TYT_20231010_0_L2A,21,0.00078,0.0,0.0,
ftw-france-005,fields-of-the-world,france,0.8654,2023-11-29,S2B_30TYT_20231129_0_L2A,21,82.786971,1.0,1.0,
ftw-france-005,fields-of-the-world,france,0.8654,2024-01-13,S2A_30TYT_20240113_0_L2A,21,99.938989,1.0,1.0,
ftw-france-005,fields-of-the-world,france,0.8654,2024-02-27,S2B_30TYT_20240227_0_L2A,21,49.632412,1.0,1.0,
ftw-france-005,fields-of-the-world,france,0.8654,2024-04-17,S2B_30TYT_20240417_0_L2A,21,69.976956,1.0,1.0,
ftw-france-005,fields-of-the-world,france,0.8654,2024-06-01,S2A_30TYT_20240601_0_L2A,21,97.866154,1.0,1.0,
ftw-france-005,fields-of-the-world,france,0.8654,2024-07-21,S2A_30TYT_20240721_0_L2A,21,72.987294,1.0,1.0,
ftw-france-005,fields-of-the-world,france,0.8654,2024-09-04,S2B_30TYT_20240904_0_L2A,21,81.362611,0.0,0.0,
ftw-france-005,fields-of-the-world,france,0.8654,2024-10-24,S2B_30TYT_20241024_0_L2A,21,0.011529,0.0,0.0,
ftw-france-005,fields-of-the-world,france,0.8654,2024-11-28,S2A_30TYT_20241128_0_L2A,21,99.966621,1.0,1.0,
ftw-france-006,fields-of-the-world,france,1.0133,2023-01-03,S2B_31TCM_20230103_0_L2A,26,18.814398,1.0,1.0,
ftw-france-006,fields-of-the-world,france,1.0133,2023-02-17,S2A_30TYS_20230217_0_L2A,22,95.310307,1.0,1.0,
ftw-france-006,fields-of-the-world,france,1.0133,2023-04-05,S2A_30TYS_20230405_0_L2A,22,3.318586,0.0,0.0,
ftw-france-006,fields-of-the-world,france,1.0133,2023-05-23,S2B_31TCM_20230523_0_L2A,26,99.627382,1.0,1.0,
ftw-france-006,fields-of-the-world,france,1.0133,2023-07-09,S2B_31TCM_20230709_0_L2A,26,46.865916,1.0,1.0,
ftw-france-006,fields-of-the-world,france,1.0133,2023-08-26,S2A_31TCM_20230826_0_L2A,26,82.140452,1.0,1.0,
ftw-france-006,fields-of-the-world,france,1.0133,2023-10-10,S2B_30TYS_20231010_0_L2A,22,0.002123,0.0,0.0,
ftw-france-006,fields-of-the-world,france,1.0133,2023-11-26,S2B_30TYS_20231126_0_L2A,22,30.835772,0.0,0.0,
ftw-france-006,fields-of-the-world,france,1.0133,2024-01-13,S2A_30TYS_20240113_0_L2A,22,59.928614,1.0,1.0,
ftw-france-006,fields-of-the-world,france,1.0133,2024-03-03,S2A_31TCM_20240303_0_L2A,26,98.858637,1.0,1.0,
ftw-france-006,fields-of-the-world,france,1.0133,2024-04-19,S2A_31TCM_20240419_0_L2A,26,3.035421,0.0,0.0,
ftw-france-006,fields-of-the-world,france,1.0133,2024-06-03,S2B_30TYS_20240603_0_L2A,22,17.293923,0.0,0.0,
ftw-france-006,fields-of-the-world,france,1.0133,2024-07-21,S2A_30TYS_20240721_0_L2A,22,80.704963,1.0,1.0,
ftw-france-006,fields-of-the-world,france,1.0133,2024-09-06,S2A_30TYS_20240906_0_L2A,22,99.85261,1.0,1.0,
ftw-france-006,fields-of-the-world,france,1.0133,2024-10-24,S2B_31TCM_20241024_0_L2A,26,0.279436,0.0,0.0,
ftw-france-006,fields-of-the-world,france,1.0133,2024-11-28,S2A_31TCM_20241128_0_L2A,26,94.54509,1.0,1.0,
ftw-france-007,fields-of-the-world,france,1.2492,2023-01-03,S2B_30TYT_20230103_0_L2A,30,39.244294,0.0,0.0,
ftw-france-007,fields-of-the-world,france,1.2492,2023-02-17,S2A_30TYT_20230217_0_L2A,30,98.636091,1.0,1.0,
ftw-france-007,fields-of-the-world,france,1.2492,2023-04-03,S2B_30TYT_20230403_0_L2A,30,99.959761,1.0,1.0,
ftw-france-007,fields-of-the-world,france,1.2492,2023-05-23,S2B_30TYT_20230523_0_L2A,30,100,1.0,1.0,
ftw-france-007,fields-of-the-world,france,1.2492,2023-07-07,S2A_30TYT_20230707_0_L2A,30,0.264936,0.0,0.0,
ftw-france-007,fields-of-the-world,france,1.2492,2023-08-26,S2A_30TYT_20230826_1_L2A,30,53.113556,1.0,1.0,
ftw-france-007,fields-of-the-world,france,1.2492,2023-10-10,S2B_30TYT_20231010_0_L2A,30,0.00078,0.0,0.0,
ftw-france-007,fields-of-the-world,france,1.2492,2023-11-29,S2B_30TYT_20231129_0_L2A,30,82.786971,1.0,1.0,
ftw-france-007,fields-of-the-world,france,1.2492,2024-01-13,S2A_30TYT_20240113_0_L2A,30,99.938989,1.0,1.0,
ftw-france-007,fields-of-the-world,france,1.2492,2024-02-27,S2B_30TYT_20240227_0_L2A,30,49.632412,0.0,0.0,
ftw-france-007,fields-of-the-world,france,1.2492,2024-04-17,S2B_30TYT_20240417_0_L2A,30,69.976956,1.0,1.0,
ftw-france-007,fields-of-the-world,france,1.2492,2024-06-01,S2A_30TYT_20240601_0_L2A,30,97.866154,1.0,1.0,
ftw-france-007,fields-of-the-world,france,1.2492,2024-07-21,S2A_30TYT_20240721_0_L2A,30,72.987294,1.0,1.0,
ftw-france-007,fields-of-the-world,france,1.2492,2024-09-04,S2B_30TYT_20240904_0_L2A,30,81.362611,1.0,1.0,
ftw-france-007,fields-of-the-world,france,1.2492,2024-10-24,S2B_30TYT_20241024_0_L2A,30,0.011529,0.0,0.0,
ftw-france-007,fields-of-the-world,france,1.2492,2024-11-28,S2A_30TYT_20241128_0_L2A,30,99.966621,1.0,1.0,
ftw-france-008,fields-of-the-world,france,1.5301,2023-01-03,S2B_30TYS_20230103_0_L2A,39,21.545289,1.0,1.0,
ftw-france-008,fields-of-the-world,france,1.5301,2023-02-17,S2A_30TYS_20230217_0_L2A,39,95.310307,0.0,0.0,
ftw-france-008,fields-of-the-world,france,1.5301,2023-04-03,S2B_30TYS_20230403_0_L2A,39,99.999976,1.0,1.0,
ftw-france-008,fields-of-the-world,france,1.5301,2023-05-23,S2B_30TYS_20230523_0_L2A,39,94.639176,1.0,1.0,
ftw-france-008,fields-of-the-world,france,1.5301,2023-07-07,S2A_30TYS_20230707_0_L2A,39,30.110255,0.0,0.0,
ftw-france-008,fields-of-the-world,france,1.5301,2023-08-26,S2A_30TYS_20230826_0_L2A,39,78.477353,1.0,1.0,
ftw-france-008,fields-of-the-world,france,1.5301,2023-10-10,S2B_30TYS_20231010_0_L2A,39,0.002123,0.0,0.0,
ftw-france-008,fields-of-the-world,france,1.5301,2023-11-29,S2B_30TYS_20231129_0_L2A,39,87.382948,1.0,1.0,
ftw-france-008,fields-of-the-world,france,1.5301,2024-01-13,S2A_30TYS_20240113_0_L2A,39,59.928614,1.0,1.0,
ftw-france-008,fields-of-the-world,france,1.5301,2024-02-27,S2B_30TYS_20240227_0_L2A,39,98.385936,1.0,1.0,
ftw-france-008,fields-of-the-world,france,1.5301,2024-04-17,S2B_30TYS_20240417_0_L2A,39,60.114425,0.717948717948718,0.717948717948718,
ftw-france-008,fields-of-the-world,france,1.5301,2024-06-01,S2A_30TYS_20240601_0_L2A,39,94.936526,1.0,1.0,
ftw-france-008,fields-of-the-world,france,1.5301,2024-07-21,S2A_30TYS_20240721_0_L2A,39,80.704963,1.0,1.0,
ftw-france-008,fields-of-the-world,france,1.5301,2024-09-04,S2B_30TYS_20240904_0_L2A,39,95.487314,1.0,1.0,
ftw-france-008,fields-of-the-world,france,1.5301,2024-10-24,S2B_30TYS_20241024_0_L2A,39,0.089718,0.0,0.0,
ftw-france-008,fields-of-the-world,france,1.5301,2024-11-28,S2A_30TYS_20241128_0_L2A,39,80.032897,1.0,1.0,
ftw-france-009,fields-of-the-world,france,2.0472,2023-01-03,S2B_30TYT_20230103_0_L2A,51,39.244294,0.0,0.0,
ftw-france-009,fields-of-the-world,france,2.0472,2023-02-17,S2A_30TYT_20230217_0_L2A,51,98.636091,1.0,1.0,
ftw-france-009,fields-of-the-world,france,2.0472,2023-04-03,S2B_30TYT_20230403_0_L2A,51,99.959761,1.0,1.0,
ftw-france-009,fields-of-the-world,france,2.0472,2023-05-23,S2B_30TYT_20230523_0_L2A,51,100,1.0,1.0,
ftw-france-009,fields-of-the-world,france,2.0472,2023-07-07,S2A_30TYT_20230707_0_L2A,51,0.264936,0.0,0.0,
ftw-france-009,fields-of-the-world,france,2.0472,2023-08-26,S2A_30TYT_20230826_1_L2A,51,53.113556,1.0,1.0,
ftw-france-009,fields-of-the-world,france,2.0472,2023-10-10,S2B_30TYT_20231010_0_L2A,51,0.00078,0.0,0.0,
ftw-france-009,fields-of-the-world,france,2.0472,2023-11-29,S2B_30TYT_20231129_0_L2A,51,82.786971,1.0,1.0,
ftw-france-009,fields-of-the-world,france,2.0472,2024-01-13,S2A_30TYT_20240113_0_L2A,51,99.938989,1.0,1.0,
ftw-france-009,fields-of-the-world,france,2.0472,2024-02-27,S2B_30TYT_20240227_0_L2A,51,49.632412,1.0,1.0,
ftw-france-009,fields-of-the-world,france,2.0472,2024-04-17,S2B_30TYT_20240417_0_L2A,51,69.976956,1.0,1.0,
ftw-france-009,fields-of-the-world,france,2.0472,2024-06-01,S2A_30TYT_20240601_0_L2A,51,97.866154,1.0,1.0,
ftw-france-009,fields-of-the-world,france,2.0472,2024-07-21,S2A_30TYT_20240721_0_L2A,51,72.987294,0.11764705882352941,0.11764705882352941,
ftw-france-009,fields-of-the-world,france,2.0472,2024-09-04,S2B_30TYT_20240904_0_L2A,51,81.362611,1.0,1.0,
ftw-france-009,fields-of-the-world,france,2.0472,2024-10-24,S2B_30TYT_20241024_0_L2A,51,0.011529,0.0,0.0,
ftw-france-009,fields-of-the-world,france,2.0472,2024-11-28,S2A_30TYT_20241128_0_L2A,51,99.966621,1.0,1.0,
ftw-france-010,fields-of-the-world,france,2.6103,2023-01-03,S2B_30TYS_20230103_0_L2A,64,21.545289,1.0,1.0,
ftw-france-010,fields-of-the-world,france,2.6103,2023-02-17,S2A_30TYS_20230217_0_L2A,64,95.310307,1.0,1.0,
ftw-france-010,fields-of-the-world,france,2.6103,2023-04-05,S2A_30TYS_20230405_0_L2A,64,3.318586,0.0,0.0,
ftw-france-010,fields-of-the-world,france,2.6103,2023-05-23,S2B_30TYS_20230523_0_L2A,64,94.639176,1.0,1.0,
ftw-france-010,fields-of-the-world,france,2.6103,2023-07-09,S2B_30TYS_20230709_0_L2A,64,62.96345,1.0,1.0,
ftw-france-010,fields-of-the-world,france,2.6103,2023-08-26,S2A_30TYS_20230826_0_L2A,64,78.477353,1.0,1.0,
ftw-france-010,fields-of-the-world,france,2.6103,2023-10-10,S2B_30TYS_20231010_0_L2A,64,0.002123,0.0,0.0,
ftw-france-010,fields-of-the-world,france,2.6103,2023-11-26,S2B_30TYS_20231126_0_L2A,64,30.835772,0.0,0.0,
ftw-france-010,fields-of-the-world,france,2.6103,2024-01-13,S2A_30TYS_20240113_0_L2A,64,59.928614,1.0,1.0,
ftw-france-010,fields-of-the-world,france,2.6103,2024-03-03,S2A_30TYS_20240303_0_L2A,64,71.464223,1.0,1.0,
ftw-france-010,fields-of-the-world,france,2.6103,2024-04-19,S2A_30TYS_20240419_0_L2A,64,2.632134,0.0,0.0,
ftw-france-010,fields-of-the-world,france,2.6103,2024-06-03,S2B_30TYS_20240603_0_L2A,64,17.293923,0.0,0.0,
ftw-france-010,fields-of-the-world,france,2.6103,2024-07-21,S2A_30TYS_20240721_0_L2A,64,80.704963,1.0,1.0,
ftw-france-010,fields-of-the-world,france,2.6103,2024-09-06,S2A_30TYS_20240906_0_L2A,64,99.85261,1.0,1.0,
ftw-france-010,fields-of-the-world,france,2.6103,2024-10-24,S2B_30TYS_20241024_0_L2A,64,0.089718,0.0,0.0,
ftw-france-010,fields-of-the-world,france,2.6103,2024-11-28,S2A_30TYS_20241128_0_L2A,64,80.032897,1.0,1.0,
ftw-france-011,fields-of-the-world,france,3.4816,2023-01-03,S2B_30TYT_20230103_0_L2A,89,39.244294,0.0,0.0,
ftw-france-011,fields-of-the-world,france,3.4816,2023-02-17,S2A_30TYT_20230217_0_L2A,89,98.636091,1.0,1.0,
ftw-france-011,fields-of-the-world,france,3.4816,2023-04-03,S2B_30TYT_20230403_0_L2A,89,99.959761,1.0,1.0,
ftw-france-011,fields-of-the-world,france,3.4816,2023-05-23,S2B_30TYT_20230523_0_L2A,89,100,1.0,1.0,
ftw-france-011,fields-of-the-world,france,3.4816,2023-07-07,S2A_30TYT_20230707_0_L2A,89,0.264936,0.0,0.0,
ftw-france-011,fields-of-the-world,france,3.4816,2023-08-26,S2A_30TYT_20230826_1_L2A,89,53.113556,0.8764044943820225,0.8764044943820225,
ftw-france-011,fields-of-the-world,france,3.4816,2023-10-10,S2B_30TYT_20231010_0_L2A,89,0.00078,0.0,0.0,
ftw-france-011,fields-of-the-world,france,3.4816,2023-11-29,S2B_30TYT_20231129_0_L2A,89,82.786971,1.0,1.0,
ftw-france-011,fields-of-the-world,france,3.4816,2024-01-13,S2A_30TYT_20240113_0_L2A,89,99.938989,1.0,1.0,
ftw-france-011,fields-of-the-world,france,3.4816,2024-02-27,S2B_30TYT_20240227_0_L2A,89,49.632412,0.0,0.0,
ftw-france-011,fields-of-the-world,france,3.4816,2024-04-17,S2B_30TYT_20240417_0_L2A,89,69.976956,1.0,1.0,
ftw-france-011,fields-of-the-world,france,3.4816,2024-06-01,S2A_30TYT_20240601_0_L2A,89,97.866154,1.0,1.0,
ftw-france-011,fields-of-the-world,france,3.4816,2024-07-21,S2A_30TYT_20240721_0_L2A,89,72.987294,1.0,1.0,
ftw-france-011,fields-of-the-world,france,3.4816,2024-09-04,S2B_30TYT_20240904_0_L2A,89,81.362611,1.0,1.0,
ftw-france-011,fields-of-the-world,france,3.4816,2024-10-24,S2B_30TYT_20241024_0_L2A,89,0.011529,0.0,0.0,
ftw-france-011,fields-of-the-world,france,3.4816,2024-11-28,S2A_30TYT_20241128_0_L2A,89,99.966621,1.0,1.0,
ftw-france-012,fields-of-the-world,france,5.0437,2023-01-03,S2B_30TYS_20230103_0_L2A,124,21.545289,1.0,1.0,
ftw-france-012,fields-of-the-world,france,5.0437,2023-02-17,S2A_30TYS_20230217_0_L2A,124,95.310307,1.0,1.0,
ftw-france-012,fields-of-the-world,france,5.0437,2023-04-05,S2A_30TYS_20230405_0_L2A,124,3.318586,0.0,0.0,
ftw-france-012,fields-of-the-world,france,5.0437,2023-05-23,S2B_30TYS_20230523_0_L2A,124,94.639176,1.0,1.0,
ftw-france-012,fields-of-the-world,france,5.0437,2023-07-09,S2B_30TYS_20230709_0_L2A,124,62.96345,1.0,1.0,
ftw-france-012,fields-of-the-world,france,5.0437,2023-08-26,S2A_30TYS_20230826_0_L2A,124,78.477353,1.0,1.0,
ftw-france-012,fields-of-the-world,france,5.0437,2023-10-10,S2B_30TYS_20231010_0_L2A,124,0.002123,0.0,0.0,
ftw-france-012,fields-of-the-world,france,5.0437,2023-11-26,S2B_30TYS_20231126_0_L2A,124,30.835772,0.0,0.0,
ftw-france-012,fields-of-the-world,france,5.0437,2024-01-13,S2A_30TYS_20240113_0_L2A,124,59.928614,1.0,1.0,
ftw-france-012,fields-of-the-world,france,5.0437,2024-03-03,S2A_30TYS_20240303_0_L2A,124,71.464223,1.0,1.0,
ftw-france-012,fields-of-the-world,france,5.0437,2024-04-19,S2A_30TYS_20240419_0_L2A,124,2.632134,0.0,0.0,
ftw-france-012,fields-of-the-world,france,5.0437,2024-06-03,S2B_30TYS_20240603_0_L2A,124,17.293923,0.0,0.0,
ftw-france-012,fields-of-the-world,france,5.0437,2024-07-21,S2A_30TYS_20240721_0_L2A,124,80.704963,1.0,1.0,
ftw-france-012,fields-of-the-world,france,5.0437,2024-09-06,S2A_30TYS_20240906_0_L2A,124,99.85261,1.0,1.0,
ftw-france-012,fields-of-the-world,france,5.0437,2024-10-24,S2B_30TYS_20241024_0_L2A,124,0.089718,0.0,0.0,
ftw-france-012,fields-of-the-world,france,5.0437,2024-11-28,S2A_30TYS_20241128_0_L2A,124,80.032897,1.0,1.0,
ftw-france-013,fields-of-the-world,france,5.5823,2023-01-03,S2B_30TYT_20230103_0_L2A,137,39.244294,0.0,0.0,
ftw-france-013,fields-of-the-world,france,5.5823,2023-02-17,S2A_30TYT_20230217_0_L2A,137,98.636091,1.0,1.0,
ftw-france-013,fields-of-the-world,france,5.5823,2023-04-03,S2B_30TYT_20230403_0_L2A,137,99.959761,1.0,1.0,
ftw-france-013,fields-of-the-world,france,5.5823,2023-05-23,S2B_30TYT_20230523_0_L2A,137,100,1.0,1.0,
ftw-france-013,fields-of-the-world,france,5.5823,2023-07-07,S2A_30TYT_20230707_0_L2A,137,0.264936,0.0,0.0,
ftw-france-013,fields-of-the-world,france,5.5823,2023-08-26,S2A_30TYT_20230826_1_L2A,137,53.113556,1.0,1.0,
ftw-france-013,fields-of-the-world,france,5.5823,2023-10-10,S2B_30TYT_20231010_0_L2A,137,0.00078,0.0,0.0,
ftw-france-013,fields-of-the-world,france,5.5823,2023-11-29,S2B_30TYT_20231129_0_L2A,137,82.786971,1.0,1.0,
ftw-france-013,fields-of-the-world,france,5.5823,2024-01-13,S2A_30TYT_20240113_0_L2A,137,99.938989,1.0,1.0,
ftw-france-013,fields-of-the-world,france,5.5823,2024-02-27,S2B_30TYT_20240227_0_L2A,137,49.632412,1.0,1.0,
ftw-france-013,fields-of-the-world,france,5.5823,2024-04-17,S2B_30TYT_20240417_0_L2A,137,69.976956,1.0,1.0,
ftw-france-013,fields-of-the-world,france,5.5823,2024-06-01,S2A_30TYT_20240601_0_L2A,137,97.866154,1.0,1.0,
ftw-france-013,fields-of-the-world,france,5.5823,2024-07-21,S2A_30TYT_20240721_0_L2A,137,72.987294,0.0,0.0,
ftw-france-013,fields-of-the-world,france,5.5823,2024-09-04,S2B_30TYT_20240904_0_L2A,137,81.362611,1.0,1.0,
ftw-france-013,fields-of-the-world,france,5.5823,2024-10-24,S2B_30TYT_20241024_0_L2A,137,0.011529,0.0,0.0,
ftw-france-013,fields-of-the-world,france,5.5823,2024-11-28,S2A_30TYT_20241128_0_L2A,137,99.966621,1.0,1.0,
ftw-france-014,fields-of-the-world,france,8.6713,2023-01-03,S2B_31TCM_20230103_0_L2A,220,18.814398,1.0,1.0,
ftw-france-014,fields-of-the-world,france,8.6713,2023-02-17,S2A_30TYS_20230217_0_L2A,214,95.310307,0.5514018691588785,0.5514018691588785,
ftw-france-014,fields-of-the-world,france,8.6713,2023-04-05,S2A_30TYS_20230405_0_L2A,214,3.318586,0.0,0.0,
ftw-france-014,fields-of-the-world,france,8.6713,2023-05-23,S2B_31TCM_20230523_0_L2A,220,99.627382,1.0,1.0,
ftw-france-014,fields-of-the-world,france,8.6713,2023-07-09,S2B_31TCM_20230709_0_L2A,220,46.865916,1.0,1.0,
ftw-france-014,fields-of-the-world,france,8.6713,2023-08-26,S2A_31TCM_20230826_0_L2A,220,82.140452,1.0,1.0,
ftw-france-014,fields-of-the-world,france,8.6713,2023-10-10,S2B_30TYS_20231010_0_L2A,214,0.002123,0.0,0.0,
ftw-france-014,fields-of-the-world,france,8.6713,2023-11-26,S2B_30TYS_20231126_0_L2A,214,30.835772,0.0,0.0,
ftw-france-014,fields-of-the-world,france,8.6713,2024-01-13,S2A_30TYS_20240113_0_L2A,214,59.928614,1.0,1.0,
ftw-france-014,fields-of-the-world,france,8.6713,2024-03-03,S2A_31TCM_20240303_0_L2A,220,98.858637,1.0,1.0,
ftw-france-014,fields-of-the-world,france,8.6713,2024-04-19,S2A_31TCM_20240419_0_L2A,220,3.035421,0.0,0.0,
ftw-france-014,fields-of-the-world,france,8.6713,2024-06-03,S2B_30TYS_20240603_0_L2A,214,17.293923,0.2616822429906542,0.2616822429906542,
ftw-france-014,fields-of-the-world,france,8.6713,2024-07-21,S2A_30TYS_20240721_0_L2A,214,80.704963,1.0,1.0,
ftw-france-014,fields-of-the-world,france,8.6713,2024-09-06,S2A_30TYS_20240906_0_L2A,214,99.85261,1.0,1.0,
ftw-france-014,fields-of-the-world,france,8.6713,2024-10-24,S2B_31TCM_20241024_0_L2A,220,0.279436,0.0,0.0,
ftw-france-014,fields-of-the-world,france,8.6713,2024-11-28,S2A_31TCM_20241128_0_L2A,220,94.54509,1.0,1.0,
ftw-france-015,fields-of-the-world,france,24.6447,2023-01-03,S2B_30TYS_20230103_0_L2A,613,21.545289,0.0,0.0,
ftw-france-015,fields-of-the-world,france,24.6447,2023-02-17,S2A_30TYS_20230217_0_L2A,613,95.310307,1.0,1.0,
ftw-france-015,fields-of-the-world,france,24.6447,2023-04-03,S2B_30TYS_20230403_0_L2A,613,99.999976,1.0,1.0,
ftw-france-015,fields-of-the-world,france,24.6447,2023-05-23,S2B_30TYS_20230523_0_L2A,613,94.639176,1.0,1.0,
ftw-france-015,fields-of-the-world,france,24.6447,2023-07-07,S2A_30TYS_20230707_0_L2A,613,30.110255,0.0,0.0,
ftw-france-015,fields-of-the-world,france,24.6447,2023-08-26,S2A_30TYS_20230826_0_L2A,613,78.477353,1.0,1.0,
ftw-france-015,fields-of-the-world,france,24.6447,2023-10-10,S2B_30TYS_20231010_0_L2A,613,0.002123,0.0,0.0,
ftw-france-015,fields-of-the-world,france,24.6447,2023-11-29,S2B_30TYS_20231129_0_L2A,613,87.382948,1.0,1.0,
ftw-france-015,fields-of-the-world,france,24.6447,2024-01-13,S2A_30TYS_20240113_0_L2A,613,59.928614,1.0,1.0,
ftw-france-015,fields-of-the-world,france,24.6447,2024-02-27,S2B_30TYS_20240227_0_L2A,613,98.385936,1.0,1.0,
ftw-france-015,fields-of-the-world,france,24.6447,2024-04-17,S2B_30TYS_20240417_0_L2A,613,60.114425,0.17128874388254486,0.17128874388254486,
ftw-france-015,fields-of-the-world,france,24.6447,2024-06-01,S2A_30TYS_20240601_0_L2A,613,94.936526,1.0,1.0,
ftw-france-015,fields-of-the-world,france,24.6447,2024-07-21,S2A_30TYS_20240721_0_L2A,613,80.704963,1.0,1.0,
ftw-france-015,fields-of-the-world,france,24.6447,2024-09-04,S2B_30TYS_20240904_0_L2A,613,95.487314,1.0,1.0,
ftw-france-015,fields-of-the-world,france,24.6447,2024-10-24,S2B_30TYS_20241024_0_L2A,613,0.089718,0.0,0.0,
ftw-france-015,fields-of-the-world,france,24.6447,2024-11-28,S2A_30TYS_20241128_0_L2A,613,80.032897,1.0,1.0,
ftw-france-016,fields-of-the-world,france,27.0132,2023-01-03,S2B_30TYS_20230103_0_L2A,677,21.545289,0.0,0.0,
ftw-france-016,fields-of-the-world,france,27.0132,2023-02-17,S2A_30TYS_20230217_0_L2A,677,95.310307,1.0,1.0,
ftw-france-016,fields-of-the-world,france,27.0132,2023-04-05,S2A_30TYS_20230405_0_L2A,677,3.318586,0.0,0.0,
ftw-france-016,fields-of-the-world,france,27.0132,2023-05-23,S2B_30TYS_20230523_0_L2A,677,94.639176,1.0,1.0,
ftw-france-016,fields-of-the-world,france,27.0132,2023-07-09,S2B_30TYS_20230709_0_L2A,677,62.96345,1.0,1.0,
ftw-france-016,fields-of-the-world,france,27.0132,2023-08-26,S2A_30TYS_20230826_0_L2A,677,78.477353,1.0,1.0,
ftw-france-016,fields-of-the-world,france,27.0132,2023-10-10,S2B_30TYS_20231010_0_L2A,677,0.002123,0.0,0.0,
ftw-france-016,fields-of-the-world,france,27.0132,2023-11-26,S2B_30TYS_20231126_0_L2A,677,30.835772,0.16838995568685378,0.16838995568685378,
ftw-france-016,fields-of-the-world,france,27.0132,2024-01-13,S2A_30TYS_20240113_0_L2A,677,59.928614,1.0,1.0,
ftw-france-016,fields-of-the-world,france,27.0132,2024-03-03,S2A_30TYS_20240303_0_L2A,677,71.464223,1.0,1.0,
ftw-france-016,fields-of-the-world,france,27.0132,2024-04-19,S2A_30TYS_20240419_0_L2A,677,2.632134,0.05760709010339734,0.05760709010339734,
ftw-france-016,fields-of-the-world,france,27.0132,2024-06-03,S2B_30TYS_20240603_0_L2A,677,17.293923,0.4254062038404727,0.4254062038404727,
ftw-france-016,fields-of-the-world,france,27.0132,2024-07-21,S2A_30TYS_20240721_0_L2A,677,80.704963,0.0,0.0,
ftw-france-016,fields-of-the-world,france,27.0132,2024-09-06,S2A_30TYS_20240906_0_L2A,677,99.85261,1.0,1.0,
ftw-france-016,fields-of-the-world,france,27.0132,2024-10-24,S2B_30TYS_20241024_0_L2A,677,0.089718,0.0,0.0,
ftw-france-016,fields-of-the-world,france,27.0132,2024-11-28,S2A_30TYS_20241128_0_L2A,677,80.032897,1.0,1.0,
ftw-france-017,fields-of-the-world,france,53.1377,2023-01-03,S2B_30TYS_20230103_0_L2A,1329,21.545289,0.0,0.0,
ftw-france-017,fields-of-the-world,france,53.1377,2023-02-17,S2A_30TYS_20230217_0_L2A,1329,95.310307,0.9623777276147479,0.9623777276147479,
ftw-france-017,fields-of-the-world,france,53.1377,2023-04-03,S2B_30TYS_20230403_0_L2A,1329,99.999976,1.0,1.0,
ftw-france-017,fields-of-the-world,france,53.1377,2023-05-23,S2B_30TYS_20230523_0_L2A,1329,94.639176,1.0,1.0,
ftw-france-017,fields-of-the-world,france,53.1377,2023-07-07,S2A_30TYS_20230707_0_L2A,1329,30.110255,0.0,0.0,
ftw-france-017,fields-of-the-world,france,53.1377,2023-08-26,S2A_30TYS_20230826_0_L2A,1329,78.477353,1.0,1.0,
ftw-france-017,fields-of-the-world,france,53.1377,2023-10-10,S2B_30TYS_20231010_0_L2A,1329,0.002123,0.0,0.0,
ftw-france-017,fields-of-the-world,france,53.1377,2023-11-29,S2B_30TYS_20231129_0_L2A,1329,87.382948,1.0,1.0,
ftw-france-017,fields-of-the-world,france,53.1377,2024-01-13,S2A_30TYS_20240113_0_L2A,1329,59.928614,1.0,1.0,
ftw-france-017,fields-of-the-world,france,53.1377,2024-02-27,S2B_30TYS_20240227_0_L2A,1329,98.385936,1.0,1.0,
ftw-france-017,fields-of-the-world,france,53.1377,2024-04-17,S2B_30TYS_20240417_0_L2A,1329,60.114425,0.6869826937547028,0.6869826937547028,
ftw-france-017,fields-of-the-world,france,53.1377,2024-06-01,S2A_30TYS_20240601_0_L2A,1329,94.936526,1.0,1.0,
ftw-france-017,fields-of-the-world,france,53.1377,2024-07-21,S2A_30TYS_20240721_0_L2A,1329,80.704963,0.9172310007524455,0.9172310007524455,
ftw-france-017,fields-of-the-world,france,53.1377,2024-09-04,S2B_30TYS_20240904_0_L2A,1329,95.487314,1.0,1.0,
ftw-france-017,fields-of-the-world,france,53.1377,2024-10-24,S2B_30TYS_20241024_0_L2A,1329,0.089718,0.0,0.0,
ftw-france-017,fields-of-the-world,france,53.1377,2024-11-28,S2A_30TYS_20241128_0_L2A,1329,80.032897,1.0,1.0,
ftw-germany-000,fields-of-the-world,germany,0.2081,2023-01-01,S2B_33UVU_20230101_0_L2A,6,100,1.0,1.0,
ftw-germany-000,fields-of-the-world,germany,0.2081,2023-02-15,S2A_33UVU_20230215_0_L2A,6,69.907796,1.0,1.0,
ftw-germany-000,fields-of-the-world,germany,0.2081,2023-04-03,S2A_33UVU_20230403_0_L2A,6,97.338706,1.0,1.0,
ftw-germany-000,fields-of-the-world,germany,0.2081,2023-05-18,S2B_33UVU_20230518_0_L2A,6,53.570485,1.0,1.0,
ftw-germany-000,fields-of-the-world,germany,0.2081,2023-07-05,S2A_33UVU_20230705_0_L2A,6,98.901337,1.0,1.0,
ftw-germany-000,fields-of-the-world,germany,0.2081,2023-08-19,S2B_33UVU_20230819_0_L2A,6,10.391542,0.0,0.0,
ftw-germany-000,fields-of-the-world,germany,0.2081,2023-10-05,S2B_33UVU_20231005_1_L2A,6,99.523711,1.0,1.0,
ftw-germany-000,fields-of-the-world,germany,0.2081,2023-11-19,S2A_33UVU_20231119_0_L2A,6,96.356839,1.0,1.0,
ftw-germany-000,fields-of-the-world,germany,0.2081,2024-01-08,S2A_33UVU_20240108_0_L2A,6,0.159923,0.0,0.0,
ftw-germany-000,fields-of-the-world,germany,0.2081,2024-02-22,S2B_33UVU_20240222_0_L2A,6,99.999976,1.0,1.0,
ftw-germany-000,fields-of-the-world,germany,0.2081,2024-04-10,S2A_33UVU_20240410_0_L2A,6,100,1.0,1.0,
ftw-germany-000,fields-of-the-world,germany,0.2081,2024-05-27,S2A_33UVU_20240527_0_L2A,6,76.062602,1.0,1.0,
ftw-germany-000,fields-of-the-world,germany,0.2081,2024-07-14,S2B_33UVU_20240714_0_L2A,6,39.875692,0.16666666666666666,0.16666666666666666,
ftw-germany-000,fields-of-the-world,germany,0.2081,2024-08-28,S2A_33UVU_20240828_0_L2A,6,2.591436,0.0,0.0,
ftw-germany-000,fields-of-the-world,germany,0.2081,2024-10-14,S2A_33UVU_20241014_0_L2A,6,60.129714,1.0,1.0,
ftw-germany-000,fields-of-the-world,germany,0.2081,2024-11-23,S2A_33UVU_20241123_0_L2A,6,94.50286,1.0,1.0,
ftw-germany-001,fields-of-the-world,germany,0.2519,2023-01-01,S2B_33UVU_20230101_0_L2A,8,100,1.0,1.0,
ftw-germany-001,fields-of-the-world,germany,0.2519,2023-02-15,S2A_33UVU_20230215_0_L2A,8,69.907796,1.0,1.0,
ftw-germany-001,fields-of-the-world,germany,0.2519,2023-04-03,S2A_33UVU_20230403_0_L2A,8,97.338706,1.0,1.0,
ftw-germany-001,fields-of-the-world,germany,0.2519,2023-05-18,S2B_33UVU_20230518_0_L2A,8,53.570485,1.0,1.0,
ftw-germany-001,fields-of-the-world,germany,0.2519,2023-07-05,S2A_33UVU_20230705_0_L2A,8,98.901337,1.0,1.0,
ftw-germany-001,fields-of-the-world,germany,0.2519,2023-08-19,S2B_33UVU_20230819_0_L2A,8,10.391542,0.0,0.0,
ftw-germany-001,fields-of-the-world,germany,0.2519,2023-10-05,S2B_33UVU_20231005_1_L2A,8,99.523711,1.0,1.0,
ftw-germany-001,fields-of-the-world,germany,0.2519,2023-11-19,S2A_33UVU_20231119_0_L2A,8,96.356839,1.0,1.0,
ftw-germany-001,fields-of-the-world,germany,0.2519,2024-01-08,S2A_33UVU_20240108_0_L2A,8,0.159923,0.0,0.0,
ftw-germany-001,fields-of-the-world,germany,0.2519,2024-02-22,S2B_33UVU_20240222_0_L2A,8,99.999976,1.0,1.0,
ftw-germany-001,fields-of-the-world,germany,0.2519,2024-04-10,S2A_33UVU_20240410_0_L2A,8,100,1.0,1.0,
ftw-germany-001,fields-of-the-world,germany,0.2519,2024-05-27,S2A_33UVU_20240527_0_L2A,8,76.062602,1.0,1.0,
ftw-germany-001,fields-of-the-world,germany,0.2519,2024-07-14,S2B_33UVU_20240714_0_L2A,8,39.875692,0.0,0.0,
ftw-germany-001,fields-of-the-world,germany,0.2519,2024-08-28,S2A_33UVU_20240828_0_L2A,8,2.591436,0.0,0.0,
ftw-germany-001,fields-of-the-world,germany,0.2519,2024-10-14,S2A_33UVU_20241014_0_L2A,8,60.129714,1.0,1.0,
ftw-germany-001,fields-of-the-world,germany,0.2519,2024-11-23,S2A_33UVU_20241123_0_L2A,8,94.50286,1.0,1.0,
ftw-germany-002,fields-of-the-world,germany,0.2862,2023-01-01,S2B_33UVU_20230101_0_L2A,7,100,1.0,1.0,
ftw-germany-002,fields-of-the-world,germany,0.2862,2023-02-15,S2A_33UVU_20230215_0_L2A,7,69.907796,1.0,1.0,
ftw-germany-002,fields-of-the-world,germany,0.2862,2023-04-03,S2A_33UVU_20230403_0_L2A,7,97.338706,1.0,1.0,
ftw-germany-002,fields-of-the-world,germany,0.2862,2023-05-18,S2B_33UVU_20230518_0_L2A,7,53.570485,1.0,1.0,
ftw-germany-002,fields-of-the-world,germany,0.2862,2023-07-05,S2A_33UVU_20230705_0_L2A,7,98.901337,1.0,1.0,
ftw-germany-002,fields-of-the-world,germany,0.2862,2023-08-19,S2B_33UVU_20230819_0_L2A,7,10.391542,0.0,0.0,
ftw-germany-002,fields-of-the-world,germany,0.2862,2023-10-05,S2B_33UVU_20231005_1_L2A,7,99.523711,1.0,1.0,
ftw-germany-002,fields-of-the-world,germany,0.2862,2023-11-19,S2A_33UVU_20231119_0_L2A,7,96.356839,1.0,1.0,
ftw-germany-002,fields-of-the-world,germany,0.2862,2024-01-08,S2A_33UVU_20240108_0_L2A,7,0.159923,0.0,0.0,
ftw-germany-002,fields-of-the-world,germany,0.2862,2024-02-22,S2B_33UVU_20240222_0_L2A,7,99.999976,1.0,1.0,
ftw-germany-002,fields-of-the-world,germany,0.2862,2024-04-10,S2A_33UVU_20240410_0_L2A,7,100,1.0,1.0,
ftw-germany-002,fields-of-the-world,germany,0.2862,2024-05-27,S2A_33UVU_20240527_0_L2A,7,76.062602,1.0,1.0,
ftw-germany-002,fields-of-the-world,germany,0.2862,2024-07-14,S2B_33UVU_20240714_0_L2A,7,39.875692,0.42857142857142855,0.42857142857142855,
ftw-germany-002,fields-of-the-world,germany,0.2862,2024-08-28,S2A_33UVU_20240828_0_L2A,7,2.591436,0.0,0.0,
ftw-germany-002,fields-of-the-world,germany,0.2862,2024-10-14,S2A_33UVU_20241014_0_L2A,7,60.129714,0.0,0.0,
ftw-germany-002,fields-of-the-world,germany,0.2862,2024-11-23,S2A_33UVU_20241123_0_L2A,7,94.50286,1.0,1.0,
ftw-germany-003,fields-of-the-world,germany,0.6002,2023-01-01,S2B_33UVU_20230101_0_L2A,15,100,1.0,1.0,
ftw-germany-003,fields-of-the-world,germany,0.6002,2023-02-15,S2A_33UVU_20230215_0_L2A,15,69.907796,1.0,1.0,
ftw-germany-003,fields-of-the-world,germany,0.6002,2023-04-03,S2A_33UVU_20230403_0_L2A,15,97.338706,1.0,1.0,
ftw-germany-003,fields-of-the-world,germany,0.6002,2023-05-18,S2B_33UVU_20230518_0_L2A,15,53.570485,1.0,1.0,
ftw-germany-003,fields-of-the-world,germany,0.6002,2023-07-05,S2A_33UVU_20230705_0_L2A,15,98.901337,1.0,1.0,
ftw-germany-003,fields-of-the-world,germany,0.6002,2023-08-19,S2B_33UVU_20230819_0_L2A,15,10.391542,0.0,0.0,
ftw-germany-003,fields-of-the-world,germany,0.6002,2023-10-05,S2B_33UVU_20231005_1_L2A,15,99.523711,1.0,1.0,
ftw-germany-003,fields-of-the-world,germany,0.6002,2023-11-19,S2A_33UVU_20231119_0_L2A,15,96.356839,1.0,1.0,
ftw-germany-003,fields-of-the-world,germany,0.6002,2024-01-08,S2A_33UVU_20240108_0_L2A,15,0.159923,0.0,0.0,
ftw-germany-003,fields-of-the-world,germany,0.6002,2024-02-22,S2B_33UVU_20240222_0_L2A,15,99.999976,1.0,1.0,
ftw-germany-003,fields-of-the-world,germany,0.6002,2024-04-10,S2A_33UVU_20240410_0_L2A,15,100,1.0,1.0,
ftw-germany-003,fields-of-the-world,germany,0.6002,2024-05-27,S2A_33UVU_20240527_0_L2A,15,76.062602,1.0,1.0,
ftw-germany-003,fields-of-the-world,germany,0.6002,2024-07-14,S2B_33UVU_20240714_0_L2A,15,39.875692,0.0,0.0,
ftw-germany-003,fields-of-the-world,germany,0.6002,2024-08-28,S2A_33UVU_20240828_0_L2A,15,2.591436,0.0,0.0,
ftw-germany-003,fields-of-the-world,germany,0.6002,2024-10-14,S2A_33UVU_20241014_0_L2A,15,60.129714,1.0,1.0,
ftw-germany-003,fields-of-the-world,germany,0.6002,2024-11-23,S2A_33UVU_20241123_0_L2A,15,94.50286,1.0,1.0,
ftw-germany-004,fields-of-the-world,germany,0.6155,2023-01-01,S2B_33UVU_20230101_0_L2A,13,100,1.0,1.0,
ftw-germany-004,fields-of-the-world,germany,0.6155,2023-02-15,S2A_33UVU_20230215_0_L2A,13,69.907796,1.0,1.0,
ftw-germany-004,fields-of-the-world,germany,0.6155,2023-04-03,S2A_33UVU_20230403_0_L2A,13,97.338706,1.0,1.0,
ftw-germany-004,fields-of-the-world,germany,0.6155,2023-05-18,S2B_33UVU_20230518_0_L2A,13,53.570485,1.0,1.0,
ftw-germany-004,fields-of-the-world,germany,0.6155,2023-07-05,S2A_33UVU_20230705_0_L2A,13,98.901337,1.0,1.0,
ftw-germany-004,fields-of-the-world,germany,0.6155,2023-08-19,S2B_33UVU_20230819_0_L2A,13,10.391542,0.0,0.0,
ftw-germany-004,fields-of-the-world,germany,0.6155,2023-10-05,S2B_33UVU_20231005_1_L2A,13,99.523711,1.0,1.0,
ftw-germany-004,fields-of-the-world,germany,0.6155,2023-11-19,S2A_33UVU_20231119_0_L2A,13,96.356839,1.0,1.0,
ftw-germany-004,fields-of-the-world,germany,0.6155,2024-01-08,S2A_33UVU_20240108_0_L2A,13,0.159923,0.0,0.0,
ftw-germany-004,fields-of-the-world,germany,0.6155,2024-02-22,S2B_33UVU_20240222_0_L2A,13,99.999976,1.0,1.0,
ftw-germany-004,fields-of-the-world,germany,0.6155,2024-04-10,S2A_33UVU_20240410_0_L2A,13,100,1.0,1.0,
ftw-germany-004,fields-of-the-world,germany,0.6155,2024-05-27,S2A_33UVU_20240527_0_L2A,13,76.062602,1.0,1.0,
ftw-germany-004,fields-of-the-world,germany,0.6155,2024-07-14,S2B_33UVU_20240714_0_L2A,13,39.875692,0.0,0.0,
ftw-germany-004,fields-of-the-world,germany,0.6155,2024-08-28,S2A_33UVU_20240828_0_L2A,13,2.591436,0.0,0.0,
ftw-germany-004,fields-of-the-world,germany,0.6155,2024-10-14,S2A_33UVU_20241014_0_L2A,13,60.129714,1.0,1.0,
ftw-germany-004,fields-of-the-world,germany,0.6155,2024-11-23,S2A_33UVU_20241123_0_L2A,13,94.50286,1.0,1.0,
ftw-germany-005,fields-of-the-world,germany,0.6243,2023-01-01,S2B_33UVU_20230101_0_L2A,16,100,1.0,1.0,
ftw-germany-005,fields-of-the-world,germany,0.6243,2023-02-15,S2A_33UVU_20230215_0_L2A,16,69.907796,1.0,1.0,
ftw-germany-005,fields-of-the-world,germany,0.6243,2023-04-03,S2A_33UVU_20230403_0_L2A,16,97.338706,1.0,1.0,
ftw-germany-005,fields-of-the-world,germany,0.6243,2023-05-18,S2B_33UVU_20230518_0_L2A,16,53.570485,1.0,1.0,
ftw-germany-005,fields-of-the-world,germany,0.6243,2023-07-05,S2A_33UVU_20230705_0_L2A,16,98.901337,1.0,1.0,
ftw-germany-005,fields-of-the-world,germany,0.6243,2023-08-19,S2B_33UVU_20230819_0_L2A,16,10.391542,0.0,0.0,
ftw-germany-005,fields-of-the-world,germany,0.6243,2023-10-05,S2B_33UVU_20231005_1_L2A,16,99.523711,1.0,1.0,
ftw-germany-005,fields-of-the-world,germany,0.6243,2023-11-19,S2A_33UVU_20231119_0_L2A,16,96.356839,1.0,1.0,
ftw-germany-005,fields-of-the-world,germany,0.6243,2024-01-08,S2A_33UVU_20240108_0_L2A,16,0.159923,0.0,0.0,
ftw-germany-005,fields-of-the-world,germany,0.6243,2024-02-22,S2B_33UVU_20240222_0_L2A,16,99.999976,1.0,1.0,
ftw-germany-005,fields-of-the-world,germany,0.6243,2024-04-10,S2A_33UVU_20240410_0_L2A,16,100,1.0,1.0,
ftw-germany-005,fields-of-the-world,germany,0.6243,2024-05-27,S2A_33UVU_20240527_0_L2A,16,76.062602,1.0,1.0,
ftw-germany-005,fields-of-the-world,germany,0.6243,2024-07-14,S2B_33UVU_20240714_0_L2A,16,39.875692,0.0,0.0,
ftw-germany-005,fields-of-the-world,germany,0.6243,2024-08-28,S2A_33UVU_20240828_0_L2A,16,2.591436,0.0,0.0,
ftw-germany-005,fields-of-the-world,germany,0.6243,2024-10-14,S2A_33UVU_20241014_0_L2A,16,60.129714,1.0,1.0,
ftw-germany-005,fields-of-the-world,germany,0.6243,2024-11-23,S2A_33UVU_20241123_0_L2A,16,94.50286,1.0,1.0,
ftw-germany-006,fields-of-the-world,germany,1.1405,2023-01-01,S2B_33UVU_20230101_0_L2A,26,100,1.0,1.0,
ftw-germany-006,fields-of-the-world,germany,1.1405,2023-02-15,S2A_33UVU_20230215_0_L2A,26,69.907796,1.0,1.0,
ftw-germany-006,fields-of-the-world,germany,1.1405,2023-04-03,S2A_33UVU_20230403_0_L2A,26,97.338706,1.0,1.0,
ftw-germany-006,fields-of-the-world,germany,1.1405,2023-05-18,S2B_33UVU_20230518_0_L2A,26,53.570485,0.7692307692307693,0.7692307692307693,
ftw-germany-006,fields-of-the-world,germany,1.1405,2023-07-05,S2A_33UVU_20230705_0_L2A,26,98.901337,1.0,1.0,
ftw-germany-006,fields-of-the-world,germany,1.1405,2023-08-19,S2B_33UVU_20230819_0_L2A,26,10.391542,0.5384615384615384,0.5384615384615384,
ftw-germany-006,fields-of-the-world,germany,1.1405,2023-10-05,S2B_33UVU_20231005_1_L2A,26,99.523711,1.0,1.0,
ftw-germany-006,fields-of-the-world,germany,1.1405,2023-11-19,S2A_33UVU_20231119_0_L2A,26,96.356839,1.0,1.0,
ftw-germany-006,fields-of-the-world,germany,1.1405,2024-01-08,S2A_33UVU_20240108_0_L2A,26,0.159923,0.0,0.0,
ftw-germany-006,fields-of-the-world,germany,1.1405,2024-02-22,S2B_33UVU_20240222_0_L2A,26,99.999976,1.0,1.0,
ftw-germany-006,fields-of-the-world,germany,1.1405,2024-04-10,S2A_33UVU_20240410_0_L2A,26,100,1.0,1.0,
ftw-germany-006,fields-of-the-world,germany,1.1405,2024-05-27,S2A_33UVU_20240527_0_L2A,26,76.062602,0.0,0.0,
ftw-germany-006,fields-of-the-world,germany,1.1405,2024-07-14,S2B_33UVU_20240714_0_L2A,26,39.875692,0.7692307692307693,0.7692307692307693,
ftw-germany-006,fields-of-the-world,germany,1.1405,2024-08-28,S2A_33UVU_20240828_0_L2A,26,2.591436,0.0,0.0,
ftw-germany-006,fields-of-the-world,germany,1.1405,2024-10-14,S2A_33UVU_20241014_0_L2A,26,60.129714,0.0,0.0,
ftw-germany-006,fields-of-the-world,germany,1.1405,2024-11-23,S2A_33UVU_20241123_0_L2A,26,94.50286,1.0,1.0,
ftw-germany-007,fields-of-the-world,germany,1.2641,2023-01-01,S2B_33UVU_20230101_0_L2A,30,100,1.0,1.0,
ftw-germany-007,fields-of-the-world,germany,1.2641,2023-02-15,S2A_33UVU_20230215_0_L2A,30,69.907796,1.0,1.0,
ftw-germany-007,fields-of-the-world,germany,1.2641,2023-04-03,S2A_33UVU_20230403_0_L2A,30,97.338706,1.0,1.0,
ftw-germany-007,fields-of-the-world,germany,1.2641,2023-05-18,S2B_33UVU_20230518_0_L2A,30,53.570485,0.7,0.7,
ftw-germany-007,fields-of-the-world,germany,1.2641,2023-07-05,S2A_33UVU_20230705_0_L2A,30,98.901337,1.0,1.0,
ftw-germany-007,fields-of-the-world,germany,1.2641,2023-08-19,S2B_33UVU_20230819_0_L2A,30,10.391542,0.7333333333333333,0.7333333333333333,
ftw-germany-007,fields-of-the-world,germany,1.2641,2023-10-05,S2B_33UVU_20231005_1_L2A,30,99.523711,1.0,1.0,
ftw-germany-007,fields-of-the-world,germany,1.2641,2023-11-19,S2A_33UVU_20231119_0_L2A,30,96.356839,1.0,1.0,
ftw-germany-007,fields-of-the-world,germany,1.2641,2024-01-08,S2A_33UVU_20240108_0_L2A,30,0.159923,0.0,0.0,
ftw-germany-007,fields-of-the-world,germany,1.2641,2024-02-22,S2B_33UVU_20240222_0_L2A,30,99.999976,1.0,1.0,
ftw-germany-007,fields-of-the-world,germany,1.2641,2024-04-10,S2A_33UVU_20240410_0_L2A,30,100,1.0,1.0,
ftw-germany-007,fields-of-the-world,germany,1.2641,2024-05-27,S2A_33UVU_20240527_0_L2A,30,76.062602,0.16666666666666666,0.16666666666666666,
ftw-germany-007,fields-of-the-world,germany,1.2641,2024-07-14,S2B_33UVU_20240714_0_L2A,30,39.875692,0.8,0.8,
ftw-germany-007,fields-of-the-world,germany,1.2641,2024-08-28,S2A_33UVU_20240828_0_L2A,30,2.591436,0.0,0.0,
ftw-germany-007,fields-of-the-world,germany,1.2641,2024-10-14,S2A_33UVU_20241014_0_L2A,30,60.129714,0.0,0.0,
ftw-germany-007,fields-of-the-world,germany,1.2641,2024-11-23,S2A_33UVU_20241123_0_L2A,30,94.50286,1.0,1.0,
ftw-germany-008,fields-of-the-world,germany,1.599,2023-01-01,S2B_33UVU_20230101_0_L2A,40,100,1.0,1.0,
ftw-germany-008,fields-of-the-world,germany,1.599,2023-02-15,S2A_33UVU_20230215_0_L2A,40,69.907796,1.0,1.0,
ftw-germany-008,fields-of-the-world,germany,1.599,2023-04-03,S2A_33UVU_20230403_0_L2A,40,97.338706,1.0,1.0,
ftw-germany-008,fields-of-the-world,germany,1.599,2023-05-18,S2B_33UVU_20230518_0_L2A,40,53.570485,1.0,1.0,
ftw-germany-008,fields-of-the-world,germany,1.599,2023-07-05,S2A_33UVU_20230705_0_L2A,40,98.901337,1.0,1.0,
ftw-germany-008,fields-of-the-world,germany,1.599,2023-08-19,S2B_33UVU_20230819_0_L2A,40,10.391542,0.0,0.0,
ftw-germany-008,fields-of-the-world,germany,1.599,2023-10-05,S2B_33UVU_20231005_1_L2A,40,99.523711,1.0,1.0,
ftw-germany-008,fields-of-the-world,germany,1.599,2023-11-19,S2A_33UVU_20231119_0_L2A,40,96.356839,1.0,1.0,
ftw-germany-008,fields-of-the-world,germany,1.599,2024-01-08,S2A_33UVU_20240108_0_L2A,40,0.159923,0.0,0.0,
ftw-germany-008,fields-of-the-world,germany,1.599,2024-02-22,S2B_33UVU_20240222_0_L2A,40,99.999976,1.0,1.0,
ftw-germany-008,fields-of-the-world,germany,1.599,2024-04-10,S2A_33UVU_20240410_0_L2A,40,100,1.0,1.0,
ftw-germany-008,fields-of-the-world,germany,1.599,2024-05-27,S2A_33UVU_20240527_0_L2A,40,76.062602,1.0,1.0,
ftw-germany-008,fields-of-the-world,germany,1.599,2024-07-14,S2B_33UVU_20240714_0_L2A,40,39.875692,0.0,0.0,
ftw-germany-008,fields-of-the-world,germany,1.599,2024-08-28,S2A_33UVU_20240828_0_L2A,40,2.591436,0.0,0.0,
ftw-germany-008,fields-of-the-world,germany,1.599,2024-10-14,S2A_33UVU_20241014_0_L2A,40,60.129714,1.0,1.0,
ftw-germany-008,fields-of-the-world,germany,1.599,2024-11-23,S2A_33UVU_20241123_0_L2A,40,94.50286,1.0,1.0,
ftw-germany-009,fields-of-the-world,germany,2.1902,2023-01-01,S2B_33UVU_20230101_0_L2A,50,100,1.0,1.0,
ftw-germany-009,fields-of-the-world,germany,2.1902,2023-02-15,S2A_33UVU_20230215_0_L2A,50,69.907796,1.0,1.0,
ftw-germany-009,fields-of-the-world,germany,2.1902,2023-04-03,S2A_33UVU_20230403_0_L2A,50,97.338706,1.0,1.0,
ftw-germany-009,fields-of-the-world,germany,2.1902,2023-05-18,S2B_33UVU_20230518_0_L2A,50,53.570485,1.0,1.0,
ftw-germany-009,fields-of-the-world,germany,2.1902,2023-07-05,S2A_33UVU_20230705_0_L2A,50,98.901337,1.0,1.0,
ftw-germany-009,fields-of-the-world,germany,2.1902,2023-08-19,S2B_33UVU_20230819_0_L2A,50,10.391542,0.0,0.0,
ftw-germany-009,fields-of-the-world,germany,2.1902,2023-10-05,S2B_33UVU_20231005_1_L2A,50,99.523711,1.0,1.0,
ftw-germany-009,fields-of-the-world,germany,2.1902,2023-11-19,S2A_33UVU_20231119_0_L2A,50,96.356839,1.0,1.0,
ftw-germany-009,fields-of-the-world,germany,2.1902,2024-01-08,S2A_33UVU_20240108_0_L2A,50,0.159923,0.0,0.0,
ftw-germany-009,fields-of-the-world,germany,2.1902,2024-02-22,S2B_33UVU_20240222_0_L2A,50,99.999976,1.0,1.0,
ftw-germany-009,fields-of-the-world,germany,2.1902,2024-04-10,S2A_33UVU_20240410_0_L2A,50,100,1.0,1.0,
ftw-germany-009,fields-of-the-world,germany,2.1902,2024-05-27,S2A_33UVU_20240527_0_L2A,50,76.062602,1.0,1.0,
ftw-germany-009,fields-of-the-world,germany,2.1902,2024-07-14,S2B_33UVU_20240714_0_L2A,50,39.875692,0.46,0.46,
ftw-germany-009,fields-of-the-world,germany,2.1902,2024-08-28,S2A_33UVU_20240828_0_L2A,50,2.591436,0.0,0.0,
ftw-germany-009,fields-of-the-world,germany,2.1902,2024-10-14,S2A_33UVU_20241014_0_L2A,50,60.129714,1.0,1.0,
ftw-germany-009,fields-of-the-world,germany,2.1902,2024-11-23,S2A_33UVU_20241123_0_L2A,50,94.50286,1.0,1.0,
ftw-germany-010,fields-of-the-world,germany,2.32,2023-01-01,S2B_33UVU_20230101_0_L2A,60,100,1.0,1.0,
ftw-germany-010,fields-of-the-world,germany,2.32,2023-02-15,S2A_33UVU_20230215_0_L2A,60,69.907796,1.0,1.0,
ftw-germany-010,fields-of-the-world,germany,2.32,2023-04-03,S2A_33UVU_20230403_0_L2A,60,97.338706,1.0,1.0,
ftw-germany-010,fields-of-the-world,germany,2.32,2023-05-18,S2B_33UVU_20230518_0_L2A,60,53.570485,0.5,0.5,
ftw-germany-010,fields-of-the-world,germany,2.32,2023-07-05,S2A_33UVU_20230705_0_L2A,60,98.901337,1.0,1.0,
ftw-germany-010,fields-of-the-world,germany,2.32,2023-08-19,S2B_33UVU_20230819_0_L2A,60,10.391542,0.95,0.95,
ftw-germany-010,fields-of-the-world,germany,2.32,2023-10-05,S2B_33UVU_20231005_1_L2A,60,99.523711,1.0,1.0,
ftw-germany-010,fields-of-the-world,germany,2.32,2023-11-19,S2A_33UVU_20231119_0_L2A,60,96.356839,1.0,1.0,
ftw-germany-010,fields-of-the-world,germany,2.32,2024-01-08,S2A_33UVU_20240108_0_L2A,60,0.159923,0.0,0.0,
ftw-germany-010,fields-of-the-world,germany,2.32,2024-02-22,S2B_33UVU_20240222_0_L2A,60,99.999976,1.0,1.0,
ftw-germany-010,fields-of-the-world,germany,2.32,2024-04-10,S2A_33UVU_20240410_0_L2A,60,100,1.0,1.0,
ftw-germany-010,fields-of-the-world,germany,2.32,2024-05-27,S2A_33UVU_20240527_0_L2A,60,76.062602,0.7666666666666667,0.7666666666666667,
ftw-germany-010,fields-of-the-world,germany,2.32,2024-07-14,S2B_33UVU_20240714_0_L2A,60,39.875692,1.0,1.0,
ftw-germany-010,fields-of-the-world,germany,2.32,2024-08-28,S2A_33UVU_20240828_0_L2A,60,2.591436,0.0,0.0,
ftw-germany-010,fields-of-the-world,germany,2.32,2024-10-14,S2A_33UVU_20241014_0_L2A,60,60.129714,0.0,0.0,
ftw-germany-010,fields-of-the-world,germany,2.32,2024-11-23,S2A_33UVU_20241123_0_L2A,60,94.50286,1.0,1.0,
ftw-germany-011,fields-of-the-world,germany,3.1164,2023-01-01,S2B_33UVU_20230101_0_L2A,73,100,1.0,1.0,
ftw-germany-011,fields-of-the-world,germany,3.1164,2023-02-15,S2A_33UVU_20230215_0_L2A,73,69.907796,1.0,1.0,
ftw-germany-011,fields-of-the-world,germany,3.1164,2023-04-03,S2A_33UVU_20230403_0_L2A,73,97.338706,1.0,1.0,
ftw-germany-011,fields-of-the-world,germany,3.1164,2023-05-18,S2B_33UVU_20230518_0_L2A,73,53.570485,1.0,1.0,
ftw-germany-011,fields-of-the-world,germany,3.1164,2023-07-05,S2A_33UVU_20230705_0_L2A,73,98.901337,1.0,1.0,
ftw-germany-011,fields-of-the-world,germany,3.1164,2023-08-19,S2B_33UVU_20230819_0_L2A,73,10.391542,0.1780821917808219,0.1780821917808219,
ftw-germany-011,fields-of-the-world,germany,3.1164,2023-10-05,S2B_33UVU_20231005_1_L2A,73,99.523711,1.0,1.0,
ftw-germany-011,fields-of-the-world,germany,3.1164,2023-11-19,S2A_33UVU_20231119_0_L2A,73,96.356839,1.0,1.0,
ftw-germany-011,fields-of-the-world,germany,3.1164,2024-01-08,S2A_33UVU_20240108_0_L2A,73,0.159923,0.0,0.0,
ftw-germany-011,fields-of-the-world,germany,3.1164,2024-02-22,S2B_33UVU_20240222_0_L2A,73,99.999976,1.0,1.0,
ftw-germany-011,fields-of-the-world,germany,3.1164,2024-04-10,S2A_33UVU_20240410_0_L2A,73,100,1.0,1.0,
ftw-germany-011,fields-of-the-world,germany,3.1164,2024-05-27,S2A_33UVU_20240527_0_L2A,73,76.062602,1.0,1.0,
ftw-germany-011,fields-of-the-world,germany,3.1164,2024-07-14,S2B_33UVU_20240714_0_L2A,73,39.875692,0.0136986301369863,0.0136986301369863,
ftw-germany-011,fields-of-the-world,germany,3.1164,2024-08-28,S2A_33UVU_20240828_0_L2A,73,2.591436,0.0,0.0,
ftw-germany-011,fields-of-the-world,germany,3.1164,2024-10-14,S2A_33UVU_20241014_0_L2A,73,60.129714,1.0,1.0,
ftw-germany-011,fields-of-the-world,germany,3.1164,2024-11-23,S2A_33UVU_20241123_0_L2A,73,94.50286,1.0,1.0,
ftw-germany-012,fields-of-the-world,germany,4.4753,2023-01-01,S2B_33UVU_20230101_0_L2A,113,100,1.0,1.0,
ftw-germany-012,fields-of-the-world,germany,4.4753,2023-02-15,S2A_33UVU_20230215_0_L2A,113,69.907796,1.0,1.0,
ftw-germany-012,fields-of-the-world,germany,4.4753,2023-04-03,S2A_33UVU_20230403_0_L2A,113,97.338706,1.0,1.0,
ftw-germany-012,fields-of-the-world,germany,4.4753,2023-05-18,S2B_33UVU_20230518_0_L2A,113,53.570485,1.0,1.0,
ftw-germany-012,fields-of-the-world,germany,4.4753,2023-07-05,S2A_33UVU_20230705_0_L2A,113,98.901337,1.0,1.0,
ftw-germany-012,fields-of-the-world,germany,4.4753,2023-08-19,S2B_33UVU_20230819_0_L2A,113,10.391542,0.0,0.0,
ftw-germany-012,fields-of-the-world,germany,4.4753,2023-10-05,S2B_33UVU_20231005_1_L2A,113,99.523711,1.0,1.0,
ftw-germany-012,fields-of-the-world,germany,4.4753,2023-11-19,S2A_33UVU_20231119_0_L2A,113,96.356839,1.0,1.0,
ftw-germany-012,fields-of-the-world,germany,4.4753,2024-01-08,S2A_33UVU_20240108_0_L2A,113,0.159923,0.0,0.0,
ftw-germany-012,fields-of-the-world,germany,4.4753,2024-02-22,S2B_33UVU_20240222_0_L2A,113,99.999976,1.0,1.0,
ftw-germany-012,fields-of-the-world,germany,4.4753,2024-04-10,S2A_33UVU_20240410_0_L2A,113,100,1.0,1.0,
ftw-germany-012,fields-of-the-world,germany,4.4753,2024-05-27,S2A_33UVU_20240527_0_L2A,113,76.062602,1.0,1.0,
ftw-germany-012,fields-of-the-world,germany,4.4753,2024-07-14,S2B_33UVU_20240714_0_L2A,113,39.875692,0.9026548672566371,0.9026548672566371,
ftw-germany-012,fields-of-the-world,germany,4.4753,2024-08-28,S2A_33UVU_20240828_0_L2A,113,2.591436,0.0,0.0,
ftw-germany-012,fields-of-the-world,germany,4.4753,2024-10-14,S2A_33UVU_20241014_0_L2A,113,60.129714,0.2831858407079646,0.2831858407079646,
ftw-germany-012,fields-of-the-world,germany,4.4753,2024-11-23,S2A_33UVU_20241123_0_L2A,113,94.50286,1.0,1.0,
ftw-germany-013,fields-of-the-world,germany,5.1544,2023-01-01,S2B_33UVU_20230101_0_L2A,128,100,1.0,1.0,
ftw-germany-013,fields-of-the-world,germany,5.1544,2023-02-15,S2A_33UVU_20230215_0_L2A,128,69.907796,1.0,1.0,
ftw-germany-013,fields-of-the-world,germany,5.1544,2023-04-03,S2A_33UVU_20230403_0_L2A,128,97.338706,1.0,1.0,
ftw-germany-013,fields-of-the-world,germany,5.1544,2023-05-18,S2B_33UVU_20230518_0_L2A,128,53.570485,1.0,1.0,
ftw-germany-013,fields-of-the-world,germany,5.1544,2023-07-05,S2A_33UVU_20230705_0_L2A,128,98.901337,1.0,1.0,
ftw-germany-013,fields-of-the-world,germany,5.1544,2023-08-19,S2B_33UVU_20230819_0_L2A,128,10.391542,0.0,0.0,
ftw-germany-013,fields-of-the-world,germany,5.1544,2023-10-05,S2B_33UVU_20231005_1_L2A,128,99.523711,1.0,1.0,
ftw-germany-013,fields-of-the-world,germany,5.1544,2023-11-19,S2A_33UVU_20231119_0_L2A,128,96.356839,1.0,1.0,
ftw-germany-013,fields-of-the-world,germany,5.1544,2024-01-08,S2A_33UVU_20240108_0_L2A,128,0.159923,0.0078125,0.0078125,
ftw-germany-013,fields-of-the-world,germany,5.1544,2024-02-22,S2B_33UVU_20240222_0_L2A,128,99.999976,1.0,1.0,
ftw-germany-013,fields-of-the-world,germany,5.1544,2024-04-10,S2A_33UVU_20240410_0_L2A,128,100,1.0,1.0,
ftw-germany-013,fields-of-the-world,germany,5.1544,2024-05-27,S2A_33UVU_20240527_0_L2A,128,76.062602,1.0,1.0,
ftw-germany-013,fields-of-the-world,germany,5.1544,2024-07-14,S2B_33UVU_20240714_0_L2A,128,39.875692,1.0,1.0,
ftw-germany-013,fields-of-the-world,germany,5.1544,2024-08-28,S2A_33UVU_20240828_0_L2A,128,2.591436,0.0,0.0,
ftw-germany-013,fields-of-the-world,germany,5.1544,2024-10-14,S2A_33UVU_20241014_0_L2A,128,60.129714,0.3671875,0.3671875,
ftw-germany-013,fields-of-the-world,germany,5.1544,2024-11-23,S2A_33UVU_20241123_0_L2A,128,94.50286,1.0,1.0,
ftw-germany-014,fields-of-the-world,germany,5.7528,2023-01-01,S2B_33UVU_20230101_0_L2A,145,100,1.0,1.0,
ftw-germany-014,fields-of-the-world,germany,5.7528,2023-02-15,S2A_33UVU_20230215_0_L2A,145,69.907796,1.0,1.0,
ftw-germany-014,fields-of-the-world,germany,5.7528,2023-04-03,S2A_33UVU_20230403_0_L2A,145,97.338706,1.0,1.0,
ftw-germany-014,fields-of-the-world,germany,5.7528,2023-05-18,S2B_33UVU_20230518_0_L2A,145,53.570485,1.0,1.0,
ftw-germany-014,fields-of-the-world,germany,5.7528,2023-07-05,S2A_33UVU_20230705_0_L2A,145,98.901337,1.0,1.0,
ftw-germany-014,fields-of-the-world,germany,5.7528,2023-08-19,S2B_33UVU_20230819_0_L2A,145,10.391542,0.0,0.0,
ftw-germany-014,fields-of-the-world,germany,5.7528,2023-10-05,S2B_33UVU_20231005_1_L2A,145,99.523711,1.0,1.0,
ftw-germany-014,fields-of-the-world,germany,5.7528,2023-11-19,S2A_33UVU_20231119_0_L2A,145,96.356839,1.0,1.0,
ftw-germany-014,fields-of-the-world,germany,5.7528,2024-01-08,S2A_33UVU_20240108_0_L2A,145,0.159923,0.0,0.0,
ftw-germany-014,fields-of-the-world,germany,5.7528,2024-02-22,S2B_33UVU_20240222_0_L2A,145,99.999976,1.0,1.0,
ftw-germany-014,fields-of-the-world,germany,5.7528,2024-04-10,S2A_33UVU_20240410_0_L2A,145,100,1.0,1.0,
ftw-germany-014,fields-of-the-world,germany,5.7528,2024-05-27,S2A_33UVU_20240527_0_L2A,145,76.062602,1.0,1.0,
ftw-germany-014,fields-of-the-world,germany,5.7528,2024-07-14,S2B_33UVU_20240714_0_L2A,145,39.875692,0.5103448275862069,0.5103448275862069,
ftw-germany-014,fields-of-the-world,germany,5.7528,2024-08-28,S2A_33UVU_20240828_0_L2A,145,2.591436,0.0,0.0,
ftw-germany-014,fields-of-the-world,germany,5.7528,2024-10-14,S2A_33UVU_20241014_0_L2A,145,60.129714,1.0,1.0,
ftw-germany-014,fields-of-the-world,germany,5.7528,2024-11-23,S2A_33UVU_20241123_0_L2A,145,94.50286,1.0,1.0,
ftw-germany-015,fields-of-the-world,germany,8.3049,2023-01-01,S2B_33UVU_20230101_0_L2A,206,100,1.0,1.0,
ftw-germany-015,fields-of-the-world,germany,8.3049,2023-02-15,S2A_33UVU_20230215_0_L2A,206,69.907796,1.0,1.0,
ftw-germany-015,fields-of-the-world,germany,8.3049,2023-04-03,S2A_33UVU_20230403_0_L2A,206,97.338706,1.0,1.0,
ftw-germany-015,fields-of-the-world,germany,8.3049,2023-05-18,S2B_33UVU_20230518_0_L2A,206,53.570485,0.616504854368932,0.616504854368932,
ftw-germany-015,fields-of-the-world,germany,8.3049,2023-07-05,S2A_33UVU_20230705_0_L2A,206,98.901337,1.0,1.0,
ftw-germany-015,fields-of-the-world,germany,8.3049,2023-08-19,S2B_33UVU_20230819_0_L2A,206,10.391542,0.0,0.0,
ftw-germany-015,fields-of-the-world,germany,8.3049,2023-10-05,S2B_33UVU_20231005_1_L2A,206,99.523711,1.0,1.0,
ftw-germany-015,fields-of-the-world,germany,8.3049,2023-11-19,S2A_33UVU_20231119_0_L2A,206,96.356839,1.0,1.0,
ftw-germany-015,fields-of-the-world,germany,8.3049,2024-01-08,S2A_33UVU_20240108_0_L2A,206,0.159923,0.009708737864077669,0.009708737864077669,
ftw-germany-015,fields-of-the-world,germany,8.3049,2024-02-22,S2B_33UVU_20240222_0_L2A,206,99.999976,1.0,1.0,
ftw-germany-015,fields-of-the-world,germany,8.3049,2024-04-10,S2A_33UVU_20240410_0_L2A,206,100,1.0,1.0,
ftw-germany-015,fields-of-the-world,germany,8.3049,2024-05-27,S2A_33UVU_20240527_0_L2A,206,76.062602,1.0,1.0,
ftw-germany-015,fields-of-the-world,germany,8.3049,2024-07-14,S2B_33UVU_20240714_0_L2A,206,39.875692,0.0,0.0,
ftw-germany-015,fields-of-the-world,germany,8.3049,2024-08-28,S2A_33UVU_20240828_0_L2A,206,2.591436,0.0,0.0,
ftw-germany-015,fields-of-the-world,germany,8.3049,2024-10-14,S2A_33UVU_20241014_0_L2A,206,60.129714,0.0,0.0,
ftw-germany-015,fields-of-the-world,germany,8.3049,2024-11-23,S2A_33UVU_20241123_0_L2A,206,94.50286,1.0,1.0,
ftw-germany-016,fields-of-the-world,germany,11.6179,2023-01-01,S2B_33UVU_20230101_0_L2A,288,100,1.0,1.0,
ftw-germany-016,fields-of-the-world,germany,11.6179,2023-02-15,S2A_33UVU_20230215_0_L2A,288,69.907796,0.0,0.0,
ftw-germany-016,fields-of-the-world,germany,11.6179,2023-04-03,S2A_33UVU_20230403_0_L2A,288,97.338706,1.0,1.0,
ftw-germany-016,fields-of-the-world,germany,11.6179,2023-05-21,S2B_33UVU_20230521_0_L2A,288,83.01034,1.0,1.0,
ftw-germany-016,fields-of-the-world,germany,11.6179,2023-07-07,S2B_33UVU_20230707_0_L2A,288,13.517801,0.0,0.0,
ftw-germany-016,fields-of-the-world,germany,11.6179,2023-08-21,S2A_33UVU_20230821_0_L2A,288,61.968976,1.0,1.0,
ftw-germany-016,fields-of-the-world,germany,11.6179,2023-10-08,S2B_33UVU_20231008_0_L2A,288,19.174255,0.0,0.0,
ftw-germany-016,fields-of-the-world,germany,11.6179,2023-11-24,S2B_33UVU_20231124_0_L2A,288,59.058475,1.0,1.0,
ftw-germany-016,fields-of-the-world,germany,11.6179,2024-01-13,S2B_33UVU_20240113_0_L2A,288,99.999583,1.0,1.0,
ftw-germany-016,fields-of-the-world,germany,11.6179,2024-02-27,S2A_33UVU_20240227_0_L2A,288,100,1.0,1.0,
ftw-germany-016,fields-of-the-world,germany,11.6179,2024-04-15,S2B_33UVU_20240415_0_L2A,288,96.56449,1.0,1.0,
ftw-germany-016,fields-of-the-world,germany,11.6179,2024-06-04,S2B_33UVU_20240604_0_L2A,288,97.085851,0.5833333333333334,0.5833333333333334,
ftw-germany-016,fields-of-the-world,germany,11.6179,2024-07-21,S2B_33UVU_20240721_0_L2A,288,0.207172,0.0,0.0,
ftw-germany-016,fields-of-the-world,germany,11.6179,2024-09-04,S2A_33UVU_20240904_0_L2A,288,0.953799,0.0,0.0,
ftw-germany-016,fields-of-the-world,germany,11.6179,2024-10-22,S2B_33UVU_20241022_0_L2A,288,97.565317,1.0,1.0,
ftw-germany-016,fields-of-the-world,germany,11.6179,2024-11-26,S2A_33UVU_20241126_0_L2A,288,90.939045,1.0,1.0,
ftw-germany-017,fields-of-the-world,germany,16.4969,2023-01-01,S2B_33UVU_20230101_0_L2A,404,100,1.0,1.0,
ftw-germany-017,fields-of-the-world,germany,16.4969,2023-02-15,S2A_33UVU_20230215_0_L2A,404,69.907796,0.0,0.0,
ftw-germany-017,fields-of-the-world,germany,16.4969,2023-04-03,S2A_33UVU_20230403_0_L2A,404,97.338706,1.0,1.0,
ftw-germany-017,fields-of-the-world,germany,16.4969,2023-05-21,S2B_33UVU_20230521_0_L2A,404,83.01034,1.0,1.0,
ftw-germany-017,fields-of-the-world,germany,16.4969,2023-07-05,S2A_33UVU_20230705_0_L2A,404,98.901337,1.0,1.0,
ftw-germany-017,fields-of-the-world,germany,16.4969,2023-08-21,S2A_33UVU_20230821_0_L2A,404,61.968976,1.0,1.0,
ftw-germany-017,fields-of-the-world,germany,16.4969,2023-10-08,S2B_33UVU_20231008_0_L2A,404,19.174255,0.0,0.0,
ftw-germany-017,fields-of-the-world,germany,16.4969,2023-11-22,S2A_33UVU_20231122_0_L2A,404,87.425119,0.8564356435643564,0.8564356435643564,
ftw-germany-017,fields-of-the-world,germany,16.4969,2024-01-11,S2A_33UVU_20240111_0_L2A,404,99.447334,1.0,1.0,
ftw-germany-017,fields-of-the-world,germany,16.4969,2024-02-27,S2A_33UVU_20240227_0_L2A,404,100,1.0,1.0,
ftw-germany-017,fields-of-the-world,germany,16.4969,2024-04-12,S2B_33UVU_20240412_0_L2A,404,99.383038,1.0,1.0,
ftw-germany-017,fields-of-the-world,germany,16.4969,2024-06-01,S2B_33UVU_20240601_0_L2A,404,31.126076,1.0,1.0,
ftw-germany-017,fields-of-the-world,germany,16.4969,2024-07-19,S2A_33UVU_20240719_0_L2A,404,31.004059,0.01485148514851485,0.01485148514851485,
ftw-germany-017,fields-of-the-world,germany,16.4969,2024-09-02,S2B_33UVU_20240902_0_L2A,404,28.387296,0.10891089108910891,0.10891089108910891,
ftw-germany-017,fields-of-the-world,germany,16.4969,2024-10-19,S2B_33UVU_20241019_0_L2A,404,69.753289,1.0,1.0,
ftw-germany-017,fields-of-the-world,germany,16.4969,2024-11-26,S2A_33UVU_20241126_0_L2A,404,90.939045,1.0,1.0,
ftw-india-000,fields-of-the-world,india,0.2054,2023-01-05,S2B_44PLS_20230105_0_L2A,3,65.435869,1.0,1.0,
ftw-india-000,fields-of-the-world,india,0.2054,2023-02-19,S2A_44PLS_20230219_0_L2A,3,18.604271,1.0,1.0,
ftw-india-000,fields-of-the-world,india,0.2054,2023-04-05,S2B_44PLS_20230405_0_L2A,3,46.672222,0.0,0.0,
ftw-india-000,fields-of-the-world,india,0.2054,2023-05-20,S2A_44PLS_20230520_0_L2A,3,23.444679,0.0,0.0,
ftw-india-000,fields-of-the-world,india,0.2054,2023-07-04,S2B_44PLS_20230704_0_L2A,3,100,1.0,1.0,
ftw-india-000,fields-of-the-world,india,0.2054,2023-08-18,S2A_44PLS_20230818_0_L2A,3,79.829752,1.0,1.0,
ftw-india-000,fields-of-the-world,india,0.2054,2023-10-02,S2B_44PLS_20231002_0_L2A,3,9.840073,0.0,0.0,
ftw-india-000,fields-of-the-world,india,0.2054,2023-11-16,S2A_44PLS_20231116_0_L2A,3,89.599359,1.0,1.0,
ftw-india-000,fields-of-the-world,india,0.2054,2023-12-31,S2B_44PLS_20231231_0_L2A,3,25.495684,1.0,1.0,
ftw-india-000,fields-of-the-world,india,0.2054,2024-02-14,S2A_44PLS_20240214_0_L2A,3,21.192564,1.0,1.0,
ftw-india-000,fields-of-the-world,india,0.2054,2024-03-30,S2B_44PLS_20240330_0_L2A,3,4.167687,0.0,0.0,
ftw-india-000,fields-of-the-world,india,0.2054,2024-05-14,S2A_44PLS_20240514_0_L2A,3,82.584143,1.0,1.0,
ftw-india-000,fields-of-the-world,india,0.2054,2024-06-28,S2B_44PLS_20240628_0_L2A,3,31.527507,0.0,0.0,
ftw-india-000,fields-of-the-world,india,0.2054,2024-08-12,S2A_44PLS_20240812_0_L2A,3,9.633826,0.0,0.0,
ftw-india-000,fields-of-the-world,india,0.2054,2024-10-01,S2A_44PLS_20241001_0_L2A,3,12.160295,1.0,1.0,
ftw-india-000,fields-of-the-world,india,0.2054,2024-11-15,S2B_44PLS_20241115_1_L2A,3,98.952216,1.0,1.0,
ftw-india-001,fields-of-the-world,india,0.2647,2023-01-04,S2B_43PDT_20230104_1_L2A,6,0.000212,0.0,0.0,
ftw-india-001,fields-of-the-world,india,0.2647,2023-02-18,S2A_43PDT_20230218_0_L2A,6,0.000106,0.0,0.0,
ftw-india-001,fields-of-the-world,india,0.2647,2023-04-04,S2B_43PDT_20230404_0_L2A,6,0.116039,0.0,0.0,
ftw-india-001,fields-of-the-world,india,0.2647,2023-05-19,S2A_43PDT_20230519_0_L2A,6,11.285958,0.0,0.0,
ftw-india-001,fields-of-the-world,india,0.2647,2023-07-08,S2A_43PDT_20230708_0_L2A,6,99.999994,1.0,1.0,
ftw-india-001,fields-of-the-world,india,0.2647,2023-08-22,S2B_43PDT_20230822_0_L2A,6,43.972135,0.0,0.0,
ftw-india-001,fields-of-the-world,india,0.2647,2023-10-06,S2A_43PDT_20231006_0_L2A,6,24.907717,0.0,0.0,
ftw-india-001,fields-of-the-world,india,0.2647,2023-11-20,S2B_43PDT_20231120_0_L2A,6,39.087072,1.0,1.0,
ftw-india-001,fields-of-the-world,india,0.2647,2024-01-09,S2B_43PDT_20240109_0_L2A,6,99.395537,1.0,1.0,
ftw-india-001,fields-of-the-world,india,0.2647,2024-02-23,S2A_43PDT_20240223_0_L2A,6,0.000146,0.0,0.0,
ftw-india-001,fields-of-the-world,india,0.2647,2024-04-08,S2B_43PDT_20240408_0_L2A,6,6.00678,0.0,0.0,
ftw-india-001,fields-of-the-world,india,0.2647,2024-05-23,S2A_43PDT_20240523_0_L2A,6,92.800969,1.0,1.0,
ftw-india-001,fields-of-the-world,india,0.2647,2024-07-12,S2A_43PDT_20240712_0_L2A,6,99.999934,1.0,1.0,
ftw-india-001,fields-of-the-world,india,0.2647,2024-08-26,S2B_43PDT_20240826_0_L2A,6,87.05976,1.0,1.0,
ftw-india-001,fields-of-the-world,india,0.2647,2024-10-10,S2A_43PDT_20241010_0_L2A,6,92.708212,1.0,1.0,
ftw-india-001,fields-of-the-world,india,0.2647,2024-11-24,S2B_43PDT_20241124_0_L2A,6,6.225618,0.0,0.0,
ftw-india-002,fields-of-the-world,india,0.3556,2023-01-01,S2B_43PFR_20230101_0_L2A,4,0.038975,0.0,0.0,
ftw-india-002,fields-of-the-world,india,0.3556,2023-02-15,S2A_43PFR_20230215_0_L2A,4,0.000192,0.0,0.0,
ftw-india-002,fields-of-the-world,india,0.3556,2023-04-01,S2B_43PFR_20230401_0_L2A,4,3.393472,0.0,0.0,
ftw-india-002,fields-of-the-world,india,0.3556,2023-05-16,S2A_43PFR_20230516_0_L2A,4,0.022787,0.0,0.0,
ftw-india-002,fields-of-the-world,india,0.3556,2023-07-05,S2A_43PFR_20230705_0_L2A,4,98.488706,1.0,1.0,
ftw-india-002,fields-of-the-world,india,0.3556,2023-08-19,S2B_43PFR_20230819_0_L2A,4,98.470968,1.0,1.0,
ftw-india-002,fields-of-the-world,india,0.3556,2023-10-03,S2A_43PFR_20231003_0_L2A,4,19.682008,0.75,0.75,
ftw-india-002,fields-of-the-world,india,0.3556,2023-11-22,S2A_43PFR_20231122_0_L2A,4,100,1.0,1.0,
ftw-india-002,fields-of-the-world,india,0.3556,2024-01-06,S2B_43PFR_20240106_0_L2A,4,39.524966,1.0,1.0,
ftw-india-002,fields-of-the-world,india,0.3556,2024-02-20,S2A_43PFR_20240220_0_L2A,4,0.712015,0.0,0.0,
ftw-india-002,fields-of-the-world,india,0.3556,2024-04-10,S2A_43PFR_20240410_0_L2A,4,0.281257,0.0,0.0,
ftw-india-002,fields-of-the-world,india,0.3556,2024-05-25,S2B_43PFR_20240525_0_L2A,4,93.908143,1.0,1.0,
ftw-india-002,fields-of-the-world,india,0.3556,2024-07-09,S2A_43PFR_20240709_0_L2A,4,59.382349,1.0,1.0,
ftw-india-002,fields-of-the-world,india,0.3556,2024-08-28,S2A_43PFR_20240828_0_L2A,4,83.665681,1.0,1.0,
ftw-india-002,fields-of-the-world,india,0.3556,2024-10-12,S2B_43PFR_20241012_0_L2A,4,56.187499,0.0,0.0,
ftw-india-002,fields-of-the-world,india,0.3556,2024-11-26,S2A_43PFR_20241126_0_L2A,4,66.320831,1.0,1.0,
ftw-india-003,fields-of-the-world,india,0.5865,2023-01-01,S2B_43PFR_20230101_0_L2A,12,0.038975,0.0,0.0,
ftw-india-003,fields-of-the-world,india,0.5865,2023-02-15,S2A_43PFR_20230215_0_L2A,12,0.000192,0.0,0.0,
ftw-india-003,fields-of-the-world,india,0.5865,2023-04-01,S2B_43PFR_20230401_0_L2A,12,3.393472,0.0,0.0,
ftw-india-003,fields-of-the-world,india,0.5865,2023-05-16,S2A_43PFR_20230516_0_L2A,12,0.022787,0.0,0.0,
ftw-india-003,fields-of-the-world,india,0.5865,2023-07-05,S2A_43PFR_20230705_0_L2A,12,98.488706,1.0,1.0,
ftw-india-003,fields-of-the-world,india,0.5865,2023-08-19,S2B_43PFR_20230819_0_L2A,12,98.470968,1.0,1.0,
ftw-india-003,fields-of-the-world,india,0.5865,2023-10-03,S2A_43PFR_20231003_0_L2A,12,19.682008,1.0,1.0,
ftw-india-003,fields-of-the-world,india,0.5865,2023-11-22,S2A_43PFR_20231122_0_L2A,12,100,1.0,1.0,
ftw-india-003,fields-of-the-world,india,0.5865,2024-01-06,S2B_43PFR_20240106_0_L2A,12,39.524966,1.0,1.0,
ftw-india-003,fields-of-the-world,india,0.5865,2024-02-20,S2A_43PFR_20240220_0_L2A,12,0.712015,0.0,0.0,
ftw-india-003,fields-of-the-world,india,0.5865,2024-04-10,S2A_43PFR_20240410_0_L2A,12,0.281257,0.0,0.0,
ftw-india-003,fields-of-the-world,india,0.5865,2024-05-25,S2B_43PFR_20240525_0_L2A,12,93.908143,1.0,1.0,
ftw-india-003,fields-of-the-world,india,0.5865,2024-07-09,S2A_43PFR_20240709_0_L2A,12,59.382349,1.0,1.0,
ftw-india-003,fields-of-the-world,india,0.5865,2024-08-28,S2A_43PFR_20240828_0_L2A,12,83.665681,1.0,1.0,
ftw-india-003,fields-of-the-world,india,0.5865,2024-10-12,S2B_43PFR_20241012_0_L2A,12,56.187499,0.0,0.0,
ftw-india-003,fields-of-the-world,india,0.5865,2024-11-26,S2A_43PFR_20241126_0_L2A,12,66.320831,1.0,1.0,
ftw-india-004,fields-of-the-world,india,0.6059,2023-01-01,S2B_43QGC_20230101_0_L2A,13,0.000232,0.0,0.0,
ftw-india-004,fields-of-the-world,india,0.6059,2023-02-15,S2A_43QGC_20230215_0_L2A,13,0.000255,0.0,0.0,
ftw-india-004,fields-of-the-world,india,0.6059,2023-04-01,S2B_43QGC_20230401_0_L2A,13,0.832983,0.0,0.0,
ftw-india-004,fields-of-the-world,india,0.6059,2023-05-16,S2A_43QGC_20230516_0_L2A,13,0.235935,0.0,0.0,
ftw-india-004,fields-of-the-world,india,0.6059,2023-07-05,S2A_43QGC_20230705_0_L2A,13,99.064791,1.0,1.0,
ftw-india-004,fields-of-the-world,india,0.6059,2023-08-19,S2B_43QGC_20230819_0_L2A,13,100,1.0,1.0,
ftw-india-004,fields-of-the-world,india,0.6059,2023-10-03,S2A_43QGC_20231003_0_L2A,13,16.950975,0.0,0.0,
ftw-india-004,fields-of-the-world,india,0.6059,2023-11-22,S2A_43QGC_20231122_0_L2A,13,0.06856,0.0,0.0,
ftw-india-004,fields-of-the-world,india,0.6059,2024-01-06,S2B_43QGC_20240106_0_L2A,13,52.852261,1.0,1.0,
ftw-india-004,fields-of-the-world,india,0.6059,2024-02-20,S2A_43QGC_20240220_1_L2A,13,0.000707,0.0,0.0,
ftw-india-004,fields-of-the-world,india,0.6059,2024-04-10,S2A_43QGC_20240410_0_L2A,13,0.000322,0.0,0.0,
ftw-india-004,fields-of-the-world,india,0.6059,2024-05-25,S2B_43QGC_20240525_0_L2A,13,27.373198,0.0,0.0,
ftw-india-004,fields-of-the-world,india,0.6059,2024-07-09,S2A_43QGC_20240709_0_L2A,13,100,1.0,1.0,
ftw-india-004,fields-of-the-world,india,0.6059,2024-08-28,S2A_43QGC_20240828_0_L2A,13,41.209039,1.0,1.0,
ftw-india-004,fields-of-the-world,india,0.6059,2024-10-12,S2B_43QGC_20241012_0_L2A,13,60.164762,1.0,1.0,
ftw-india-004,fields-of-the-world,india,0.6059,2024-11-26,S2A_43QGC_20241126_0_L2A,13,26.409599,0.0,0.0,
ftw-india-005,fields-of-the-world,india,0.6285,2023-01-01,S2B_43QGC_20230101_0_L2A,16,0.000232,0.0,0.0,
ftw-india-005,fields-of-the-world,india,0.6285,2023-02-15,S2A_43QGC_20230215_0_L2A,16,0.000255,0.0,0.0,
ftw-india-005,fields-of-the-world,india,0.6285,2023-04-01,S2B_43QGC_20230401_0_L2A,16,0.832983,0.0,0.0,
ftw-india-005,fields-of-the-world,india,0.6285,2023-05-16,S2A_43QGC_20230516_0_L2A,16,0.235935,0.0,0.0,
ftw-india-005,fields-of-the-world,india,0.6285,2023-07-05,S2A_43QGC_20230705_0_L2A,16,99.064791,1.0,1.0,
ftw-india-005,fields-of-the-world,india,0.6285,2023-08-19,S2B_43QGC_20230819_0_L2A,16,100,1.0,1.0,
ftw-india-005,fields-of-the-world,india,0.6285,2023-10-03,S2A_43QGC_20231003_0_L2A,16,16.950975,0.0,0.0,
ftw-india-005,fields-of-the-world,india,0.6285,2023-11-22,S2A_43QGC_20231122_0_L2A,16,0.06856,0.0,0.0,
ftw-india-005,fields-of-the-world,india,0.6285,2024-01-06,S2B_43QGC_20240106_0_L2A,16,52.852261,1.0,1.0,
ftw-india-005,fields-of-the-world,india,0.6285,2024-02-20,S2A_43QGC_20240220_1_L2A,16,0.000707,0.0,0.0,
ftw-india-005,fields-of-the-world,india,0.6285,2024-04-10,S2A_43QGC_20240410_0_L2A,16,0.000322,0.0,0.0,
ftw-india-005,fields-of-the-world,india,0.6285,2024-05-25,S2B_43QGC_20240525_0_L2A,16,27.373198,0.0,0.0,
ftw-india-005,fields-of-the-world,india,0.6285,2024-07-09,S2A_43QGC_20240709_0_L2A,16,100,1.0,1.0,
ftw-india-005,fields-of-the-world,india,0.6285,2024-08-28,S2A_43QGC_20240828_0_L2A,16,41.209039,1.0,1.0,
ftw-india-005,fields-of-the-world,india,0.6285,2024-10-12,S2B_43QGC_20241012_0_L2A,16,60.164762,1.0,1.0,
ftw-india-005,fields-of-the-world,india,0.6285,2024-11-26,S2A_43QGC_20241126_0_L2A,16,26.409599,0.0,0.0,
ftw-india-006,fields-of-the-world,india,0.843,2023-01-01,S2B_43PFS_20230101_0_L2A,20,0.190165,0.0,0.0,
ftw-india-006,fields-of-the-world,india,0.843,2023-02-15,S2A_43PFS_20230215_0_L2A,20,0.000541,0.0,0.0,
ftw-india-006,fields-of-the-world,india,0.843,2023-04-01,S2B_43PFS_20230401_0_L2A,20,1.381276,0.0,0.0,
ftw-india-006,fields-of-the-world,india,0.843,2023-05-16,S2A_43PFS_20230516_0_L2A,20,0.044844,0.0,0.0,
ftw-india-006,fields-of-the-world,india,0.843,2023-07-05,S2A_43PFS_20230705_0_L2A,20,97.796953,1.0,1.0,
ftw-india-006,fields-of-the-world,india,0.843,2023-08-19,S2B_43PFS_20230819_0_L2A,20,99.651253,1.0,1.0,
ftw-india-006,fields-of-the-world,india,0.843,2023-10-03,S2A_43PFS_20231003_0_L2A,20,63.813889,0.0,0.0,
ftw-india-006,fields-of-the-world,india,0.843,2023-11-22,S2A_43PFS_20231122_0_L2A,20,92.615575,1.0,1.0,
ftw-india-006,fields-of-the-world,india,0.843,2024-01-06,S2B_43PFS_20240106_0_L2A,20,33.091033,0.0,0.0,
ftw-india-006,fields-of-the-world,india,0.843,2024-02-20,S2A_43PFS_20240220_0_L2A,20,0.141051,0.0,0.0,
ftw-india-006,fields-of-the-world,india,0.843,2024-04-10,S2A_43PFS_20240410_0_L2A,20,0.075268,0.0,0.0,
ftw-india-006,fields-of-the-world,india,0.843,2024-05-25,S2B_43PFS_20240525_0_L2A,20,91.668928,1.0,1.0,
ftw-india-006,fields-of-the-world,india,0.843,2024-07-09,S2A_43PFS_20240709_0_L2A,20,73.195153,1.0,1.0,
ftw-india-006,fields-of-the-world,india,0.843,2024-08-28,S2A_43PFS_20240828_0_L2A,20,88.378036,1.0,1.0,
ftw-india-006,fields-of-the-world,india,0.843,2024-10-12,S2B_43PFS_20241012_0_L2A,20,54.918438,1.0,1.0,
ftw-india-006,fields-of-the-world,india,0.843,2024-11-26,S2A_43PFS_20241126_0_L2A,20,27.843809,1.0,1.0,
ftw-india-007,fields-of-the-world,india,1.0961,2023-01-01,S2B_43PFR_20230101_0_L2A,25,0.038975,0.0,0.0,
ftw-india-007,fields-of-the-world,india,1.0961,2023-02-15,S2A_43PFR_20230215_0_L2A,25,0.000192,0.0,0.0,
ftw-india-007,fields-of-the-world,india,1.0961,2023-04-01,S2B_43PFR_20230401_0_L2A,25,3.393472,0.0,0.0,
ftw-india-007,fields-of-the-world,india,1.0961,2023-05-16,S2A_43PFR_20230516_0_L2A,25,0.022787,0.0,0.0,
ftw-india-007,fields-of-the-world,india,1.0961,2023-07-05,S2A_43PFR_20230705_0_L2A,25,98.488706,1.0,1.0,
ftw-india-007,fields-of-the-world,india,1.0961,2023-08-19,S2B_43PFR_20230819_0_L2A,25,98.470968,1.0,1.0,
ftw-india-007,fields-of-the-world,india,1.0961,2023-10-03,S2A_43PFR_20231003_0_L2A,25,19.682008,1.0,1.0,
ftw-india-007,fields-of-the-world,india,1.0961,2023-11-22,S2A_43PFR_20231122_0_L2A,25,100,1.0,1.0,
ftw-india-007,fields-of-the-world,india,1.0961,2024-01-06,S2B_43PFR_20240106_0_L2A,25,39.524966,1.0,1.0,
ftw-india-007,fields-of-the-world,india,1.0961,2024-02-20,S2A_43PFR_20240220_0_L2A,25,0.712015,0.0,0.0,
ftw-india-007,fields-of-the-world,india,1.0961,2024-04-10,S2A_43PFR_20240410_0_L2A,25,0.281257,0.0,0.0,
ftw-india-007,fields-of-the-world,india,1.0961,2024-05-25,S2B_43PFR_20240525_0_L2A,25,93.908143,1.0,1.0,
ftw-india-007,fields-of-the-world,india,1.0961,2024-07-09,S2A_43PFR_20240709_0_L2A,25,59.382349,1.0,1.0,
ftw-india-007,fields-of-the-world,india,1.0961,2024-08-28,S2A_43PFR_20240828_0_L2A,25,83.665681,1.0,1.0,
ftw-india-007,fields-of-the-world,india,1.0961,2024-10-12,S2B_43PFR_20241012_0_L2A,25,56.187499,0.0,0.0,
ftw-india-007,fields-of-the-world,india,1.0961,2024-11-26,S2A_43PFR_20241126_0_L2A,25,66.320831,1.0,1.0,
ftw-india-008,fields-of-the-world,india,1.1507,2023-01-01,S2B_43QGD_20230101_0_L2A,25,0.00073,0.0,0.0,
ftw-india-008,fields-of-the-world,india,1.1507,2023-02-15,S2A_43QGD_20230215_0_L2A,25,0.000531,0.0,0.0,
ftw-india-008,fields-of-the-world,india,1.1507,2023-04-01,S2B_43QFD_20230401_0_L2A,25,0.004654,0.0,0.0,
ftw-india-008,fields-of-the-world,india,1.1507,2023-05-16,S2A_43QFD_20230516_0_L2A,25,16.941459,0.0,0.0,
ftw-india-008,fields-of-the-world,india,1.1507,2023-07-05,S2A_43QGD_20230705_0_L2A,25,94.669485,1.0,1.0,
ftw-india-008,fields-of-the-world,india,1.1507,2023-08-19,S2B_43QFD_20230819_0_L2A,25,100,1.0,1.0,
ftw-india-008,fields-of-the-world,india,1.1507,2023-10-03,S2A_43QFD_20231003_1_L2A,25,25.601932,0.0,0.0,
ftw-india-008,fields-of-the-world,india,1.1507,2023-11-22,S2A_43QGD_20231122_0_L2A,25,5.337693,0.0,0.0,
ftw-india-008,fields-of-the-world,india,1.1507,2024-01-06,S2B_43QFD_20240106_0_L2A,25,96.164048,1.0,1.0,
ftw-india-008,fields-of-the-world,india,1.1507,2024-02-20,S2A_43QFD_20240220_1_L2A,25,0.000633,0.0,0.0,
ftw-india-008,fields-of-the-world,india,1.1507,2024-04-10,S2A_43QGD_20240410_0_L2A,25,12.641637,0.0,0.0,
ftw-india-008,fields-of-the-world,india,1.1507,2024-05-25,S2B_43QGD_20240525_0_L2A,25,16.641763,1.0,1.0,
ftw-india-008,fields-of-the-world,india,1.1507,2024-07-09,S2A_43QFD_20240709_0_L2A,25,99.909419,1.0,1.0,
ftw-india-008,fields-of-the-world,india,1.1507,2024-08-28,S2A_43QGD_20240828_0_L2A,25,51.754194,1.0,1.0,
ftw-india-008,fields-of-the-world,india,1.1507,2024-10-12,S2B_43QGD_20241012_0_L2A,25,72.505212,0.68,0.68,
ftw-india-008,fields-of-the-world,india,1.1507,2024-11-26,S2A_43QFD_20241126_0_L2A,25,0.000785,0.0,0.0,
ftw-india-009,fields-of-the-world,india,1.2217,2023-01-01,S2B_43QGD_20230101_0_L2A,29,0.00073,0.0,0.0,
ftw-india-009,fields-of-the-world,india,1.2217,2023-02-15,S2A_43QGD_20230215_0_L2A,29,0.000531,0.0,0.0,
ftw-india-009,fields-of-the-world,india,1.2217,2023-04-01,S2B_43QFD_20230401_0_L2A,29,0.004654,0.0,0.0,
ftw-india-009,fields-of-the-world,india,1.2217,2023-05-16,S2A_43QFD_20230516_0_L2A,29,16.941459,0.0,0.0,
ftw-india-009,fields-of-the-world,india,1.2217,2023-07-05,S2A_43QGD_20230705_0_L2A,29,94.669485,1.0,1.0,
ftw-india-009,fields-of-the-world,india,1.2217,2023-08-19,S2B_43QFD_20230819_0_L2A,29,100,1.0,1.0,
ftw-india-009,fields-of-the-world,india,1.2217,2023-10-03,S2A_43QFD_20231003_1_L2A,29,25.601932,0.0,0.0,
ftw-india-009,fields-of-the-world,india,1.2217,2023-11-22,S2A_43QGD_20231122_0_L2A,29,5.337693,0.0,0.0,
ftw-india-009,fields-of-the-world,india,1.2217,2024-01-06,S2B_43QFD_20240106_0_L2A,29,96.164048,1.0,1.0,
ftw-india-009,fields-of-the-world,india,1.2217,2024-02-20,S2A_43QFD_20240220_1_L2A,29,0.000633,0.0,0.0,
ftw-india-009,fields-of-the-world,india,1.2217,2024-04-10,S2A_43QGD_20240410_0_L2A,29,12.641637,0.0,0.0,
ftw-india-009,fields-of-the-world,india,1.2217,2024-05-25,S2B_43QGD_20240525_0_L2A,29,16.641763,1.0,1.0,
ftw-india-009,fields-of-the-world,india,1.2217,2024-07-09,S2A_43QFD_20240709_0_L2A,29,99.909419,1.0,1.0,
ftw-india-009,fields-of-the-world,india,1.2217,2024-08-28,S2A_43QGD_20240828_0_L2A,29,51.754194,1.0,1.0,
ftw-india-009,fields-of-the-world,india,1.2217,2024-10-12,S2B_43QGD_20241012_0_L2A,29,72.505212,0.0,0.0,
ftw-india-009,fields-of-the-world,india,1.2217,2024-11-26,S2A_43QFD_20241126_0_L2A,29,0.000785,0.0,0.0,
ftw-india-010,fields-of-the-world,india,1.2941,2023-01-01,S2B_43PFR_20230101_0_L2A,30,0.038975,0.0,0.0,
ftw-india-010,fields-of-the-world,india,1.2941,2023-02-15,S2A_43PFR_20230215_0_L2A,30,0.000192,0.0,0.0,
ftw-india-010,fields-of-the-world,india,1.2941,2023-04-01,S2B_43PFR_20230401_0_L2A,30,3.393472,0.0,0.0,
ftw-india-010,fields-of-the-world,india,1.2941,2023-05-16,S2A_43PFR_20230516_0_L2A,30,0.022787,0.0,0.0,
ftw-india-010,fields-of-the-world,india,1.2941,2023-07-05,S2A_43PFR_20230705_0_L2A,30,98.488706,1.0,1.0,
ftw-india-010,fields-of-the-world,india,1.2941,2023-08-19,S2B_43PFR_20230819_0_L2A,30,98.470968,1.0,1.0,
ftw-india-010,fields-of-the-world,india,1.2941,2023-10-03,S2A_43PFR_20231003_0_L2A,30,19.682008,1.0,1.0,
ftw-india-010,fields-of-the-world,india,1.2941,2023-11-22,S2A_43PFR_20231122_0_L2A,30,100,1.0,1.0,
ftw-india-010,fields-of-the-world,india,1.2941,2024-01-06,S2B_43PFR_20240106_0_L2A,30,39.524966,1.0,1.0,
ftw-india-010,fields-of-the-world,india,1.2941,2024-02-20,S2A_43PFR_20240220_0_L2A,30,0.712015,0.0,0.0,
ftw-india-010,fields-of-the-world,india,1.2941,2024-04-10,S2A_43PFR_20240410_0_L2A,30,0.281257,0.0,0.0,
ftw-india-010,fields-of-the-world,india,1.2941,2024-05-25,S2B_43PFR_20240525_0_L2A,30,93.908143,1.0,1.0,
ftw-india-010,fields-of-the-world,india,1.2941,2024-07-09,S2A_43PFR_20240709_0_L2A,30,59.382349,1.0,1.0,
ftw-india-010,fields-of-the-world,india,1.2941,2024-08-28,S2A_43PFR_20240828_0_L2A,30,83.665681,1.0,1.0,
ftw-india-010,fields-of-the-world,india,1.2941,2024-10-12,S2B_43PFR_20241012_0_L2A,30,56.187499,0.0,0.0,
ftw-india-010,fields-of-the-world,india,1.2941,2024-11-26,S2A_43PFR_20241126_0_L2A,30,66.320831,1.0,1.0,
ftw-india-011,fields-of-the-world,india,1.3022,2023-01-01,S2B_43QHD_20230101_0_L2A,25,0.022943,0.0,0.0,
ftw-india-011,fields-of-the-world,india,1.3022,2023-02-15,S2A_43QHD_20230215_0_L2A,25,0.000179,0.0,0.0,
ftw-india-011,fields-of-the-world,india,1.3022,2023-04-01,S2B_43QHD_20230401_0_L2A,25,9.269141,0.0,0.0,
ftw-india-011,fields-of-the-world,india,1.3022,2023-05-16,S2A_43QHD_20230516_0_L2A,25,0.510676,0.0,0.0,
ftw-india-011,fields-of-the-world,india,1.3022,2023-07-05,S2A_43QHD_20230705_0_L2A,25,84.412503,1.0,1.0,
ftw-india-011,fields-of-the-world,india,1.3022,2023-08-19,S2B_43QHD_20230819_0_L2A,25,100,1.0,1.0,
ftw-india-011,fields-of-the-world,india,1.3022,2023-10-03,S2A_43QHD_20231003_1_L2A,25,45.009187,0.0,0.0,
ftw-india-011,fields-of-the-world,india,1.3022,2023-11-22,S2A_43QHD_20231122_0_L2A,25,3.454664,0.0,0.0,
ftw-india-011,fields-of-the-world,india,1.3022,2024-01-06,S2B_43QHD_20240106_0_L2A,25,95.502418,1.0,1.0,
ftw-india-011,fields-of-the-world,india,1.3022,2024-02-20,S2A_43QHD_20240220_0_L2A,25,0.000266,0.0,0.0,
ftw-india-011,fields-of-the-world,india,1.3022,2024-04-10,S2A_43QHD_20240410_0_L2A,25,40.785322,0.0,0.0,
ftw-india-011,fields-of-the-world,india,1.3022,2024-05-25,S2B_43QHD_20240525_0_L2A,25,27.564785,0.0,0.0,
ftw-india-011,fields-of-the-world,india,1.3022,2024-07-09,S2A_43QHD_20240709_0_L2A,25,87.656099,1.0,1.0,
ftw-india-011,fields-of-the-world,india,1.3022,2024-08-28,S2A_43QHD_20240828_0_L2A,25,40.253621,1.0,1.0,
ftw-india-011,fields-of-the-world,india,1.3022,2024-10-12,S2B_43QHD_20241012_0_L2A,25,39.361247,1.0,1.0,
ftw-india-011,fields-of-the-world,india,1.3022,2024-11-26,S2A_43QHD_20241126_0_L2A,25,20.818275,0.0,0.0,
ftw-india-012,fields-of-the-world,india,1.3532,2023-01-01,S2B_43PFS_20230101_0_L2A,34,0.190165,0.0,0.0,
ftw-india-012,fields-of-the-world,india,1.3532,2023-02-15,S2A_43PFS_20230215_0_L2A,34,0.000541,0.0,0.0,
ftw-india-012,fields-of-the-world,india,1.3532,2023-04-01,S2B_43PFS_20230401_0_L2A,34,1.381276,0.0,0.0,
ftw-india-012,fields-of-the-world,india,1.3532,2023-05-16,S2A_43PFS_20230516_0_L2A,34,0.044844,0.0,0.0,
ftw-india-012,fields-of-the-world,india,1.3532,2023-07-05,S2A_43PFS_20230705_0_L2A,34,97.796953,1.0,1.0,
ftw-india-012,fields-of-the-world,india,1.3532,2023-08-19,S2B_43PFS_20230819_0_L2A,34,99.651253,1.0,1.0,
ftw-india-012,fields-of-the-world,india,1.3532,2023-10-03,S2A_43PFS_20231003_0_L2A,34,63.813889,0.0,0.0,
ftw-india-012,fields-of-the-world,india,1.3532,2023-11-22,S2A_43PFS_20231122_0_L2A,34,92.615575,1.0,1.0,
ftw-india-012,fields-of-the-world,india,1.3532,2024-01-06,S2B_43PFS_20240106_0_L2A,34,33.091033,0.0,0.0,
ftw-india-012,fields-of-the-world,india,1.3532,2024-02-20,S2A_43PFS_20240220_0_L2A,34,0.141051,0.0,0.0,
ftw-india-012,fields-of-the-world,india,1.3532,2024-04-10,S2A_43PFS_20240410_0_L2A,34,0.075268,0.0,0.0,
ftw-india-012,fields-of-the-world,india,1.3532,2024-05-25,S2B_43PFS_20240525_0_L2A,34,91.668928,1.0,1.0,
ftw-india-012,fields-of-the-world,india,1.3532,2024-07-09,S2A_43PFS_20240709_0_L2A,34,73.195153,1.0,1.0,
ftw-india-012,fields-of-the-world,india,1.3532,2024-08-28,S2A_43PFS_20240828_0_L2A,34,88.378036,1.0,1.0,
ftw-india-012,fields-of-the-world,india,1.3532,2024-10-12,S2B_43PFS_20241012_0_L2A,34,54.918438,0.9705882352941176,0.9705882352941176,
ftw-india-012,fields-of-the-world,india,1.3532,2024-11-26,S2A_43PFS_20241126_0_L2A,34,27.843809,1.0,1.0,
ftw-india-013,fields-of-the-world,india,1.5056,2023-01-01,S2B_43QGD_20230101_0_L2A,37,0.00073,0.0,0.0,
ftw-india-013,fields-of-the-world,india,1.5056,2023-02-15,S2A_43QGD_20230215_0_L2A,37,0.000531,0.0,0.0,
ftw-india-013,fields-of-the-world,india,1.5056,2023-04-01,S2B_43QFD_20230401_0_L2A,37,0.004654,0.0,0.0,
ftw-india-013,fields-of-the-world,india,1.5056,2023-05-16,S2A_43QFD_20230516_0_L2A,37,16.941459,0.0,0.0,
ftw-india-013,fields-of-the-world,india,1.5056,2023-07-05,S2A_43QGD_20230705_0_L2A,37,94.669485,1.0,1.0,
ftw-india-013,fields-of-the-world,india,1.5056,2023-08-19,S2B_43QFD_20230819_0_L2A,37,100,1.0,1.0,
ftw-india-013,fields-of-the-world,india,1.5056,2023-10-03,S2A_43QFD_20231003_1_L2A,37,25.601932,0.0,0.0,
ftw-india-013,fields-of-the-world,india,1.5056,2023-11-22,S2A_43QGD_20231122_0_L2A,37,5.337693,0.0,0.0,
ftw-india-013,fields-of-the-world,india,1.5056,2024-01-06,S2B_43QFD_20240106_0_L2A,37,96.164048,1.0,1.0,
ftw-india-013,fields-of-the-world,india,1.5056,2024-02-20,S2A_43QFD_20240220_1_L2A,37,0.000633,0.0,0.0,
ftw-india-013,fields-of-the-world,india,1.5056,2024-04-10,S2A_43QGD_20240410_0_L2A,37,12.641637,0.0,0.0,
ftw-india-013,fields-of-the-world,india,1.5056,2024-05-25,S2B_43QGD_20240525_0_L2A,37,16.641763,1.0,1.0,
ftw-india-013,fields-of-the-world,india,1.5056,2024-07-09,S2A_43QFD_20240709_0_L2A,37,99.909419,1.0,1.0,
ftw-india-013,fields-of-the-world,india,1.5056,2024-08-28,S2A_43QGD_20240828_0_L2A,37,51.754194,1.0,1.0,
ftw-india-013,fields-of-the-world,india,1.5056,2024-10-12,S2B_43QGD_20241012_0_L2A,37,72.505212,0.3783783783783784,0.3783783783783784,
ftw-india-013,fields-of-the-world,india,1.5056,2024-11-26,S2A_43QFD_20241126_0_L2A,37,0.000785,0.0,0.0,
ftw-india-014,fields-of-the-world,india,1.5947,2023-01-01,S2B_43PFR_20230101_0_L2A,37,0.038975,0.0,0.0,
ftw-india-014,fields-of-the-world,india,1.5947,2023-02-15,S2A_43PFR_20230215_0_L2A,37,0.000192,0.0,0.0,
ftw-india-014,fields-of-the-world,india,1.5947,2023-04-01,S2B_43PFR_20230401_0_L2A,37,3.393472,0.0,0.0,
ftw-india-014,fields-of-the-world,india,1.5947,2023-05-16,S2A_43PFR_20230516_0_L2A,37,0.022787,0.0,0.0,
ftw-india-014,fields-of-the-world,india,1.5947,2023-07-05,S2A_43PFR_20230705_0_L2A,37,98.488706,1.0,1.0,
ftw-india-014,fields-of-the-world,india,1.5947,2023-08-19,S2B_43PFR_20230819_0_L2A,37,98.470968,1.0,1.0,
ftw-india-014,fields-of-the-world,india,1.5947,2023-10-03,S2A_43PFR_20231003_0_L2A,37,19.682008,0.32432432432432434,0.32432432432432434,
ftw-india-014,fields-of-the-world,india,1.5947,2023-11-22,S2A_43PFR_20231122_0_L2A,37,100,1.0,1.0,
ftw-india-014,fields-of-the-world,india,1.5947,2024-01-06,S2B_43PFR_20240106_0_L2A,37,39.524966,1.0,1.0,
ftw-india-014,fields-of-the-world,india,1.5947,2024-02-20,S2A_43PFR_20240220_0_L2A,37,0.712015,0.0,0.0,
ftw-india-014,fields-of-the-world,india,1.5947,2024-04-10,S2A_43PFR_20240410_0_L2A,37,0.281257,0.0,0.0,
ftw-india-014,fields-of-the-world,india,1.5947,2024-05-25,S2B_43PFR_20240525_0_L2A,37,93.908143,1.0,1.0,
ftw-india-014,fields-of-the-world,india,1.5947,2024-07-09,S2A_43PFR_20240709_0_L2A,37,59.382349,1.0,1.0,
ftw-india-014,fields-of-the-world,india,1.5947,2024-08-28,S2A_43PFR_20240828_0_L2A,37,83.665681,1.0,1.0,
ftw-india-014,fields-of-the-world,india,1.5947,2024-10-12,S2B_43PFR_20241012_0_L2A,37,56.187499,0.05405405405405406,0.05405405405405406,
ftw-india-014,fields-of-the-world,india,1.5947,2024-11-26,S2A_43PFR_20241126_0_L2A,37,66.320831,1.0,1.0,
ftw-india-015,fields-of-the-world,india,1.6588,2023-01-01,S2B_43QGD_20230101_0_L2A,34,0.00073,0.0,0.0,
ftw-india-015,fields-of-the-world,india,1.6588,2023-02-15,S2A_43QGD_20230215_0_L2A,34,0.000531,0.0,0.0,
ftw-india-015,fields-of-the-world,india,1.6588,2023-04-01,S2B_43QFD_20230401_0_L2A,34,0.004654,0.0,0.0,
ftw-india-015,fields-of-the-world,india,1.6588,2023-05-16,S2A_43QFD_20230516_0_L2A,34,16.941459,0.0,0.0,
ftw-india-015,fields-of-the-world,india,1.6588,2023-07-05,S2A_43QGD_20230705_0_L2A,34,94.669485,1.0,1.0,
ftw-india-015,fields-of-the-world,india,1.6588,2023-08-19,S2B_43QFD_20230819_0_L2A,34,100,1.0,1.0,
ftw-india-015,fields-of-the-world,india,1.6588,2023-10-03,S2A_43QFD_20231003_1_L2A,34,25.601932,0.0,0.0,
ftw-india-015,fields-of-the-world,india,1.6588,2023-11-22,S2A_43QGD_20231122_0_L2A,34,5.337693,0.0,0.0,
ftw-india-015,fields-of-the-world,india,1.6588,2024-01-06,S2B_43QFD_20240106_0_L2A,34,96.164048,1.0,1.0,
ftw-india-015,fields-of-the-world,india,1.6588,2024-02-20,S2A_43QFD_20240220_1_L2A,34,0.000633,0.0,0.0,
ftw-india-015,fields-of-the-world,india,1.6588,2024-04-10,S2A_43QGD_20240410_0_L2A,34,12.641637,0.0,0.0,
ftw-india-015,fields-of-the-world,india,1.6588,2024-05-25,S2B_43QGD_20240525_0_L2A,34,16.641763,1.0,1.0,
ftw-india-015,fields-of-the-world,india,1.6588,2024-07-09,S2A_43QFD_20240709_0_L2A,34,99.909419,1.0,1.0,
ftw-india-015,fields-of-the-world,india,1.6588,2024-08-28,S2A_43QGD_20240828_0_L2A,34,51.754194,1.0,1.0,
ftw-india-015,fields-of-the-world,india,1.6588,2024-10-12,S2B_43QGD_20241012_0_L2A,34,72.505212,0.6470588235294118,0.6470588235294118,
ftw-india-015,fields-of-the-world,india,1.6588,2024-11-26,S2A_43QFD_20241126_0_L2A,34,0.000785,0.0,0.0,
ftw-india-016,fields-of-the-world,india,1.9343,2023-01-01,S2B_43QGC_20230101_0_L2A,44,0.000232,0.0,0.0,
ftw-india-016,fields-of-the-world,india,1.9343,2023-02-15,S2A_43QGC_20230215_0_L2A,44,0.000255,0.0,0.0,
ftw-india-016,fields-of-the-world,india,1.9343,2023-04-01,S2B_43QGC_20230401_0_L2A,44,0.832983,0.0,0.0,
ftw-india-016,fields-of-the-world,india,1.9343,2023-05-16,S2A_43QGC_20230516_0_L2A,44,0.235935,0.0,0.0,
ftw-india-016,fields-of-the-world,india,1.9343,2023-07-05,S2A_43QGC_20230705_0_L2A,44,99.064791,1.0,1.0,
ftw-india-016,fields-of-the-world,india,1.9343,2023-08-19,S2B_43QGC_20230819_0_L2A,44,100,1.0,1.0,
ftw-india-016,fields-of-the-world,india,1.9343,2023-10-03,S2A_43QGC_20231003_0_L2A,44,16.950975,0.0,0.0,
ftw-india-016,fields-of-the-world,india,1.9343,2023-11-22,S2A_43QGC_20231122_0_L2A,44,0.06856,0.0,0.0,
ftw-india-016,fields-of-the-world,india,1.9343,2024-01-06,S2B_43QGC_20240106_0_L2A,44,52.852261,1.0,1.0,
ftw-india-016,fields-of-the-world,india,1.9343,2024-02-20,S2A_43QGC_20240220_1_L2A,44,0.000707,0.0,0.0,
ftw-india-016,fields-of-the-world,india,1.9343,2024-04-10,S2A_43QGC_20240410_0_L2A,44,0.000322,0.0,0.0,
ftw-india-016,fields-of-the-world,india,1.9343,2024-05-25,S2B_43QGC_20240525_0_L2A,44,27.373198,0.0,0.0,
ftw-india-016,fields-of-the-world,india,1.9343,2024-07-09,S2A_43QGC_20240709_0_L2A,44,100,1.0,1.0,
ftw-india-016,fields-of-the-world,india,1.9343,2024-08-28,S2A_43QGC_20240828_0_L2A,44,41.209039,0.5909090909090909,0.5909090909090909,
ftw-india-016,fields-of-the-world,india,1.9343,2024-10-12,S2B_43QGC_20241012_0_L2A,44,60.164762,1.0,1.0,
ftw-india-016,fields-of-the-world,india,1.9343,2024-11-26,S2A_43QGC_20241126_0_L2A,44,26.409599,0.0,0.0,
ftw-india-017,fields-of-the-world,india,1.9352,2023-01-01,S2B_43QGD_20230101_0_L2A,48,0.00073,0.0,0.0,
ftw-india-017,fields-of-the-world,india,1.9352,2023-02-15,S2A_43QGD_20230215_0_L2A,48,0.000531,0.0,0.0,
ftw-india-017,fields-of-the-world,india,1.9352,2023-04-01,S2B_43QFD_20230401_0_L2A,48,0.004654,0.0,0.0,
ftw-india-017,fields-of-the-world,india,1.9352,2023-05-16,S2A_43QFD_20230516_0_L2A,48,16.941459,0.0,0.0,
ftw-india-017,fields-of-the-world,india,1.9352,2023-07-05,S2A_43QGD_20230705_0_L2A,48,94.669485,1.0,1.0,
ftw-india-017,fields-of-the-world,india,1.9352,2023-08-19,S2B_43QFD_20230819_0_L2A,48,100,1.0,1.0,
ftw-india-017,fields-of-the-world,india,1.9352,2023-10-03,S2A_43QFD_20231003_1_L2A,48,25.601932,0.0,0.0,
ftw-india-017,fields-of-the-world,india,1.9352,2023-11-22,S2A_43QGD_20231122_0_L2A,48,5.337693,0.0,0.0,
ftw-india-017,fields-of-the-world,india,1.9352,2024-01-06,S2B_43QFD_20240106_0_L2A,48,96.164048,1.0,1.0,
ftw-india-017,fields-of-the-world,india,1.9352,2024-02-20,S2A_43QFD_20240220_1_L2A,48,0.000633,0.0,0.0,
ftw-india-017,fields-of-the-world,india,1.9352,2024-04-10,S2A_43QGD_20240410_0_L2A,48,12.641637,0.0,0.0,
ftw-india-017,fields-of-the-world,india,1.9352,2024-05-25,S2B_43QGD_20240525_0_L2A,48,16.641763,1.0,1.0,
ftw-india-017,fields-of-the-world,india,1.9352,2024-07-09,S2A_43QFD_20240709_0_L2A,48,99.909419,1.0,1.0,
ftw-india-017,fields-of-the-world,india,1.9352,2024-08-28,S2A_43QGD_20240828_0_L2A,48,51.754194,1.0,1.0,
ftw-india-017,fields-of-the-world,india,1.9352,2024-10-12,S2B_43QGD_20241012_0_L2A,48,72.505212,0.75,0.75,
ftw-india-017,fields-of-the-world,india,1.9352,2024-11-26,S2A_43QFD_20241126_0_L2A,48,0.000785,0.0,0.0,
ftw-kenya-000,fields-of-the-world,kenya,0.2509,2023-01-03,S2B_37MCV_20230103_1_L2A,5,76.623726,0.0,0.0,
ftw-kenya-000,fields-of-the-world,kenya,0.2509,2023-02-17,S2A_37MCV_20230217_0_L2A,5,22.263436,0.0,0.0,
ftw-kenya-000,fields-of-the-world,kenya,0.2509,2023-04-08,S2A_37MCV_20230408_0_L2A,5,81.360292,1.0,1.0,
ftw-kenya-000,fields-of-the-world,kenya,0.2509,2023-05-23,S2B_37MCV_20230523_0_L2A,5,47.629878,1.0,1.0,
ftw-kenya-000,fields-of-the-world,kenya,0.2509,2023-07-07,S2A_37MCV_20230707_0_L2A,5,72.813535,1.0,1.0,
ftw-kenya-000,fields-of-the-world,kenya,0.2509,2023-08-21,S2B_37MCV_20230821_0_L2A,5,77.141112,1.0,1.0,
ftw-kenya-000,fields-of-the-world,kenya,0.2509,2023-10-05,S2A_37MCV_20231005_0_L2A,5,69.579726,1.0,1.0,
ftw-kenya-000,fields-of-the-world,kenya,0.2509,2023-11-19,S2B_37MCV_20231119_0_L2A,5,99.465245,1.0,1.0,
ftw-kenya-000,fields-of-the-world,kenya,0.2509,2024-01-03,S2A_37MBV_20240103_0_L2A,5,32.374343,1.0,1.0,
ftw-kenya-000,fields-of-the-world,kenya,0.2509,2024-02-17,S2B_37MBV_20240217_0_L2A,5,3.848119,0.0,0.0,
ftw-kenya-000,fields-of-the-world,kenya,0.2509,2024-04-02,S2A_37MBV_20240402_0_L2A,5,79.34742,1.0,1.0,
ftw-kenya-000,fields-of-the-world,kenya,0.2509,2024-05-17,S2B_37MBV_20240517_0_L2A,5,32.343739,1.0,1.0,
ftw-kenya-000,fields-of-the-world,kenya,0.2509,2024-07-01,S2A_37MBV_20240701_0_L2A,5,9.516004,0.0,0.0,
ftw-kenya-000,fields-of-the-world,kenya,0.2509,2024-08-15,S2B_37MBV_20240815_0_L2A,5,78.441489,1.0,1.0,
ftw-kenya-000,fields-of-the-world,kenya,0.2509,2024-09-29,S2A_37MBV_20240929_0_L2A,5,38.977665,0.0,0.0,
ftw-kenya-000,fields-of-the-world,kenya,0.2509,2024-11-13,S2B_37MBV_20241113_0_L2A,5,85.77264,0.4,0.4,
ftw-kenya-001,fields-of-the-world,kenya,0.2582,2023-01-03,S2B_37MCV_20230103_1_L2A,6,76.623726,1.0,1.0,
ftw-kenya-001,fields-of-the-world,kenya,0.2582,2023-02-17,S2A_37MCV_20230217_0_L2A,6,22.263436,0.0,0.0,
ftw-kenya-001,fields-of-the-world,kenya,0.2582,2023-04-08,S2A_37MCV_20230408_0_L2A,6,81.360292,1.0,1.0,
ftw-kenya-001,fields-of-the-world,kenya,0.2582,2023-05-23,S2B_37MCV_20230523_0_L2A,6,47.629878,1.0,1.0,
ftw-kenya-001,fields-of-the-world,kenya,0.2582,2023-07-07,S2A_37MCV_20230707_0_L2A,6,72.813535,1.0,1.0,
ftw-kenya-001,fields-of-the-world,kenya,0.2582,2023-08-21,S2B_37MCV_20230821_0_L2A,6,77.141112,1.0,1.0,
ftw-kenya-001,fields-of-the-world,kenya,0.2582,2023-10-05,S2A_37MCV_20231005_0_L2A,6,69.579726,1.0,1.0,
ftw-kenya-001,fields-of-the-world,kenya,0.2582,2023-11-19,S2B_37MCV_20231119_0_L2A,6,99.465245,1.0,1.0,
ftw-kenya-001,fields-of-the-world,kenya,0.2582,2024-01-03,S2A_37MCV_20240103_0_L2A,6,17.014402,0.0,0.0,
ftw-kenya-001,fields-of-the-world,kenya,0.2582,2024-02-17,S2B_37MCV_20240217_0_L2A,6,36.975449,0.8333333333333334,0.8333333333333334,
ftw-kenya-001,fields-of-the-world,kenya,0.2582,2024-04-02,S2A_37MCV_20240402_0_L2A,6,63.801068,1.0,1.0,
ftw-kenya-001,fields-of-the-world,kenya,0.2582,2024-05-17,S2B_37MCV_20240517_0_L2A,6,39.413032,0.0,0.0,
ftw-kenya-001,fields-of-the-world,kenya,0.2582,2024-07-01,S2A_37MCV_20240701_0_L2A,6,23.657364,0.0,0.0,
ftw-kenya-001,fields-of-the-world,kenya,0.2582,2024-08-15,S2B_37MCV_20240815_0_L2A,6,98.777723,1.0,1.0,
ftw-kenya-001,fields-of-the-world,kenya,0.2582,2024-09-29,S2A_37MCV_20240929_0_L2A,6,9.306528,0.0,0.0,
ftw-kenya-001,fields-of-the-world,kenya,0.2582,2024-11-13,S2B_37MCV_20241113_0_L2A,6,85.77916,0.0,0.0,
ftw-kenya-002,fields-of-the-world,kenya,0.2654,2023-01-03,S2B_37MBV_20230103_1_L2A,4,93.358392,1.0,1.0,
ftw-kenya-002,fields-of-the-world,kenya,0.2654,2023-02-17,S2A_37MBV_20230217_0_L2A,4,4.019237,0.0,0.0,
ftw-kenya-002,fields-of-the-world,kenya,0.2654,2023-04-08,S2A_37MBV_20230408_0_L2A,4,92.972791,1.0,1.0,
ftw-kenya-002,fields-of-the-world,kenya,0.2654,2023-05-23,S2B_37MBV_20230523_0_L2A,4,48.575029,1.0,1.0,
ftw-kenya-002,fields-of-the-world,kenya,0.2654,2023-07-07,S2A_36MZE_20230707_0_L2A,5,75.070411,1.0,1.0,
ftw-kenya-002,fields-of-the-world,kenya,0.2654,2023-08-21,S2B_36MZE_20230821_0_L2A,5,11.627273,0.0,0.0,
ftw-kenya-002,fields-of-the-world,kenya,0.2654,2023-10-05,S2A_36MZE_20231005_0_L2A,5,64.641076,1.0,1.0,
ftw-kenya-002,fields-of-the-world,kenya,0.2654,2023-11-19,S2B_36MZE_20231119_0_L2A,5,85.712743,1.0,1.0,
ftw-kenya-002,fields-of-the-world,kenya,0.2654,2024-01-08,S2B_37MBV_20240108_0_L2A,4,41.318974,1.0,1.0,
ftw-kenya-002,fields-of-the-world,kenya,0.2654,2024-02-22,S2A_37MBV_20240222_0_L2A,4,10.028128,0.0,0.0,
ftw-kenya-002,fields-of-the-world,kenya,0.2654,2024-04-07,S2B_37MBV_20240407_0_L2A,4,27.346542,0.0,0.0,
ftw-kenya-002,fields-of-the-world,kenya,0.2654,2024-05-22,S2A_37MBV_20240522_0_L2A,4,51.301473,1.0,1.0,
ftw-kenya-002,fields-of-the-world,kenya,0.2654,2024-07-06,S2B_36MZE_20240706_0_L2A,5,61.054057,0.0,0.0,
ftw-kenya-002,fields-of-the-world,kenya,0.2654,2024-08-20,S2A_36MZE_20240820_0_L2A,5,99.047679,1.0,1.0,
ftw-kenya-002,fields-of-the-world,kenya,0.2654,2024-10-04,S2B_36MZE_20241004_0_L2A,5,8.388683,0.0,0.0,
ftw-kenya-002,fields-of-the-world,kenya,0.2654,2024-11-18,S2A_36MZE_20241118_0_L2A,5,11.31501,0.0,0.0,
ftw-kenya-003,fields-of-the-world,kenya,0.3891,2023-01-03,S2B_37MBV_20230103_1_L2A,10,93.358392,1.0,1.0,
ftw-kenya-003,fields-of-the-world,kenya,0.3891,2023-02-17,S2A_37MBV_20230217_0_L2A,10,4.019237,0.0,0.0,
ftw-kenya-003,fields-of-the-world,kenya,0.3891,2023-04-08,S2A_37MBV_20230408_0_L2A,10,92.972791,1.0,1.0,
ftw-kenya-003,fields-of-the-world,kenya,0.3891,2023-05-23,S2B_37MBV_20230523_0_L2A,10,48.575029,1.0,1.0,
ftw-kenya-003,fields-of-the-world,kenya,0.3891,2023-07-07,S2A_36MZE_20230707_0_L2A,11,75.070411,1.0,1.0,
ftw-kenya-003,fields-of-the-world,kenya,0.3891,2023-08-21,S2B_36MZE_20230821_0_L2A,11,11.627273,1.0,1.0,
ftw-kenya-003,fields-of-the-world,kenya,0.3891,2023-10-05,S2A_36MZE_20231005_0_L2A,11,64.641076,0.0,0.0,
ftw-kenya-003,fields-of-the-world,kenya,0.3891,2023-11-19,S2B_36MZE_20231119_0_L2A,11,85.712743,1.0,1.0,
ftw-kenya-003,fields-of-the-world,kenya,0.3891,2024-01-08,S2B_37MBV_20240108_0_L2A,10,41.318974,1.0,1.0,
ftw-kenya-003,fields-of-the-world,kenya,0.3891,2024-02-22,S2A_37MBV_20240222_0_L2A,10,10.028128,0.0,0.0,
ftw-kenya-003,fields-of-the-world,kenya,0.3891,2024-04-07,S2B_37MBV_20240407_0_L2A,10,27.346542,0.0,0.0,
ftw-kenya-003,fields-of-the-world,kenya,0.3891,2024-05-22,S2A_37MBV_20240522_0_L2A,10,51.301473,1.0,1.0,
ftw-kenya-003,fields-of-the-world,kenya,0.3891,2024-07-06,S2B_36MZE_20240706_0_L2A,11,61.054057,0.0,0.0,
ftw-kenya-003,fields-of-the-world,kenya,0.3891,2024-08-20,S2A_36MZE_20240820_0_L2A,11,99.047679,1.0,1.0,
ftw-kenya-003,fields-of-the-world,kenya,0.3891,2024-10-04,S2B_36MZE_20241004_0_L2A,11,8.388683,0.0,0.0,
ftw-kenya-003,fields-of-the-world,kenya,0.3891,2024-11-18,S2A_36MZE_20241118_0_L2A,11,11.31501,0.0,0.0,
ftw-kenya-004,fields-of-the-world,kenya,0.4654,2023-01-03,S2B_37MCV_20230103_1_L2A,9,76.623726,0.4444444444444444,0.4444444444444444,
ftw-kenya-004,fields-of-the-world,kenya,0.4654,2023-02-17,S2A_37MCV_20230217_0_L2A,9,22.263436,1.0,1.0,
ftw-kenya-004,fields-of-the-world,kenya,0.4654,2023-04-08,S2A_37MCV_20230408_0_L2A,9,81.360292,1.0,1.0,
ftw-kenya-004,fields-of-the-world,kenya,0.4654,2023-05-23,S2B_37MCV_20230523_0_L2A,9,47.629878,0.3333333333333333,0.3333333333333333,
ftw-kenya-004,fields-of-the-world,kenya,0.4654,2023-07-07,S2A_37MCV_20230707_0_L2A,9,72.813535,1.0,1.0,
ftw-kenya-004,fields-of-the-world,kenya,0.4654,2023-08-21,S2B_37MCV_20230821_0_L2A,9,77.141112,1.0,1.0,
ftw-kenya-004,fields-of-the-world,kenya,0.4654,2023-10-05,S2A_37MCV_20231005_0_L2A,9,69.579726,1.0,1.0,
ftw-kenya-004,fields-of-the-world,kenya,0.4654,2023-11-19,S2B_37MCV_20231119_0_L2A,9,99.465245,1.0,1.0,
ftw-kenya-004,fields-of-the-world,kenya,0.4654,2024-01-03,S2A_37MCV_20240103_0_L2A,9,17.014402,0.0,0.0,
ftw-kenya-004,fields-of-the-world,kenya,0.4654,2024-02-17,S2B_37MCV_20240217_0_L2A,9,36.975449,1.0,1.0,
ftw-kenya-004,fields-of-the-world,kenya,0.4654,2024-04-02,S2A_37MCV_20240402_0_L2A,9,63.801068,1.0,1.0,
ftw-kenya-004,fields-of-the-world,kenya,0.4654,2024-05-17,S2B_37MCV_20240517_0_L2A,9,39.413032,0.0,0.0,
ftw-kenya-004,fields-of-the-world,kenya,0.4654,2024-07-01,S2A_37MCV_20240701_0_L2A,9,23.657364,1.0,1.0,
ftw-kenya-004,fields-of-the-world,kenya,0.4654,2024-08-15,S2B_37MCV_20240815_0_L2A,9,98.777723,1.0,1.0,
ftw-kenya-004,fields-of-the-world,kenya,0.4654,2024-09-29,S2A_37MCV_20240929_0_L2A,9,9.306528,0.0,0.0,
ftw-kenya-004,fields-of-the-world,kenya,0.4654,2024-11-13,S2B_37MCV_20241113_0_L2A,9,85.77916,0.0,0.0,
ftw-lithuania-000,fields-of-the-world,lithuania,0.2095,2023-01-02,S2B_34UFG_20230102_0_L2A,3,100,1.0,1.0,
ftw-lithuania-000,fields-of-the-world,lithuania,0.2095,2023-02-16,S2A_34UFF_20230216_0_L2A,3,100,1.0,1.0,
ftw-lithuania-000,fields-of-the-world,lithuania,0.2095,2023-04-04,S2A_34UFF_20230404_0_L2A,3,98.305565,1.0,1.0,
ftw-lithuania-000,fields-of-the-world,lithuania,0.2095,2023-05-22,S2B_34UFG_20230522_0_L2A,3,83.569086,1.0,1.0,
ftw-lithuania-000,fields-of-the-world,lithuania,0.2095,2023-07-08,S2B_34UFG_20230708_0_L2A,3,68.082643,1.0,1.0,
ftw-lithuania-000,fields-of-the-world,lithuania,0.2095,2023-08-25,S2A_34UFF_20230825_0_L2A,3,80.650485,1.0,1.0,
ftw-lithuania-000,fields-of-the-world,lithuania,0.2095,2023-10-11,S2A_34UFF_20231011_0_L2A,3,100,1.0,1.0,
ftw-lithuania-000,fields-of-the-world,lithuania,0.2095,2023-11-28,S2B_34UFG_20231128_0_L2A,3,62.692326,0.0,0.0,
ftw-lithuania-000,fields-of-the-world,lithuania,0.2095,2024-01-14,S2B_34UFG_20240114_0_L2A,3,97.815776,1.0,1.0,
ftw-lithuania-000,fields-of-the-world,lithuania,0.2095,2024-02-28,S2A_34UFF_20240228_0_L2A,3,99.560481,1.0,1.0,
ftw-lithuania-000,fields-of-the-world,lithuania,0.2095,2024-04-16,S2B_34UFF_20240416_0_L2A,3,99.987108,1.0,1.0,
ftw-lithuania-000,fields-of-the-world,lithuania,0.2095,2024-06-02,S2B_34UFG_20240602_0_L2A,3,78.92108,0.0,0.0,
ftw-lithuania-000,fields-of-the-world,lithuania,0.2095,2024-07-20,S2A_34UFG_20240720_0_L2A,3,51.227069,0.6666666666666666,0.6666666666666666,
ftw-lithuania-000,fields-of-the-world,lithuania,0.2095,2024-09-03,S2B_34UFF_20240903_0_L2A,3,63.580531,0.0,0.0,
ftw-lithuania-000,fields-of-the-world,lithuania,0.2095,2024-10-20,S2B_34UFF_20241020_0_L2A,3,12.23429,0.0,0.0,
ftw-lithuania-000,fields-of-the-world,lithuania,0.2095,2024-11-24,S2C_34UFG_20241124_1_L2A,3,20.447165,0.0,0.0,
ftw-lithuania-001,fields-of-the-world,lithuania,0.2723,2023-01-02,S2B_34UFF_20230102_0_L2A,6,100,1.0,1.0,
ftw-lithuania-001,fields-of-the-world,lithuania,0.2723,2023-02-16,S2A_34UFF_20230216_0_L2A,6,100,1.0,1.0,
ftw-lithuania-001,fields-of-the-world,lithuania,0.2723,2023-04-04,S2A_34UFF_20230404_0_L2A,6,98.305565,1.0,1.0,
ftw-lithuania-001,fields-of-the-world,lithuania,0.2723,2023-05-22,S2B_34UFF_20230522_0_L2A,6,64.435381,1.0,1.0,
ftw-lithuania-001,fields-of-the-world,lithuania,0.2723,2023-07-08,S2B_34UFF_20230708_0_L2A,6,45.4124,0.5,0.5,
ftw-lithuania-001,fields-of-the-world,lithuania,0.2723,2023-08-25,S2A_34UFF_20230825_0_L2A,6,80.650485,1.0,1.0,
ftw-lithuania-001,fields-of-the-world,lithuania,0.2723,2023-10-11,S2A_34UFF_20231011_0_L2A,6,100,1.0,1.0,
ftw-lithuania-001,fields-of-the-world,lithuania,0.2723,2023-11-28,S2B_34UFF_20231128_0_L2A,6,13.720722,0.0,0.0,
ftw-lithuania-001,fields-of-the-world,lithuania,0.2723,2024-01-14,S2B_34UFF_20240114_0_L2A,6,99.997002,1.0,1.0,
ftw-lithuania-001,fields-of-the-world,lithuania,0.2723,2024-02-28,S2A_34UFF_20240228_0_L2A,6,99.560481,1.0,1.0,
ftw-lithuania-001,fields-of-the-world,lithuania,0.2723,2024-04-16,S2B_34UFF_20240416_0_L2A,6,99.987108,1.0,1.0,
ftw-lithuania-001,fields-of-the-world,lithuania,0.2723,2024-06-02,S2B_34UFF_20240602_0_L2A,6,30.749473,1.0,1.0,
ftw-lithuania-001,fields-of-the-world,lithuania,0.2723,2024-07-20,S2A_34UFF_20240720_0_L2A,6,27.950454,0.16666666666666666,0.16666666666666666,
ftw-lithuania-001,fields-of-the-world,lithuania,0.2723,2024-09-03,S2B_34UFF_20240903_0_L2A,6,63.580531,1.0,1.0,
ftw-lithuania-001,fields-of-the-world,lithuania,0.2723,2024-10-20,S2B_34UFF_20241020_0_L2A,6,12.23429,0.0,0.0,
ftw-lithuania-001,fields-of-the-world,lithuania,0.2723,2024-11-24,S2C_34UFF_20241124_1_L2A,6,65.280855,0.0,0.0,
ftw-lithuania-002,fields-of-the-world,lithuania,0.32,2023-01-02,S2B_34UFF_20230102_0_L2A,8,100,1.0,1.0,
ftw-lithuania-002,fields-of-the-world,lithuania,0.32,2023-02-16,S2A_34UFF_20230216_0_L2A,8,100,1.0,1.0,
ftw-lithuania-002,fields-of-the-world,lithuania,0.32,2023-04-04,S2A_34UFF_20230404_0_L2A,8,98.305565,1.0,1.0,
ftw-lithuania-002,fields-of-the-world,lithuania,0.32,2023-05-22,S2B_34UFF_20230522_0_L2A,8,64.435381,1.0,1.0,
ftw-lithuania-002,fields-of-the-world,lithuania,0.32,2023-07-08,S2B_34UFF_20230708_0_L2A,8,45.4124,0.0,0.0,
ftw-lithuania-002,fields-of-the-world,lithuania,0.32,2023-08-25,S2A_34UFF_20230825_0_L2A,8,80.650485,1.0,1.0,
ftw-lithuania-002,fields-of-the-world,lithuania,0.32,2023-10-11,S2A_34UFF_20231011_0_L2A,8,100,1.0,1.0,
ftw-lithuania-002,fields-of-the-world,lithuania,0.32,2023-11-28,S2B_34UFF_20231128_0_L2A,8,13.720722,0.0,0.0,
ftw-lithuania-002,fields-of-the-world,lithuania,0.32,2024-01-14,S2B_34UFF_20240114_0_L2A,8,99.997002,1.0,1.0,
ftw-lithuania-002,fields-of-the-world,lithuania,0.32,2024-02-28,S2A_34UFF_20240228_0_L2A,8,99.560481,1.0,1.0,
ftw-lithuania-002,fields-of-the-world,lithuania,0.32,2024-04-16,S2B_34UFF_20240416_0_L2A,8,99.987108,1.0,1.0,
ftw-lithuania-002,fields-of-the-world,lithuania,0.32,2024-06-02,S2B_34UFF_20240602_0_L2A,8,30.749473,1.0,1.0,
ftw-lithuania-002,fields-of-the-world,lithuania,0.32,2024-07-20,S2A_34UFF_20240720_0_L2A,8,27.950454,1.0,1.0,
ftw-lithuania-002,fields-of-the-world,lithuania,0.32,2024-09-03,S2B_34UFF_20240903_0_L2A,8,63.580531,1.0,1.0,
ftw-lithuania-002,fields-of-the-world,lithuania,0.32,2024-10-20,S2B_34UFF_20241020_0_L2A,8,12.23429,0.0,0.0,
ftw-lithuania-002,fields-of-the-world,lithuania,0.32,2024-11-24,S2C_34UFF_20241124_1_L2A,8,65.280855,0.0,0.0,
ftw-lithuania-003,fields-of-the-world,lithuania,0.5067,2023-01-02,S2B_34UFG_20230102_0_L2A,10,100,1.0,1.0,
ftw-lithuania-003,fields-of-the-world,lithuania,0.5067,2023-02-16,S2A_34UFG_20230216_0_L2A,10,100,1.0,1.0,
ftw-lithuania-003,fields-of-the-world,lithuania,0.5067,2023-04-04,S2A_34UFG_20230404_0_L2A,10,98.912746,1.0,1.0,
ftw-lithuania-003,fields-of-the-world,lithuania,0.5067,2023-05-19,S2B_34UFG_20230519_0_L2A,10,99.010265,1.0,1.0,
ftw-lithuania-003,fields-of-the-world,lithuania,0.5067,2023-07-06,S2A_34UFG_20230706_0_L2A,10,92.924964,1.0,1.0,
ftw-lithuania-003,fields-of-the-world,lithuania,0.5067,2023-08-22,S2A_34UFG_20230822_0_L2A,10,95.677572,1.0,1.0,
ftw-lithuania-003,fields-of-the-world,lithuania,0.5067,2023-10-09,S2B_34UFG_20231009_0_L2A,10,54.884613,1.0,1.0,
ftw-lithuania-003,fields-of-the-world,lithuania,0.5067,2023-11-23,S2A_34UFG_20231123_0_L2A,10,99.962091,1.0,1.0,
ftw-lithuania-003,fields-of-the-world,lithuania,0.5067,2024-01-09,S2A_34UFG_20240109_0_L2A,10,92.949373,1.0,1.0,
ftw-lithuania-003,fields-of-the-world,lithuania,0.5067,2024-02-26,S2B_34UFG_20240226_0_L2A,10,93.960136,1.0,1.0,
ftw-lithuania-003,fields-of-the-world,lithuania,0.5067,2024-04-11,S2A_34UFG_20240411_0_L2A,10,21.042944,0.0,0.0,
ftw-lithuania-003,fields-of-the-world,lithuania,0.5067,2024-05-28,S2A_34UFG_20240528_0_L2A,10,25.964954,0.0,0.0,
ftw-lithuania-003,fields-of-the-world,lithuania,0.5067,2024-07-12,S2B_34UFG_20240712_0_L2A,10,61.595976,1.0,1.0,
ftw-lithuania-003,fields-of-the-world,lithuania,0.5067,2024-08-29,S2A_34UFG_20240829_0_L2A,10,15.392421,0.0,0.0,
ftw-lithuania-003,fields-of-the-world,lithuania,0.5067,2024-10-13,S2B_34UFG_20241013_0_L2A,10,69.786364,1.0,1.0,
ftw-lithuania-003,fields-of-the-world,lithuania,0.5067,2024-11-24,S2A_34UFG_20241124_0_L2A,10,38.902846,0.0,0.0,
ftw-lithuania-004,fields-of-the-world,lithuania,0.6132,2023-01-02,S2B_34UFF_20230102_0_L2A,12,100,1.0,1.0,
ftw-lithuania-004,fields-of-the-world,lithuania,0.6132,2023-02-16,S2A_34UFF_20230216_0_L2A,12,100,1.0,1.0,
ftw-lithuania-004,fields-of-the-world,lithuania,0.6132,2023-04-04,S2A_34UFF_20230404_0_L2A,12,98.305565,1.0,1.0,
ftw-lithuania-004,fields-of-the-world,lithuania,0.6132,2023-05-22,S2B_34UFF_20230522_0_L2A,12,64.435381,1.0,1.0,
ftw-lithuania-004,fields-of-the-world,lithuania,0.6132,2023-07-08,S2B_34UFF_20230708_0_L2A,12,45.4124,0.0,0.0,
ftw-lithuania-004,fields-of-the-world,lithuania,0.6132,2023-08-25,S2A_34UFF_20230825_0_L2A,12,80.650485,1.0,1.0,
ftw-lithuania-004,fields-of-the-world,lithuania,0.6132,2023-10-11,S2A_34UFF_20231011_0_L2A,12,100,1.0,1.0,
ftw-lithuania-004,fields-of-the-world,lithuania,0.6132,2023-11-28,S2B_34UFF_20231128_0_L2A,12,13.720722,0.0,0.0,
ftw-lithuania-004,fields-of-the-world,lithuania,0.6132,2024-01-14,S2B_34UFF_20240114_0_L2A,12,99.997002,1.0,1.0,
ftw-lithuania-004,fields-of-the-world,lithuania,0.6132,2024-02-28,S2A_34UFF_20240228_0_L2A,12,99.560481,1.0,1.0,
ftw-lithuania-004,fields-of-the-world,lithuania,0.6132,2024-04-16,S2B_34UFF_20240416_0_L2A,12,99.987108,1.0,1.0,
ftw-lithuania-004,fields-of-the-world,lithuania,0.6132,2024-06-02,S2B_34UFF_20240602_0_L2A,12,30.749473,0.0,0.0,
ftw-lithuania-004,fields-of-the-world,lithuania,0.6132,2024-07-20,S2A_34UFF_20240720_0_L2A,12,27.950454,1.0,1.0,
ftw-lithuania-004,fields-of-the-world,lithuania,0.6132,2024-09-03,S2B_34UFF_20240903_0_L2A,12,63.580531,1.0,1.0,
ftw-lithuania-004,fields-of-the-world,lithuania,0.6132,2024-10-20,S2B_34UFF_20241020_0_L2A,12,12.23429,0.0,0.0,
ftw-lithuania-004,fields-of-the-world,lithuania,0.6132,2024-11-24,S2C_34UFF_20241124_1_L2A,12,65.280855,0.0,0.0,
ftw-lithuania-005,fields-of-the-world,lithuania,0.7274,2023-01-02,S2B_34UFF_20230102_0_L2A,19,100,1.0,1.0,
ftw-lithuania-005,fields-of-the-world,lithuania,0.7274,2023-02-16,S2A_34UFF_20230216_0_L2A,19,100,1.0,1.0,
ftw-lithuania-005,fields-of-the-world,lithuania,0.7274,2023-04-04,S2A_34UFF_20230404_0_L2A,19,98.305565,1.0,1.0,
ftw-lithuania-005,fields-of-the-world,lithuania,0.7274,2023-05-22,S2B_34UFF_20230522_0_L2A,19,64.435381,1.0,1.0,
ftw-lithuania-005,fields-of-the-world,lithuania,0.7274,2023-07-08,S2B_34UFF_20230708_0_L2A,19,45.4124,0.0,0.0,
ftw-lithuania-005,fields-of-the-world,lithuania,0.7274,2023-08-25,S2A_34UFF_20230825_0_L2A,19,80.650485,1.0,1.0,
ftw-lithuania-005,fields-of-the-world,lithuania,0.7274,2023-10-11,S2A_34UFF_20231011_0_L2A,19,100,1.0,1.0,
ftw-lithuania-005,fields-of-the-world,lithuania,0.7274,2023-11-28,S2B_34UFF_20231128_0_L2A,19,13.720722,0.0,0.0,
ftw-lithuania-005,fields-of-the-world,lithuania,0.7274,2024-01-14,S2B_34UFF_20240114_0_L2A,19,99.997002,1.0,1.0,
ftw-lithuania-005,fields-of-the-world,lithuania,0.7274,2024-02-28,S2A_34UFF_20240228_0_L2A,19,99.560481,1.0,1.0,
ftw-lithuania-005,fields-of-the-world,lithuania,0.7274,2024-04-16,S2B_34UFF_20240416_0_L2A,19,99.987108,1.0,1.0,
ftw-lithuania-005,fields-of-the-world,lithuania,0.7274,2024-06-02,S2B_34UFF_20240602_0_L2A,19,30.749473,0.05263157894736842,0.05263157894736842,
ftw-lithuania-005,fields-of-the-world,lithuania,0.7274,2024-07-20,S2A_34UFF_20240720_0_L2A,19,27.950454,1.0,1.0,
ftw-lithuania-005,fields-of-the-world,lithuania,0.7274,2024-09-03,S2B_34UFF_20240903_0_L2A,19,63.580531,1.0,1.0,
ftw-lithuania-005,fields-of-the-world,lithuania,0.7274,2024-10-20,S2B_34UFF_20241020_0_L2A,19,12.23429,0.0,0.0,
ftw-lithuania-005,fields-of-the-world,lithuania,0.7274,2024-11-24,S2C_34UFF_20241124_1_L2A,19,65.280855,0.0,0.0,
ftw-lithuania-006,fields-of-the-world,lithuania,1.0247,2023-01-02,S2B_34UFF_20230102_0_L2A,23,100,1.0,1.0,
ftw-lithuania-006,fields-of-the-world,lithuania,1.0247,2023-02-16,S2A_34UFF_20230216_0_L2A,23,100,1.0,1.0,
ftw-lithuania-006,fields-of-the-world,lithuania,1.0247,2023-04-04,S2A_34UFF_20230404_0_L2A,23,98.305565,1.0,1.0,
ftw-lithuania-006,fields-of-the-world,lithuania,1.0247,2023-05-22,S2B_34UFF_20230522_0_L2A,23,64.435381,1.0,1.0,
ftw-lithuania-006,fields-of-the-world,lithuania,1.0247,2023-07-08,S2B_34UFF_20230708_0_L2A,23,45.4124,0.0,0.0,
ftw-lithuania-006,fields-of-the-world,lithuania,1.0247,2023-08-25,S2A_34UFF_20230825_0_L2A,23,80.650485,1.0,1.0,
ftw-lithuania-006,fields-of-the-world,lithuania,1.0247,2023-10-11,S2A_34UFF_20231011_0_L2A,23,100,1.0,1.0,
ftw-lithuania-006,fields-of-the-world,lithuania,1.0247,2023-11-28,S2B_34UFF_20231128_0_L2A,23,13.720722,0.0,0.0,
ftw-lithuania-006,fields-of-the-world,lithuania,1.0247,2024-01-14,S2B_34UFF_20240114_0_L2A,23,99.997002,1.0,1.0,
ftw-lithuania-006,fields-of-the-world,lithuania,1.0247,2024-02-28,S2A_34UFF_20240228_0_L2A,23,99.560481,1.0,1.0,
ftw-lithuania-006,fields-of-the-world,lithuania,1.0247,2024-04-16,S2B_34UFF_20240416_0_L2A,23,99.987108,1.0,1.0,
ftw-lithuania-006,fields-of-the-world,lithuania,1.0247,2024-06-02,S2B_34UFF_20240602_0_L2A,23,30.749473,1.0,1.0,
ftw-lithuania-006,fields-of-the-world,lithuania,1.0247,2024-07-20,S2A_34UFF_20240720_0_L2A,23,27.950454,1.0,1.0,
ftw-lithuania-006,fields-of-the-world,lithuania,1.0247,2024-09-03,S2B_34UFF_20240903_0_L2A,23,63.580531,1.0,1.0,
ftw-lithuania-006,fields-of-the-world,lithuania,1.0247,2024-10-20,S2B_34UFF_20241020_0_L2A,23,12.23429,0.0,0.0,
ftw-lithuania-006,fields-of-the-world,lithuania,1.0247,2024-11-24,S2C_34UFF_20241124_1_L2A,23,65.280855,0.0,0.0,
ftw-lithuania-007,fields-of-the-world,lithuania,1.3602,2023-01-02,S2B_34UFG_20230102_0_L2A,30,100,1.0,1.0,
ftw-lithuania-007,fields-of-the-world,lithuania,1.3602,2023-02-16,S2A_34UFG_20230216_0_L2A,30,100,1.0,1.0,
ftw-lithuania-007,fields-of-the-world,lithuania,1.3602,2023-04-04,S2A_34UFG_20230404_0_L2A,30,98.912746,1.0,1.0,
ftw-lithuania-007,fields-of-the-world,lithuania,1.3602,2023-05-19,S2B_34UFG_20230519_0_L2A,30,99.010265,1.0,1.0,
ftw-lithuania-007,fields-of-the-world,lithuania,1.3602,2023-07-06,S2A_34UFG_20230706_0_L2A,30,92.924964,1.0,1.0,
ftw-lithuania-007,fields-of-the-world,lithuania,1.3602,2023-08-22,S2A_34UFG_20230822_0_L2A,30,95.677572,1.0,1.0,
ftw-lithuania-007,fields-of-the-world,lithuania,1.3602,2023-10-09,S2B_34UFG_20231009_0_L2A,30,54.884613,0.0,0.0,
ftw-lithuania-007,fields-of-the-world,lithuania,1.3602,2023-11-23,S2A_34UFG_20231123_0_L2A,30,99.962091,1.0,1.0,
ftw-lithuania-007,fields-of-the-world,lithuania,1.3602,2024-01-09,S2A_34UFG_20240109_0_L2A,30,92.949373,1.0,1.0,
ftw-lithuania-007,fields-of-the-world,lithuania,1.3602,2024-02-26,S2B_34UFG_20240226_0_L2A,30,93.960136,1.0,1.0,
ftw-lithuania-007,fields-of-the-world,lithuania,1.3602,2024-04-11,S2A_34UFG_20240411_0_L2A,30,21.042944,0.0,0.0,
ftw-lithuania-007,fields-of-the-world,lithuania,1.3602,2024-05-28,S2A_34UFG_20240528_0_L2A,30,25.964954,0.0,0.0,
ftw-lithuania-007,fields-of-the-world,lithuania,1.3602,2024-07-12,S2B_34UFG_20240712_0_L2A,30,61.595976,1.0,1.0,
ftw-lithuania-007,fields-of-the-world,lithuania,1.3602,2024-08-29,S2A_34UFG_20240829_0_L2A,30,15.392421,0.0,0.0,
ftw-lithuania-007,fields-of-the-world,lithuania,1.3602,2024-10-13,S2B_34UFG_20241013_0_L2A,30,69.786364,0.0,0.0,
ftw-lithuania-007,fields-of-the-world,lithuania,1.3602,2024-11-24,S2A_34UFG_20241124_0_L2A,30,38.902846,0.4666666666666667,0.4666666666666667,
ftw-lithuania-008,fields-of-the-world,lithuania,1.6215,2023-01-02,S2B_34UFG_20230102_0_L2A,43,100,1.0,1.0,
ftw-lithuania-008,fields-of-the-world,lithuania,1.6215,2023-02-16,S2A_34UFG_20230216_0_L2A,43,100,1.0,1.0,
ftw-lithuania-008,fields-of-the-world,lithuania,1.6215,2023-04-04,S2A_34UFG_20230404_0_L2A,43,98.912746,1.0,1.0,
ftw-lithuania-008,fields-of-the-world,lithuania,1.6215,2023-05-19,S2B_34UFG_20230519_0_L2A,43,99.010265,1.0,1.0,
ftw-lithuania-008,fields-of-the-world,lithuania,1.6215,2023-07-06,S2A_34UFG_20230706_0_L2A,43,92.924964,1.0,1.0,
ftw-lithuania-008,fields-of-the-world,lithuania,1.6215,2023-08-22,S2A_34UFG_20230822_0_L2A,43,95.677572,1.0,1.0,
ftw-lithuania-008,fields-of-the-world,lithuania,1.6215,2023-10-09,S2B_34UFG_20231009_0_L2A,43,54.884613,1.0,1.0,
ftw-lithuania-008,fields-of-the-world,lithuania,1.6215,2023-11-23,S2A_34UFG_20231123_0_L2A,43,99.962091,1.0,1.0,
ftw-lithuania-008,fields-of-the-world,lithuania,1.6215,2024-01-09,S2A_34UFG_20240109_0_L2A,43,92.949373,1.0,1.0,
ftw-lithuania-008,fields-of-the-world,lithuania,1.6215,2024-02-26,S2B_34UFG_20240226_0_L2A,43,93.960136,1.0,1.0,
ftw-lithuania-008,fields-of-the-world,lithuania,1.6215,2024-04-11,S2A_34UFG_20240411_0_L2A,43,21.042944,0.0,0.0,
ftw-lithuania-008,fields-of-the-world,lithuania,1.6215,2024-05-28,S2A_34UFG_20240528_0_L2A,43,25.964954,0.0,0.0,
ftw-lithuania-008,fields-of-the-world,lithuania,1.6215,2024-07-12,S2B_34UFG_20240712_0_L2A,43,61.595976,1.0,1.0,
ftw-lithuania-008,fields-of-the-world,lithuania,1.6215,2024-08-29,S2A_34UFG_20240829_0_L2A,43,15.392421,0.0,0.0,
ftw-lithuania-008,fields-of-the-world,lithuania,1.6215,2024-10-13,S2B_34UFG_20241013_0_L2A,43,69.786364,1.0,1.0,
ftw-lithuania-008,fields-of-the-world,lithuania,1.6215,2024-11-24,S2A_34UFG_20241124_0_L2A,43,38.902846,0.0,0.0,
ftw-lithuania-009,fields-of-the-world,lithuania,2.0804,2023-01-02,S2B_34UFG_20230102_0_L2A,48,100,1.0,1.0,
ftw-lithuania-009,fields-of-the-world,lithuania,2.0804,2023-02-16,S2A_34UFF_20230216_0_L2A,48,100,1.0,1.0,
ftw-lithuania-009,fields-of-the-world,lithuania,2.0804,2023-04-04,S2A_34UFF_20230404_0_L2A,48,98.305565,1.0,1.0,
ftw-lithuania-009,fields-of-the-world,lithuania,2.0804,2023-05-22,S2B_34UFG_20230522_0_L2A,48,83.569086,1.0,1.0,
ftw-lithuania-009,fields-of-the-world,lithuania,2.0804,2023-07-08,S2B_34UFG_20230708_0_L2A,48,68.082643,1.0,1.0,
ftw-lithuania-009,fields-of-the-world,lithuania,2.0804,2023-08-25,S2A_34UFF_20230825_0_L2A,48,80.650485,1.0,1.0,
ftw-lithuania-009,fields-of-the-world,lithuania,2.0804,2023-10-11,S2A_34UFF_20231011_0_L2A,48,100,1.0,1.0,
ftw-lithuania-009,fields-of-the-world,lithuania,2.0804,2023-11-28,S2B_34UFG_20231128_0_L2A,48,62.692326,0.0,0.0,
ftw-lithuania-009,fields-of-the-world,lithuania,2.0804,2024-01-14,S2B_34UFG_20240114_0_L2A,48,97.815776,1.0,1.0,
ftw-lithuania-009,fields-of-the-world,lithuania,2.0804,2024-02-28,S2A_34UFF_20240228_0_L2A,48,99.560481,1.0,1.0,
ftw-lithuania-009,fields-of-the-world,lithuania,2.0804,2024-04-16,S2B_34UFF_20240416_0_L2A,48,99.987108,1.0,1.0,
ftw-lithuania-009,fields-of-the-world,lithuania,2.0804,2024-06-02,S2B_34UFG_20240602_0_L2A,48,78.92108,0.0,0.0,
ftw-lithuania-009,fields-of-the-world,lithuania,2.0804,2024-07-20,S2A_34UFG_20240720_0_L2A,48,51.227069,1.0,1.0,
ftw-lithuania-009,fields-of-the-world,lithuania,2.0804,2024-09-03,S2B_34UFF_20240903_0_L2A,48,63.580531,0.0,0.0,
ftw-lithuania-009,fields-of-the-world,lithuania,2.0804,2024-10-20,S2B_34UFF_20241020_0_L2A,48,12.23429,0.0,0.0,
ftw-lithuania-009,fields-of-the-world,lithuania,2.0804,2024-11-24,S2C_34UFG_20241124_1_L2A,48,20.447165,0.5833333333333334,0.5833333333333334,
ftw-lithuania-010,fields-of-the-world,lithuania,2.2629,2023-01-02,S2B_34UFG_20230102_0_L2A,43,100,1.0,1.0,
ftw-lithuania-010,fields-of-the-world,lithuania,2.2629,2023-02-16,S2A_34UFG_20230216_0_L2A,43,100,1.0,1.0,
ftw-lithuania-010,fields-of-the-world,lithuania,2.2629,2023-04-04,S2A_34UFG_20230404_0_L2A,43,98.912746,1.0,1.0,
ftw-lithuania-010,fields-of-the-world,lithuania,2.2629,2023-05-19,S2B_34UFG_20230519_0_L2A,43,99.010265,1.0,1.0,
ftw-lithuania-010,fields-of-the-world,lithuania,2.2629,2023-07-06,S2A_34UFG_20230706_0_L2A,43,92.924964,1.0,1.0,
ftw-lithuania-010,fields-of-the-world,lithuania,2.2629,2023-08-22,S2A_34UFG_20230822_0_L2A,43,95.677572,1.0,1.0,
ftw-lithuania-010,fields-of-the-world,lithuania,2.2629,2023-10-09,S2B_34UFG_20231009_0_L2A,43,54.884613,1.0,1.0,
ftw-lithuania-010,fields-of-the-world,lithuania,2.2629,2023-11-23,S2A_34UFG_20231123_0_L2A,43,99.962091,1.0,1.0,
ftw-lithuania-010,fields-of-the-world,lithuania,2.2629,2024-01-09,S2A_34UFG_20240109_0_L2A,43,92.949373,1.0,1.0,
ftw-lithuania-010,fields-of-the-world,lithuania,2.2629,2024-02-26,S2B_34UFG_20240226_0_L2A,43,93.960136,1.0,1.0,
ftw-lithuania-010,fields-of-the-world,lithuania,2.2629,2024-04-11,S2A_34UFG_20240411_0_L2A,43,21.042944,0.0,0.0,
ftw-lithuania-010,fields-of-the-world,lithuania,2.2629,2024-05-28,S2A_34UFG_20240528_0_L2A,43,25.964954,0.0,0.0,
ftw-lithuania-010,fields-of-the-world,lithuania,2.2629,2024-07-12,S2B_34UFG_20240712_0_L2A,43,61.595976,1.0,1.0,
ftw-lithuania-010,fields-of-the-world,lithuania,2.2629,2024-08-29,S2A_34UFG_20240829_0_L2A,43,15.392421,0.0,0.0,
ftw-lithuania-010,fields-of-the-world,lithuania,2.2629,2024-10-13,S2B_34UFG_20241013_0_L2A,43,69.786364,1.0,1.0,
ftw-lithuania-010,fields-of-the-world,lithuania,2.2629,2024-11-24,S2A_34UFG_20241124_0_L2A,43,38.902846,0.0,0.0,
ftw-lithuania-011,fields-of-the-world,lithuania,3.2563,2023-01-02,S2B_34UFG_20230102_0_L2A,74,100,1.0,1.0,
ftw-lithuania-011,fields-of-the-world,lithuania,3.2563,2023-02-16,S2A_34UFF_20230216_0_L2A,74,100,1.0,1.0,
ftw-lithuania-011,fields-of-the-world,lithuania,3.2563,2023-04-04,S2A_34UFF_20230404_0_L2A,74,98.305565,1.0,1.0,
ftw-lithuania-011,fields-of-the-world,lithuania,3.2563,2023-05-22,S2B_34UFG_20230522_0_L2A,74,83.569086,1.0,1.0,
ftw-lithuania-011,fields-of-the-world,lithuania,3.2563,2023-07-08,S2B_34UFG_20230708_0_L2A,74,68.082643,1.0,1.0,
ftw-lithuania-011,fields-of-the-world,lithuania,3.2563,2023-08-25,S2A_34UFF_20230825_0_L2A,74,80.650485,1.0,1.0,
ftw-lithuania-011,fields-of-the-world,lithuania,3.2563,2023-10-11,S2A_34UFF_20231011_0_L2A,74,100,1.0,1.0,
ftw-lithuania-011,fields-of-the-world,lithuania,3.2563,2023-11-28,S2B_34UFG_20231128_0_L2A,74,62.692326,0.0,0.0,
ftw-lithuania-011,fields-of-the-world,lithuania,3.2563,2024-01-14,S2B_34UFG_20240114_0_L2A,74,97.815776,1.0,1.0,
ftw-lithuania-011,fields-of-the-world,lithuania,3.2563,2024-02-28,S2A_34UFF_20240228_0_L2A,74,99.560481,1.0,1.0,
ftw-lithuania-011,fields-of-the-world,lithuania,3.2563,2024-04-16,S2B_34UFF_20240416_0_L2A,74,99.987108,1.0,1.0,
ftw-lithuania-011,fields-of-the-world,lithuania,3.2563,2024-06-02,S2B_34UFG_20240602_0_L2A,74,78.92108,0.2702702702702703,0.2702702702702703,
ftw-lithuania-011,fields-of-the-world,lithuania,3.2563,2024-07-20,S2A_34UFG_20240720_0_L2A,74,51.227069,0.17567567567567569,0.17567567567567569,
ftw-lithuania-011,fields-of-the-world,lithuania,3.2563,2024-09-03,S2B_34UFF_20240903_0_L2A,74,63.580531,0.0,0.0,
ftw-lithuania-011,fields-of-the-world,lithuania,3.2563,2024-10-20,S2B_34UFF_20241020_0_L2A,74,12.23429,0.10810810810810811,0.10810810810810811,
ftw-lithuania-011,fields-of-the-world,lithuania,3.2563,2024-11-24,S2C_34UFG_20241124_1_L2A,74,20.447165,0.0,0.0,
ftw-lithuania-012,fields-of-the-world,lithuania,5.6255,2023-01-04,S2A_34UFG_20230104_0_L2A,142,100,1.0,1.0,
ftw-lithuania-012,fields-of-the-world,lithuania,5.6255,2023-03-05,S2A_34UFG_20230305_0_L2A,142,91.300648,1.0,1.0,
ftw-lithuania-012,fields-of-the-world,lithuania,5.6255,2023-04-24,S2A_34UFG_20230424_0_L2A,142,15.571578,0.0,0.0,
ftw-lithuania-012,fields-of-the-world,lithuania,5.6255,2023-05-31,S2A_34UFG_20230531_0_L2A,142,0.506529,0.07746478873239436,0.07746478873239436,
ftw-lithuania-012,fields-of-the-world,lithuania,5.6255,2023-07-18,S2B_34UFG_20230718_0_L2A,142,51.611066,1.0,1.0,
ftw-lithuania-012,fields-of-the-world,lithuania,5.6255,2023-08-29,S2A_34UFF_20230829_0_L2A,0,100,nan,nan,"forma raster (12, 13) != mascara (23, 13)"
ftw-lithuania-012,fields-of-the-world,lithuania,5.6255,2023-09-18,S2A_34UFF_20230918_0_L2A,0,20.072295,nan,nan,"forma raster (12, 13) != mascara (23, 13)"
ftw-lithuania-012,fields-of-the-world,lithuania,5.6255,2023-11-07,S2A_34UFG_20231107_0_L2A,142,92.069775,1.0,1.0,
ftw-lithuania-012,fields-of-the-world,lithuania,5.6255,2023-12-25,S2B_34UFG_20231225_0_L2A,142,96.54544,1.0,1.0,
ftw-lithuania-012,fields-of-the-world,lithuania,5.6255,2024-02-23,S2B_34UFG_20240223_0_L2A,142,100,1.0,1.0,
ftw-lithuania-012,fields-of-the-world,lithuania,5.6255,2024-04-13,S2B_34UFG_20240413_0_L2A,142,99.600345,1.0,1.0,
ftw-lithuania-012,fields-of-the-world,lithuania,5.6255,2024-05-08,S2A_34UFG_20240508_0_L2A,142,28.972149,0.14084507042253522,0.14084507042253522,
ftw-lithuania-012,fields-of-the-world,lithuania,5.6255,2024-06-22,S2B_34UFG_20240622_0_L2A,142,99.999708,1.0,1.0,
ftw-lithuania-012,fields-of-the-world,lithuania,5.6255,2024-08-21,S2B_34UFG_20240821_0_L2A,142,98.316669,1.0,1.0,
ftw-lithuania-012,fields-of-the-world,lithuania,5.6255,2024-10-10,S2B_34UFG_20241010_0_L2A,142,98.333418,1.0,1.0,
ftw-lithuania-012,fields-of-the-world,lithuania,5.6255,2024-11-14,S2C_34UFG_20241114_1_L2A,142,99.980122,1.0,1.0,
ftw-lithuania-013,fields-of-the-world,lithuania,6.1722,2023-01-01,S2A_34UFF_20230101_0_L2A,0,97.331518,nan,nan,"forma raster (10, 16) != mascara (20, 16)"
ftw-lithuania-013,fields-of-the-world,lithuania,6.1722,2023-02-28,S2B_34UFG_20230228_0_L2A,153,88.592857,0.6078431372549019,0.6078431372549019,
ftw-lithuania-013,fields-of-the-world,lithuania,6.1722,2023-04-09,S2B_34UFG_20230409_0_L2A,153,33.824429,0.0,0.0,
ftw-lithuania-013,fields-of-the-world,lithuania,6.1722,2023-05-19,S2B_34UFG_20230519_0_L2A,153,99.010265,1.0,1.0,
ftw-lithuania-013,fields-of-the-world,lithuania,6.1722,2023-06-20,S2A_34UFF_20230620_0_L2A,0,16.062793,nan,nan,"forma raster (10, 16) != mascara (20, 16)"
ftw-lithuania-013,fields-of-the-world,lithuania,6.1722,2023-08-07,S2B_34UFG_20230807_0_L2A,153,99.999988,1.0,1.0,
ftw-lithuania-013,fields-of-the-world,lithuania,6.1722,2023-09-13,S2B_34UFG_20230913_0_L2A,153,9.04193,0.0,0.0,
ftw-lithuania-013,fields-of-the-world,lithuania,6.1722,2023-11-02,S2B_34UFF_20231102_0_L2A,0,70.325685,nan,nan,"forma raster (10, 16) != mascara (20, 16)"
ftw-lithuania-013,fields-of-the-world,lithuania,6.1722,2023-12-25,S2B_34UFG_20231225_0_L2A,153,96.54544,1.0,1.0,
ftw-lithuania-013,fields-of-the-world,lithuania,6.1722,2024-02-28,S2A_34UFG_20240228_0_L2A,153,99.996883,1.0,1.0,
ftw-lithuania-013,fields-of-the-world,lithuania,6.1722,2024-04-10,S2B_34UFF_20240410_0_L2A,0,61.914855,nan,nan,"forma raster (10, 16) != mascara (20, 16)"
ftw-lithuania-013,fields-of-the-world,lithuania,6.1722,2024-05-15,S2A_34UFG_20240515_0_L2A,153,42.715377,1.0,1.0,
ftw-lithuania-013,fields-of-the-world,lithuania,6.1722,2024-06-24,S2A_34UFF_20240624_0_L2A,0,91.146457,nan,nan,"forma raster (10, 16) != mascara (20, 16)"
ftw-lithuania-013,fields-of-the-world,lithuania,6.1722,2024-08-31,S2B_34UFG_20240831_0_L2A,153,90.318495,1.0,1.0,
ftw-lithuania-013,fields-of-the-world,lithuania,6.1722,2024-10-05,S2A_34UFG_20241005_0_L2A,153,10.120272,0.0,0.0,
ftw-lithuania-013,fields-of-the-world,lithuania,6.1722,2024-11-14,S2C_34UFG_20241114_1_L2A,153,99.980122,1.0,1.0,
ftw-lithuania-014,fields-of-the-world,lithuania,6.3015,2023-01-02,S2B_34UFG_20230102_0_L2A,156,100,1.0,1.0,
ftw-lithuania-014,fields-of-the-world,lithuania,6.3015,2023-02-16,S2A_34UFG_20230216_0_L2A,156,100,1.0,1.0,
ftw-lithuania-014,fields-of-the-world,lithuania,6.3015,2023-04-04,S2A_34UFG_20230404_0_L2A,156,98.912746,1.0,1.0,
ftw-lithuania-014,fields-of-the-world,lithuania,6.3015,2023-05-19,S2B_34UFG_20230519_0_L2A,156,99.010265,1.0,1.0,
ftw-lithuania-014,fields-of-the-world,lithuania,6.3015,2023-07-06,S2A_34UFG_20230706_0_L2A,156,92.924964,1.0,1.0,
ftw-lithuania-014,fields-of-the-world,lithuania,6.3015,2023-08-22,S2A_34UFG_20230822_0_L2A,156,95.677572,1.0,1.0,
ftw-lithuania-014,fields-of-the-world,lithuania,6.3015,2023-10-09,S2B_34UFG_20231009_0_L2A,156,54.884613,0.0,0.0,
ftw-lithuania-014,fields-of-the-world,lithuania,6.3015,2023-11-23,S2A_34UFG_20231123_0_L2A,156,99.962091,1.0,1.0,
ftw-lithuania-014,fields-of-the-world,lithuania,6.3015,2024-01-09,S2A_34UFG_20240109_0_L2A,156,92.949373,1.0,1.0,
ftw-lithuania-014,fields-of-the-world,lithuania,6.3015,2024-02-26,S2B_34UFG_20240226_0_L2A,156,93.960136,1.0,1.0,
ftw-lithuania-014,fields-of-the-world,lithuania,6.3015,2024-04-11,S2A_34UFG_20240411_0_L2A,156,21.042944,0.0,0.0,
ftw-lithuania-014,fields-of-the-world,lithuania,6.3015,2024-05-28,S2A_34UFG_20240528_0_L2A,156,25.964954,1.0,1.0,
ftw-lithuania-014,fields-of-the-world,lithuania,6.3015,2024-07-12,S2B_34UFG_20240712_0_L2A,156,61.595976,0.3525641025641026,0.3525641025641026,
ftw-lithuania-014,fields-of-the-world,lithuania,6.3015,2024-08-29,S2A_34UFG_20240829_0_L2A,156,15.392421,0.0,0.0,
ftw-lithuania-014,fields-of-the-world,lithuania,6.3015,2024-10-13,S2B_34UFG_20241013_0_L2A,156,69.786364,0.0,0.0,
ftw-lithuania-014,fields-of-the-world,lithuania,6.3015,2024-11-24,S2A_34UFG_20241124_0_L2A,156,38.902846,0.00641025641025641,0.00641025641025641,
ftw-lithuania-015,fields-of-the-world,lithuania,10.7291,2023-01-02,S2B_34UFG_20230102_0_L2A,266,100,1.0,1.0,
ftw-lithuania-015,fields-of-the-world,lithuania,10.7291,2023-02-16,S2A_34UFF_20230216_0_L2A,266,100,1.0,1.0,
ftw-lithuania-015,fields-of-the-world,lithuania,10.7291,2023-04-04,S2A_34UFG_20230404_0_L2A,266,98.912746,1.0,1.0,
ftw-lithuania-015,fields-of-the-world,lithuania,10.7291,2023-05-22,S2B_34UFG_20230522_0_L2A,266,83.569086,1.0,1.0,
ftw-lithuania-015,fields-of-the-world,lithuania,10.7291,2023-07-06,S2A_34UFF_20230706_0_L2A,266,94.32323,1.0,1.0,
ftw-lithuania-015,fields-of-the-world,lithuania,10.7291,2023-08-25,S2A_34UFG_20230825_0_L2A,266,100,1.0,1.0,
ftw-lithuania-015,fields-of-the-world,lithuania,10.7291,2023-10-11,S2A_34UFG_20231011_0_L2A,266,100,1.0,1.0,
ftw-lithuania-015,fields-of-the-world,lithuania,10.7291,2023-11-25,S2B_34UFF_20231125_0_L2A,266,99.357939,1.0,1.0,
ftw-lithuania-015,fields-of-the-world,lithuania,10.7291,2024-01-12,S2A_34UFF_20240112_0_L2A,266,96.270722,1.0,1.0,
ftw-lithuania-015,fields-of-the-world,lithuania,10.7291,2024-02-28,S2A_34UFG_20240228_0_L2A,266,99.996883,1.0,1.0,
ftw-lithuania-015,fields-of-the-world,lithuania,10.7291,2024-04-13,S2B_34UFF_20240413_0_L2A,266,99.871171,1.0,1.0,
ftw-lithuania-015,fields-of-the-world,lithuania,10.7291,2024-05-31,S2A_34UFF_20240531_0_L2A,266,30.481941,0.40225563909774437,0.40225563909774437,
ftw-lithuania-015,fields-of-the-world,lithuania,10.7291,2024-07-17,S2A_34UFG_20240717_0_L2A,266,24.269316,1.0,1.0,
ftw-lithuania-015,fields-of-the-world,lithuania,10.7291,2024-08-31,S2B_34UFF_20240831_0_L2A,266,99.695385,1.0,1.0,
ftw-lithuania-015,fields-of-the-world,lithuania,10.7291,2024-10-18,S2A_34UFF_20241018_0_L2A,266,8.7e-05,0.0,0.0,
ftw-lithuania-015,fields-of-the-world,lithuania,10.7291,2024-11-24,S2C_34UFG_20241124_1_L2A,266,20.447165,0.0,0.0,
ftw-lithuania-016,fields-of-the-world,lithuania,11.6293,2023-01-04,S2A_34UFG_20230104_0_L2A,292,100,1.0,1.0,
ftw-lithuania-016,fields-of-the-world,lithuania,11.6293,2023-02-28,S2B_34UFG_20230228_0_L2A,292,88.592857,0.6301369863013698,0.6301369863013698,
ftw-lithuania-016,fields-of-the-world,lithuania,11.6293,2023-04-11,S2A_34UFG_20230411_0_L2A,292,1.237153,0.0,0.0,
ftw-lithuania-016,fields-of-the-world,lithuania,11.6293,2023-05-21,S2A_34UFG_20230521_0_L2A,292,12.548082,1.0,1.0,
ftw-lithuania-016,fields-of-the-world,lithuania,11.6293,2023-06-30,S2A_34UFG_20230630_0_L2A,292,41.413507,0.9554794520547946,0.9554794520547946,
ftw-lithuania-016,fields-of-the-world,lithuania,11.6293,2023-08-17,S2B_34UFG_20230817_0_L2A,292,36.472166,0.0,0.0,
ftw-lithuania-016,fields-of-the-world,lithuania,11.6293,2023-09-21,S2A_34UFG_20230921_0_L2A,292,1.425845,0.0,0.0,
ftw-lithuania-016,fields-of-the-world,lithuania,11.6293,2023-11-10,S2A_34UFG_20231110_0_L2A,292,99.994427,1.0,1.0,
ftw-lithuania-016,fields-of-the-world,lithuania,11.6293,2024-01-01,S2B_34UFG_20240101_0_L2A,292,99.999946,1.0,1.0,
ftw-lithuania-016,fields-of-the-world,lithuania,11.6293,2024-02-28,S2A_34UFG_20240228_0_L2A,292,99.996883,1.0,1.0,
ftw-lithuania-016,fields-of-the-world,lithuania,11.6293,2024-04-13,S2B_34UFG_20240413_0_L2A,292,99.600345,1.0,1.0,
ftw-lithuania-016,fields-of-the-world,lithuania,11.6293,2024-05-18,S2A_34UFG_20240518_0_L2A,292,28.570631,0.0,0.0,
ftw-lithuania-016,fields-of-the-world,lithuania,11.6293,2024-07-07,S2A_34UFG_20240707_0_L2A,292,99.887925,1.0,1.0,
ftw-lithuania-016,fields-of-the-world,lithuania,11.6293,2024-08-31,S2B_34UFG_20240831_0_L2A,292,90.318495,1.0,1.0,
ftw-lithuania-016,fields-of-the-world,lithuania,11.6293,2024-10-15,S2A_34UFG_20241015_0_L2A,292,85.648668,1.0,1.0,
ftw-lithuania-016,fields-of-the-world,lithuania,11.6293,2024-11-19,S2B_34UFG_20241119_0_L2A,292,99.566084,1.0,1.0,
ftw-lithuania-017,fields-of-the-world,lithuania,23.4243,2023-01-02,S2B_34UFG_20230102_0_L2A,587,100,1.0,1.0,
ftw-lithuania-017,fields-of-the-world,lithuania,23.4243,2023-02-16,S2A_34UFG_20230216_0_L2A,587,100,1.0,1.0,
ftw-lithuania-017,fields-of-the-world,lithuania,23.4243,2023-04-04,S2A_34UFG_20230404_0_L2A,587,98.912746,1.0,1.0,
ftw-lithuania-017,fields-of-the-world,lithuania,23.4243,2023-05-19,S2B_34UFG_20230519_0_L2A,587,99.010265,1.0,1.0,
ftw-lithuania-017,fields-of-the-world,lithuania,23.4243,2023-07-06,S2A_34UFG_20230706_0_L2A,587,92.924964,1.0,1.0,
ftw-lithuania-017,fields-of-the-world,lithuania,23.4243,2023-08-22,S2A_34UFG_20230822_0_L2A,587,95.677572,1.0,1.0,
ftw-lithuania-017,fields-of-the-world,lithuania,23.4243,2023-10-09,S2B_34UFG_20231009_0_L2A,587,54.884613,1.0,1.0,
ftw-lithuania-017,fields-of-the-world,lithuania,23.4243,2023-11-23,S2A_34UFG_20231123_0_L2A,587,99.962091,1.0,1.0,
ftw-lithuania-017,fields-of-the-world,lithuania,23.4243,2024-01-09,S2A_34UFG_20240109_0_L2A,587,92.949373,1.0,1.0,
ftw-lithuania-017,fields-of-the-world,lithuania,23.4243,2024-02-26,S2B_34UFG_20240226_0_L2A,587,93.960136,1.0,1.0,
ftw-lithuania-017,fields-of-the-world,lithuania,23.4243,2024-04-11,S2A_34UFG_20240411_0_L2A,587,21.042944,0.21976149914821125,0.21976149914821125,
ftw-lithuania-017,fields-of-the-world,lithuania,23.4243,2024-05-28,S2A_34UFG_20240528_0_L2A,587,25.964954,0.0,0.0,
ftw-lithuania-017,fields-of-the-world,lithuania,23.4243,2024-07-12,S2B_34UFG_20240712_0_L2A,587,61.595976,1.0,1.0,
ftw-lithuania-017,fields-of-the-world,lithuania,23.4243,2024-08-29,S2A_34UFG_20240829_0_L2A,587,15.392421,0.0,0.0,
ftw-lithuania-017,fields-of-the-world,lithuania,23.4243,2024-10-13,S2B_34UFG_20241013_0_L2A,587,69.786364,1.0,1.0,
ftw-lithuania-017,fields-of-the-world,lithuania,23.4243,2024-11-24,S2A_34UFG_20241124_0_L2A,587,38.902846,0.0,0.0,
ftw-luxembourg-000,fields-of-the-world,luxembourg,0.2201,2023-01-02,S2A_32ULA_20230102_0_L2A,4,99.999803,1.0,1.0,
ftw-luxembourg-000,fields-of-the-world,luxembourg,0.2201,2023-02-16,S2B_32ULA_20230216_0_L2A,4,91.098118,1.0,1.0,
ftw-luxembourg-000,fields-of-the-world,luxembourg,0.2201,2023-04-02,S2A_31UGR_20230402_0_L2A,6,99.983257,1.0,1.0,
ftw-luxembourg-000,fields-of-the-world,luxembourg,0.2201,2023-05-22,S2A_32ULA_20230522_0_L2A,4,61.118704,0.0,0.0,
ftw-luxembourg-000,fields-of-the-world,luxembourg,0.2201,2023-07-06,S2B_31UGR_20230706_0_L2A,6,52.371383,0.0,0.0,
ftw-luxembourg-000,fields-of-the-world,luxembourg,0.2201,2023-08-20,S2A_31UGR_20230820_0_L2A,6,7.962007,0.0,0.0,
ftw-luxembourg-000,fields-of-the-world,luxembourg,0.2201,2023-10-09,S2A_32ULA_20231009_0_L2A,4,70.825154,1.0,1.0,
ftw-luxembourg-000,fields-of-the-world,luxembourg,0.2201,2023-11-28,S2A_31UGR_20231128_0_L2A,6,80.181444,1.0,1.0,
ftw-luxembourg-000,fields-of-the-world,luxembourg,0.2201,2024-01-17,S2A_32ULA_20240117_0_L2A,4,99.995887,1.0,1.0,
ftw-luxembourg-000,fields-of-the-world,luxembourg,0.2201,2024-03-02,S2B_32ULA_20240302_0_L2A,4,75.653869,1.0,1.0,
ftw-luxembourg-000,fields-of-the-world,luxembourg,0.2201,2024-04-16,S2A_31UGR_20240416_0_L2A,6,95.995462,1.0,1.0,
ftw-luxembourg-000,fields-of-the-world,luxembourg,0.2201,2024-06-05,S2A_32ULA_20240605_0_L2A,4,98.195207,1.0,1.0,
ftw-luxembourg-000,fields-of-the-world,luxembourg,0.2201,2024-07-20,S2B_31UGR_20240720_0_L2A,6,6.119685,0.0,0.0,
ftw-luxembourg-000,fields-of-the-world,luxembourg,0.2201,2024-09-03,S2A_31UGR_20240903_0_L2A,6,60.115129,1.0,1.0,
ftw-luxembourg-000,fields-of-the-world,luxembourg,0.2201,2024-10-23,S2A_32ULA_20241023_0_L2A,4,8.361279,0.0,0.0,
ftw-luxembourg-000,fields-of-the-world,luxembourg,0.2201,2024-11-22,S2C_31UGR_20241122_1_L2A,6,97.541797,1.0,1.0,
ftw-luxembourg-001,fields-of-the-world,luxembourg,0.3139,2023-01-02,S2A_31UGR_20230102_0_L2A,8,99.99969,1.0,1.0,
ftw-luxembourg-001,fields-of-the-world,luxembourg,0.3139,2023-02-16,S2B_31UGR_20230216_0_L2A,8,98.824966,1.0,1.0,
ftw-luxembourg-001,fields-of-the-world,luxembourg,0.3139,2023-04-02,S2A_31UGR_20230402_0_L2A,8,99.983257,1.0,1.0,
ftw-luxembourg-001,fields-of-the-world,luxembourg,0.3139,2023-05-22,S2A_31UGR_20230522_0_L2A,8,52.845269,0.0,0.0,
ftw-luxembourg-001,fields-of-the-world,luxembourg,0.3139,2023-07-06,S2B_31UGR_20230706_0_L2A,8,52.371383,1.0,1.0,
ftw-luxembourg-001,fields-of-the-world,luxembourg,0.3139,2023-08-20,S2A_31UGR_20230820_0_L2A,8,7.962007,0.0,0.0,
ftw-luxembourg-001,fields-of-the-world,luxembourg,0.3139,2023-10-09,S2A_31UGR_20231009_0_L2A,8,69.236875,1.0,1.0,
ftw-luxembourg-001,fields-of-the-world,luxembourg,0.3139,2023-11-28,S2A_31UGR_20231128_0_L2A,8,80.181444,1.0,1.0,
ftw-luxembourg-001,fields-of-the-world,luxembourg,0.3139,2024-01-17,S2A_31UGR_20240117_0_L2A,8,99.993134,1.0,1.0,
ftw-luxembourg-001,fields-of-the-world,luxembourg,0.3139,2024-03-02,S2B_31UGR_20240302_0_L2A,8,79.873657,0.0,0.0,
ftw-luxembourg-001,fields-of-the-world,luxembourg,0.3139,2024-04-16,S2A_31UGR_20240416_0_L2A,8,95.995462,1.0,1.0,
ftw-luxembourg-001,fields-of-the-world,luxembourg,0.3139,2024-06-05,S2A_31UGR_20240605_0_L2A,8,98.179781,1.0,1.0,
ftw-luxembourg-001,fields-of-the-world,luxembourg,0.3139,2024-07-20,S2B_31UGR_20240720_0_L2A,8,6.119685,0.0,0.0,
ftw-luxembourg-001,fields-of-the-world,luxembourg,0.3139,2024-09-03,S2A_31UGR_20240903_0_L2A,8,60.115129,1.0,1.0,
ftw-luxembourg-001,fields-of-the-world,luxembourg,0.3139,2024-10-23,S2A_31UGR_20241023_0_L2A,8,6.613362,0.0,0.0,
ftw-luxembourg-001,fields-of-the-world,luxembourg,0.3139,2024-11-22,S2C_31UGR_20241122_1_L2A,8,97.541797,1.0,1.0,
ftw-luxembourg-002,fields-of-the-world,luxembourg,0.438,2023-01-02,S2A_32ULA_20230102_0_L2A,11,99.999803,1.0,1.0,
ftw-luxembourg-002,fields-of-the-world,luxembourg,0.438,2023-02-16,S2B_32ULA_20230216_0_L2A,11,91.098118,1.0,1.0,
ftw-luxembourg-002,fields-of-the-world,luxembourg,0.438,2023-04-02,S2A_31UGR_20230402_0_L2A,11,99.983257,1.0,1.0,
ftw-luxembourg-002,fields-of-the-world,luxembourg,0.438,2023-05-22,S2A_32ULA_20230522_0_L2A,11,61.118704,1.0,1.0,
ftw-luxembourg-002,fields-of-the-world,luxembourg,0.438,2023-07-06,S2B_31UGR_20230706_0_L2A,11,52.371383,0.8181818181818182,0.8181818181818182,
ftw-luxembourg-002,fields-of-the-world,luxembourg,0.438,2023-08-20,S2A_31UGR_20230820_0_L2A,11,7.962007,0.0,0.0,
ftw-luxembourg-002,fields-of-the-world,luxembourg,0.438,2023-10-09,S2A_32ULA_20231009_0_L2A,11,70.825154,1.0,1.0,
ftw-luxembourg-002,fields-of-the-world,luxembourg,0.438,2023-11-28,S2A_31UGR_20231128_0_L2A,11,80.181444,1.0,1.0,
ftw-luxembourg-002,fields-of-the-world,luxembourg,0.438,2024-01-17,S2A_32ULA_20240117_0_L2A,11,99.995887,1.0,1.0,
ftw-luxembourg-002,fields-of-the-world,luxembourg,0.438,2024-03-02,S2B_32ULA_20240302_0_L2A,11,75.653869,1.0,1.0,
ftw-luxembourg-002,fields-of-the-world,luxembourg,0.438,2024-04-16,S2A_31UGR_20240416_0_L2A,11,95.995462,1.0,1.0,
ftw-luxembourg-002,fields-of-the-world,luxembourg,0.438,2024-06-05,S2A_32ULA_20240605_0_L2A,11,98.195207,1.0,1.0,
ftw-luxembourg-002,fields-of-the-world,luxembourg,0.438,2024-07-20,S2B_31UGR_20240720_0_L2A,11,6.119685,0.0,0.0,
ftw-luxembourg-002,fields-of-the-world,luxembourg,0.438,2024-09-03,S2A_31UGR_20240903_0_L2A,11,60.115129,1.0,1.0,
ftw-luxembourg-002,fields-of-the-world,luxembourg,0.438,2024-10-23,S2A_32ULA_20241023_0_L2A,11,8.361279,0.0,0.0,
ftw-luxembourg-002,fields-of-the-world,luxembourg,0.438,2024-11-22,S2C_31UGR_20241122_1_L2A,11,97.541797,1.0,1.0,
ftw-luxembourg-003,fields-of-the-world,luxembourg,0.5023,2023-01-02,S2A_31UGR_20230102_0_L2A,7,99.99969,1.0,1.0,
ftw-luxembourg-003,fields-of-the-world,luxembourg,0.5023,2023-02-16,S2B_31UGR_20230216_0_L2A,7,98.824966,1.0,1.0,
ftw-luxembourg-003,fields-of-the-world,luxembourg,0.5023,2023-04-02,S2A_31UGR_20230402_0_L2A,7,99.983257,1.0,1.0,
ftw-luxembourg-003,fields-of-the-world,luxembourg,0.5023,2023-05-22,S2A_31UGR_20230522_0_L2A,7,52.845269,0.2857142857142857,0.2857142857142857,
ftw-luxembourg-003,fields-of-the-world,luxembourg,0.5023,2023-07-06,S2B_31UGR_20230706_0_L2A,7,52.371383,1.0,1.0,
ftw-luxembourg-003,fields-of-the-world,luxembourg,0.5023,2023-08-20,S2A_31UGR_20230820_0_L2A,7,7.962007,0.0,0.0,
ftw-luxembourg-003,fields-of-the-world,luxembourg,0.5023,2023-10-09,S2A_31UGR_20231009_0_L2A,7,69.236875,1.0,1.0,
ftw-luxembourg-003,fields-of-the-world,luxembourg,0.5023,2023-11-28,S2A_31UGR_20231128_0_L2A,7,80.181444,1.0,1.0,
ftw-luxembourg-003,fields-of-the-world,luxembourg,0.5023,2024-01-17,S2A_31UGR_20240117_0_L2A,7,99.993134,1.0,1.0,
ftw-luxembourg-003,fields-of-the-world,luxembourg,0.5023,2024-03-02,S2B_31UGR_20240302_0_L2A,7,79.873657,1.0,1.0,
ftw-luxembourg-003,fields-of-the-world,luxembourg,0.5023,2024-04-16,S2A_31UGR_20240416_0_L2A,7,95.995462,1.0,1.0,
ftw-luxembourg-003,fields-of-the-world,luxembourg,0.5023,2024-06-05,S2A_31UGR_20240605_0_L2A,7,98.179781,1.0,1.0,
ftw-luxembourg-003,fields-of-the-world,luxembourg,0.5023,2024-07-20,S2B_31UGR_20240720_0_L2A,7,6.119685,0.0,0.0,
ftw-luxembourg-003,fields-of-the-world,luxembourg,0.5023,2024-09-03,S2A_31UGR_20240903_0_L2A,7,60.115129,1.0,1.0,
ftw-luxembourg-003,fields-of-the-world,luxembourg,0.5023,2024-10-23,S2A_31UGR_20241023_0_L2A,7,6.613362,0.8571428571428571,0.8571428571428571,
ftw-luxembourg-003,fields-of-the-world,luxembourg,0.5023,2024-11-22,S2C_31UGR_20241122_1_L2A,7,97.541797,1.0,1.0,
ftw-luxembourg-004,fields-of-the-world,luxembourg,0.6712,2023-01-02,S2A_31UGR_20230102_0_L2A,15,99.99969,1.0,1.0,
ftw-luxembourg-004,fields-of-the-world,luxembourg,0.6712,2023-02-16,S2B_31UGR_20230216_0_L2A,15,98.824966,1.0,1.0,
ftw-luxembourg-004,fields-of-the-world,luxembourg,0.6712,2023-04-02,S2A_31UGR_20230402_0_L2A,15,99.983257,1.0,1.0,
ftw-luxembourg-004,fields-of-the-world,luxembourg,0.6712,2023-05-22,S2A_31UGR_20230522_0_L2A,15,52.845269,0.0,0.0,
ftw-luxembourg-004,fields-of-the-world,luxembourg,0.6712,2023-07-06,S2B_31UGR_20230706_0_L2A,15,52.371383,0.0,0.0,
ftw-luxembourg-004,fields-of-the-world,luxembourg,0.6712,2023-08-20,S2A_31UGR_20230820_0_L2A,15,7.962007,0.0,0.0,
ftw-luxembourg-004,fields-of-the-world,luxembourg,0.6712,2023-10-09,S2A_31UGR_20231009_0_L2A,15,69.236875,1.0,1.0,
ftw-luxembourg-004,fields-of-the-world,luxembourg,0.6712,2023-11-28,S2A_31UGR_20231128_0_L2A,15,80.181444,0.0,0.0,
ftw-luxembourg-004,fields-of-the-world,luxembourg,0.6712,2024-01-17,S2A_31UGR_20240117_0_L2A,15,99.993134,1.0,1.0,
ftw-luxembourg-004,fields-of-the-world,luxembourg,0.6712,2024-03-02,S2B_31UGR_20240302_0_L2A,15,79.873657,1.0,1.0,
ftw-luxembourg-004,fields-of-the-world,luxembourg,0.6712,2024-04-16,S2A_31UGR_20240416_0_L2A,15,95.995462,1.0,1.0,
ftw-luxembourg-004,fields-of-the-world,luxembourg,0.6712,2024-06-05,S2A_31UGR_20240605_0_L2A,15,98.179781,1.0,1.0,
ftw-luxembourg-004,fields-of-the-world,luxembourg,0.6712,2024-07-20,S2B_31UGR_20240720_0_L2A,15,6.119685,0.0,0.0,
ftw-luxembourg-004,fields-of-the-world,luxembourg,0.6712,2024-09-03,S2A_31UGR_20240903_0_L2A,15,60.115129,1.0,1.0,
ftw-luxembourg-004,fields-of-the-world,luxembourg,0.6712,2024-10-23,S2A_31UGR_20241023_0_L2A,15,6.613362,0.0,0.0,
ftw-luxembourg-004,fields-of-the-world,luxembourg,0.6712,2024-11-22,S2C_31UGR_20241122_1_L2A,15,97.541797,1.0,1.0,
ftw-luxembourg-005,fields-of-the-world,luxembourg,0.8141,2023-01-02,S2A_31UGR_20230102_0_L2A,20,99.99969,1.0,1.0,
ftw-luxembourg-005,fields-of-the-world,luxembourg,0.8141,2023-02-16,S2B_31UGR_20230216_0_L2A,20,98.824966,1.0,1.0,
ftw-luxembourg-005,fields-of-the-world,luxembourg,0.8141,2023-04-02,S2A_31UGR_20230402_0_L2A,20,99.983257,1.0,1.0,
ftw-luxembourg-005,fields-of-the-world,luxembourg,0.8141,2023-05-22,S2A_31UGR_20230522_0_L2A,20,52.845269,0.0,0.0,
ftw-luxembourg-005,fields-of-the-world,luxembourg,0.8141,2023-07-06,S2B_31UGR_20230706_0_L2A,20,52.371383,1.0,1.0,
ftw-luxembourg-005,fields-of-the-world,luxembourg,0.8141,2023-08-20,S2A_31UGR_20230820_0_L2A,20,7.962007,0.0,0.0,
ftw-luxembourg-005,fields-of-the-world,luxembourg,0.8141,2023-10-09,S2A_31UGR_20231009_0_L2A,20,69.236875,1.0,1.0,
ftw-luxembourg-005,fields-of-the-world,luxembourg,0.8141,2023-11-28,S2A_31UGR_20231128_0_L2A,20,80.181444,1.0,1.0,
ftw-luxembourg-005,fields-of-the-world,luxembourg,0.8141,2024-01-17,S2A_31UGR_20240117_0_L2A,20,99.993134,1.0,1.0,
ftw-luxembourg-005,fields-of-the-world,luxembourg,0.8141,2024-03-02,S2B_31UGR_20240302_0_L2A,20,79.873657,0.95,0.95,
ftw-luxembourg-005,fields-of-the-world,luxembourg,0.8141,2024-04-16,S2A_31UGR_20240416_0_L2A,20,95.995462,1.0,1.0,
ftw-luxembourg-005,fields-of-the-world,luxembourg,0.8141,2024-06-05,S2A_31UGR_20240605_0_L2A,20,98.179781,1.0,1.0,
ftw-luxembourg-005,fields-of-the-world,luxembourg,0.8141,2024-07-20,S2B_31UGR_20240720_0_L2A,20,6.119685,0.0,0.0,
ftw-luxembourg-005,fields-of-the-world,luxembourg,0.8141,2024-09-03,S2A_31UGR_20240903_0_L2A,20,60.115129,1.0,1.0,
ftw-luxembourg-005,fields-of-the-world,luxembourg,0.8141,2024-10-23,S2A_31UGR_20241023_0_L2A,20,6.613362,0.0,0.0,
ftw-luxembourg-005,fields-of-the-world,luxembourg,0.8141,2024-11-22,S2C_31UGR_20241122_1_L2A,20,97.541797,1.0,1.0,
ftw-luxembourg-006,fields-of-the-world,luxembourg,1.0103,2023-01-02,S2A_31UGR_20230102_0_L2A,25,99.99969,1.0,1.0,
ftw-luxembourg-006,fields-of-the-world,luxembourg,1.0103,2023-02-16,S2B_31UGR_20230216_0_L2A,25,98.824966,1.0,1.0,
ftw-luxembourg-006,fields-of-the-world,luxembourg,1.0103,2023-04-02,S2A_31UGR_20230402_0_L2A,25,99.983257,1.0,1.0,
ftw-luxembourg-006,fields-of-the-world,luxembourg,1.0103,2023-05-22,S2A_31UGR_20230522_0_L2A,25,52.845269,0.0,0.0,
ftw-luxembourg-006,fields-of-the-world,luxembourg,1.0103,2023-07-06,S2B_31UGR_20230706_0_L2A,25,52.371383,0.0,0.0,
ftw-luxembourg-006,fields-of-the-world,luxembourg,1.0103,2023-08-20,S2A_31UGR_20230820_0_L2A,25,7.962007,0.0,0.0,
ftw-luxembourg-006,fields-of-the-world,luxembourg,1.0103,2023-10-09,S2A_31UGR_20231009_0_L2A,25,69.236875,1.0,1.0,
ftw-luxembourg-006,fields-of-the-world,luxembourg,1.0103,2023-11-28,S2A_31UGR_20231128_0_L2A,25,80.181444,0.0,0.0,
ftw-luxembourg-006,fields-of-the-world,luxembourg,1.0103,2024-01-17,S2A_31UGR_20240117_0_L2A,25,99.993134,1.0,1.0,
ftw-luxembourg-006,fields-of-the-world,luxembourg,1.0103,2024-03-02,S2B_31UGR_20240302_0_L2A,25,79.873657,1.0,1.0,
ftw-luxembourg-006,fields-of-the-world,luxembourg,1.0103,2024-04-16,S2A_31UGR_20240416_0_L2A,25,95.995462,1.0,1.0,
ftw-luxembourg-006,fields-of-the-world,luxembourg,1.0103,2024-06-05,S2A_31UGR_20240605_0_L2A,25,98.179781,1.0,1.0,
ftw-luxembourg-006,fields-of-the-world,luxembourg,1.0103,2024-07-20,S2B_31UGR_20240720_0_L2A,25,6.119685,0.0,0.0,
ftw-luxembourg-006,fields-of-the-world,luxembourg,1.0103,2024-09-03,S2A_31UGR_20240903_0_L2A,25,60.115129,1.0,1.0,
ftw-luxembourg-006,fields-of-the-world,luxembourg,1.0103,2024-10-23,S2A_31UGR_20241023_0_L2A,25,6.613362,0.0,0.0,
ftw-luxembourg-006,fields-of-the-world,luxembourg,1.0103,2024-11-22,S2C_31UGR_20241122_1_L2A,25,97.541797,1.0,1.0,
ftw-luxembourg-007,fields-of-the-world,luxembourg,1.2578,2023-01-02,S2A_32ULA_20230102_0_L2A,32,99.999803,1.0,1.0,
ftw-luxembourg-007,fields-of-the-world,luxembourg,1.2578,2023-02-16,S2B_32ULA_20230216_0_L2A,32,91.098118,1.0,1.0,
ftw-luxembourg-007,fields-of-the-world,luxembourg,1.2578,2023-04-02,S2A_31UGR_20230402_0_L2A,32,99.983257,1.0,1.0,
ftw-luxembourg-007,fields-of-the-world,luxembourg,1.2578,2023-05-22,S2A_32ULA_20230522_0_L2A,32,61.118704,0.6875,0.6875,
ftw-luxembourg-007,fields-of-the-world,luxembourg,1.2578,2023-07-06,S2B_31UGR_20230706_0_L2A,32,52.371383,0.125,0.125,
ftw-luxembourg-007,fields-of-the-world,luxembourg,1.2578,2023-08-20,S2A_31UGR_20230820_0_L2A,32,7.962007,0.0,0.0,
ftw-luxembourg-007,fields-of-the-world,luxembourg,1.2578,2023-10-09,S2A_32ULA_20231009_0_L2A,32,70.825154,1.0,1.0,
ftw-luxembourg-007,fields-of-the-world,luxembourg,1.2578,2023-11-28,S2A_31UGR_20231128_0_L2A,32,80.181444,0.0,0.0,
ftw-luxembourg-007,fields-of-the-world,luxembourg,1.2578,2024-01-17,S2A_32ULA_20240117_0_L2A,32,99.995887,1.0,1.0,
ftw-luxembourg-007,fields-of-the-world,luxembourg,1.2578,2024-03-02,S2B_32ULA_20240302_0_L2A,32,75.653869,1.0,1.0,
ftw-luxembourg-007,fields-of-the-world,luxembourg,1.2578,2024-04-16,S2A_31UGR_20240416_0_L2A,32,95.995462,1.0,1.0,
ftw-luxembourg-007,fields-of-the-world,luxembourg,1.2578,2024-06-05,S2A_32ULA_20240605_0_L2A,32,98.195207,1.0,1.0,
ftw-luxembourg-007,fields-of-the-world,luxembourg,1.2578,2024-07-20,S2B_31UGR_20240720_0_L2A,32,6.119685,0.0,0.0,
ftw-luxembourg-007,fields-of-the-world,luxembourg,1.2578,2024-09-03,S2A_31UGR_20240903_0_L2A,32,60.115129,1.0,1.0,
ftw-luxembourg-007,fields-of-the-world,luxembourg,1.2578,2024-10-23,S2A_32ULA_20241023_0_L2A,32,8.361279,0.0,0.0,
ftw-luxembourg-007,fields-of-the-world,luxembourg,1.2578,2024-11-22,S2C_31UGR_20241122_1_L2A,32,97.541797,1.0,1.0,
ftw-luxembourg-008,fields-of-the-world,luxembourg,1.4503,2023-01-02,S2A_32ULA_20230102_0_L2A,37,99.999803,1.0,1.0,
ftw-luxembourg-008,fields-of-the-world,luxembourg,1.4503,2023-02-16,S2B_32ULA_20230216_0_L2A,37,91.098118,1.0,1.0,
ftw-luxembourg-008,fields-of-the-world,luxembourg,1.4503,2023-04-02,S2A_31UGR_20230402_0_L2A,34,99.983257,1.0,1.0,
ftw-luxembourg-008,fields-of-the-world,luxembourg,1.4503,2023-05-22,S2A_32ULA_20230522_0_L2A,37,61.118704,0.0,0.0,
ftw-luxembourg-008,fields-of-the-world,luxembourg,1.4503,2023-07-06,S2B_31UGR_20230706_0_L2A,34,52.371383,0.23529411764705882,0.23529411764705882,
ftw-luxembourg-008,fields-of-the-world,luxembourg,1.4503,2023-08-20,S2A_31UGR_20230820_0_L2A,34,7.962007,0.0,0.0,
ftw-luxembourg-008,fields-of-the-world,luxembourg,1.4503,2023-10-09,S2A_32ULA_20231009_0_L2A,37,70.825154,1.0,1.0,
ftw-luxembourg-008,fields-of-the-world,luxembourg,1.4503,2023-11-28,S2A_31UGR_20231128_0_L2A,34,80.181444,0.0,0.0,
ftw-luxembourg-008,fields-of-the-world,luxembourg,1.4503,2024-01-17,S2A_32ULA_20240117_0_L2A,37,99.995887,1.0,1.0,
ftw-luxembourg-008,fields-of-the-world,luxembourg,1.4503,2024-03-02,S2B_32ULA_20240302_0_L2A,37,75.653869,1.0,1.0,
ftw-luxembourg-008,fields-of-the-world,luxembourg,1.4503,2024-04-16,S2A_31UGR_20240416_0_L2A,34,95.995462,0.0,0.0,
ftw-luxembourg-008,fields-of-the-world,luxembourg,1.4503,2024-06-05,S2A_32ULA_20240605_0_L2A,37,98.195207,1.0,1.0,
ftw-luxembourg-008,fields-of-the-world,luxembourg,1.4503,2024-07-20,S2B_31UGR_20240720_0_L2A,34,6.119685,0.0,0.0,
ftw-luxembourg-008,fields-of-the-world,luxembourg,1.4503,2024-09-03,S2A_31UGR_20240903_0_L2A,34,60.115129,1.0,1.0,
ftw-luxembourg-008,fields-of-the-world,luxembourg,1.4503,2024-10-23,S2A_32ULA_20241023_0_L2A,37,8.361279,0.0,0.0,
ftw-luxembourg-008,fields-of-the-world,luxembourg,1.4503,2024-11-22,S2C_31UGR_20241122_1_L2A,34,97.541797,1.0,1.0,
ftw-luxembourg-009,fields-of-the-world,luxembourg,2.0052,2023-01-02,S2A_31UGR_20230102_0_L2A,53,99.99969,1.0,1.0,
ftw-luxembourg-009,fields-of-the-world,luxembourg,2.0052,2023-02-16,S2B_31UGR_20230216_0_L2A,53,98.824966,1.0,1.0,
ftw-luxembourg-009,fields-of-the-world,luxembourg,2.0052,2023-04-02,S2A_31UGR_20230402_0_L2A,53,99.983257,1.0,1.0,
ftw-luxembourg-009,fields-of-the-world,luxembourg,2.0052,2023-05-22,S2A_31UGR_20230522_0_L2A,53,52.845269,0.0,0.0,
ftw-luxembourg-009,fields-of-the-world,luxembourg,2.0052,2023-07-06,S2B_31UGR_20230706_0_L2A,53,52.371383,0.7358490566037735,0.7358490566037735,
ftw-luxembourg-009,fields-of-the-world,luxembourg,2.0052,2023-08-20,S2A_31UGR_20230820_0_L2A,53,7.962007,0.0,0.0,
ftw-luxembourg-009,fields-of-the-world,luxembourg,2.0052,2023-10-09,S2A_31UGR_20231009_0_L2A,53,69.236875,1.0,1.0,
ftw-luxembourg-009,fields-of-the-world,luxembourg,2.0052,2023-11-28,S2A_31UGR_20231128_0_L2A,53,80.181444,1.0,1.0,
ftw-luxembourg-009,fields-of-the-world,luxembourg,2.0052,2024-01-17,S2A_31UGR_20240117_0_L2A,53,99.993134,1.0,1.0,
ftw-luxembourg-009,fields-of-the-world,luxembourg,2.0052,2024-03-02,S2B_31UGR_20240302_0_L2A,53,79.873657,1.0,1.0,
ftw-luxembourg-009,fields-of-the-world,luxembourg,2.0052,2024-04-16,S2A_31UGR_20240416_0_L2A,53,95.995462,1.0,1.0,
ftw-luxembourg-009,fields-of-the-world,luxembourg,2.0052,2024-06-05,S2A_31UGR_20240605_0_L2A,53,98.179781,1.0,1.0,
ftw-luxembourg-009,fields-of-the-world,luxembourg,2.0052,2024-07-20,S2B_31UGR_20240720_0_L2A,53,6.119685,0.0,0.0,
ftw-luxembourg-009,fields-of-the-world,luxembourg,2.0052,2024-09-03,S2A_31UGR_20240903_0_L2A,53,60.115129,1.0,1.0,
ftw-luxembourg-009,fields-of-the-world,luxembourg,2.0052,2024-10-23,S2A_31UGR_20241023_0_L2A,53,6.613362,0.0,0.0,
ftw-luxembourg-009,fields-of-the-world,luxembourg,2.0052,2024-11-22,S2C_31UGR_20241122_1_L2A,53,97.541797,1.0,1.0,
ftw-luxembourg-010,fields-of-the-world,luxembourg,2.0059,2023-01-02,S2A_32ULA_20230102_0_L2A,45,99.999803,1.0,1.0,
ftw-luxembourg-010,fields-of-the-world,luxembourg,2.0059,2023-02-16,S2B_32ULA_20230216_0_L2A,45,91.098118,1.0,1.0,
ftw-luxembourg-010,fields-of-the-world,luxembourg,2.0059,2023-04-02,S2A_31UGR_20230402_0_L2A,43,99.983257,1.0,1.0,
ftw-luxembourg-010,fields-of-the-world,luxembourg,2.0059,2023-05-22,S2A_32ULA_20230522_0_L2A,45,61.118704,0.06666666666666667,0.06666666666666667,
ftw-luxembourg-010,fields-of-the-world,luxembourg,2.0059,2023-07-06,S2B_31UGR_20230706_0_L2A,43,52.371383,1.0,1.0,
ftw-luxembourg-010,fields-of-the-world,luxembourg,2.0059,2023-08-20,S2A_31UGR_20230820_0_L2A,43,7.962007,0.0,0.0,
ftw-luxembourg-010,fields-of-the-world,luxembourg,2.0059,2023-10-09,S2A_32ULA_20231009_0_L2A,45,70.825154,1.0,1.0,
ftw-luxembourg-010,fields-of-the-world,luxembourg,2.0059,2023-11-28,S2A_31UGR_20231128_0_L2A,43,80.181444,1.0,1.0,
ftw-luxembourg-010,fields-of-the-world,luxembourg,2.0059,2024-01-17,S2A_32ULA_20240117_0_L2A,45,99.995887,1.0,1.0,
ftw-luxembourg-010,fields-of-the-world,luxembourg,2.0059,2024-03-02,S2B_32ULA_20240302_0_L2A,45,75.653869,1.0,1.0,
ftw-luxembourg-010,fields-of-the-world,luxembourg,2.0059,2024-04-16,S2A_31UGR_20240416_0_L2A,43,95.995462,1.0,1.0,
ftw-luxembourg-010,fields-of-the-world,luxembourg,2.0059,2024-06-05,S2A_32ULA_20240605_0_L2A,45,98.195207,1.0,1.0,
ftw-luxembourg-010,fields-of-the-world,luxembourg,2.0059,2024-07-20,S2B_31UGR_20240720_0_L2A,43,6.119685,0.0,0.0,
ftw-luxembourg-010,fields-of-the-world,luxembourg,2.0059,2024-09-03,S2A_31UGR_20240903_0_L2A,43,60.115129,1.0,1.0,
ftw-luxembourg-010,fields-of-the-world,luxembourg,2.0059,2024-10-23,S2A_32ULA_20241023_0_L2A,45,8.361279,0.0,0.0,
ftw-luxembourg-010,fields-of-the-world,luxembourg,2.0059,2024-11-22,S2C_31UGR_20241122_1_L2A,43,97.541797,1.0,1.0,
ftw-luxembourg-011,fields-of-the-world,luxembourg,2.2681,2023-01-02,S2A_32ULA_20230102_0_L2A,55,99.999803,1.0,1.0,
ftw-luxembourg-011,fields-of-the-world,luxembourg,2.2681,2023-02-16,S2B_32ULA_20230216_0_L2A,55,91.098118,1.0,1.0,
ftw-luxembourg-011,fields-of-the-world,luxembourg,2.2681,2023-04-02,S2A_31UGR_20230402_0_L2A,57,99.983257,1.0,1.0,
ftw-luxembourg-011,fields-of-the-world,luxembourg,2.2681,2023-05-22,S2A_32ULA_20230522_0_L2A,55,61.118704,0.0,0.0,
ftw-luxembourg-011,fields-of-the-world,luxembourg,2.2681,2023-07-06,S2B_31UGR_20230706_0_L2A,57,52.371383,0.08771929824561403,0.08771929824561403,
ftw-luxembourg-011,fields-of-the-world,luxembourg,2.2681,2023-08-20,S2A_31UGR_20230820_0_L2A,57,7.962007,0.0,0.0,
ftw-luxembourg-011,fields-of-the-world,luxembourg,2.2681,2023-10-09,S2A_32ULA_20231009_0_L2A,55,70.825154,1.0,1.0,
ftw-luxembourg-011,fields-of-the-world,luxembourg,2.2681,2023-11-28,S2A_31UGR_20231128_0_L2A,57,80.181444,0.0,0.0,
ftw-luxembourg-011,fields-of-the-world,luxembourg,2.2681,2024-01-17,S2A_32ULA_20240117_0_L2A,55,99.995887,1.0,1.0,
ftw-luxembourg-011,fields-of-the-world,luxembourg,2.2681,2024-03-02,S2B_32ULA_20240302_0_L2A,55,75.653869,1.0,1.0,
ftw-luxembourg-011,fields-of-the-world,luxembourg,2.2681,2024-04-16,S2A_31UGR_20240416_0_L2A,57,95.995462,0.0,0.0,
ftw-luxembourg-011,fields-of-the-world,luxembourg,2.2681,2024-06-05,S2A_32ULA_20240605_0_L2A,55,98.195207,1.0,1.0,
ftw-luxembourg-011,fields-of-the-world,luxembourg,2.2681,2024-07-20,S2B_31UGR_20240720_0_L2A,57,6.119685,0.0,0.0,
ftw-luxembourg-011,fields-of-the-world,luxembourg,2.2681,2024-09-03,S2A_31UGR_20240903_0_L2A,57,60.115129,1.0,1.0,
ftw-luxembourg-011,fields-of-the-world,luxembourg,2.2681,2024-10-23,S2A_32ULA_20241023_0_L2A,55,8.361279,0.0,0.0,
ftw-luxembourg-011,fields-of-the-world,luxembourg,2.2681,2024-11-22,S2C_31UGR_20241122_1_L2A,57,97.541797,1.0,1.0,
ftw-luxembourg-012,fields-of-the-world,luxembourg,3.3516,2023-01-02,S2A_31UGR_20230102_0_L2A,83,99.99969,1.0,1.0,
ftw-luxembourg-012,fields-of-the-world,luxembourg,3.3516,2023-02-16,S2B_31UGR_20230216_0_L2A,83,98.824966,1.0,1.0,
ftw-luxembourg-012,fields-of-the-world,luxembourg,3.3516,2023-04-02,S2A_31UGR_20230402_0_L2A,83,99.983257,1.0,1.0,
ftw-luxembourg-012,fields-of-the-world,luxembourg,3.3516,2023-05-22,S2A_31UGR_20230522_0_L2A,83,52.845269,1.0,1.0,
ftw-luxembourg-012,fields-of-the-world,luxembourg,3.3516,2023-07-06,S2B_31UGR_20230706_0_L2A,83,52.371383,0.0,0.0,
ftw-luxembourg-012,fields-of-the-world,luxembourg,3.3516,2023-08-20,S2A_31UGR_20230820_0_L2A,83,7.962007,0.0,0.0,
ftw-luxembourg-012,fields-of-the-world,luxembourg,3.3516,2023-10-09,S2A_31UGR_20231009_0_L2A,83,69.236875,1.0,1.0,
ftw-luxembourg-012,fields-of-the-world,luxembourg,3.3516,2023-11-28,S2A_31UGR_20231128_0_L2A,83,80.181444,0.0,0.0,
ftw-luxembourg-012,fields-of-the-world,luxembourg,3.3516,2024-01-17,S2A_31UGR_20240117_0_L2A,83,99.993134,1.0,1.0,
ftw-luxembourg-012,fields-of-the-world,luxembourg,3.3516,2024-03-02,S2B_31UGR_20240302_0_L2A,83,79.873657,1.0,1.0,
ftw-luxembourg-012,fields-of-the-world,luxembourg,3.3516,2024-04-16,S2A_31UGR_20240416_0_L2A,83,95.995462,1.0,1.0,
ftw-luxembourg-012,fields-of-the-world,luxembourg,3.3516,2024-06-05,S2A_31UGR_20240605_0_L2A,83,98.179781,1.0,1.0,
ftw-luxembourg-012,fields-of-the-world,luxembourg,3.3516,2024-07-20,S2B_31UGR_20240720_0_L2A,83,6.119685,0.0,0.0,
ftw-luxembourg-012,fields-of-the-world,luxembourg,3.3516,2024-09-03,S2A_31UGR_20240903_0_L2A,83,60.115129,1.0,1.0,
ftw-luxembourg-012,fields-of-the-world,luxembourg,3.3516,2024-10-23,S2A_31UGR_20241023_0_L2A,83,6.613362,0.0,0.0,
ftw-luxembourg-012,fields-of-the-world,luxembourg,3.3516,2024-11-22,S2C_31UGR_20241122_1_L2A,83,97.541797,1.0,1.0,
ftw-luxembourg-013,fields-of-the-world,luxembourg,5.5253,2023-01-02,S2A_32ULA_20230102_0_L2A,136,99.999803,1.0,1.0,
ftw-luxembourg-013,fields-of-the-world,luxembourg,5.5253,2023-02-16,S2B_32ULA_20230216_0_L2A,136,91.098118,1.0,1.0,
ftw-luxembourg-013,fields-of-the-world,luxembourg,5.5253,2023-04-02,S2A_31UGR_20230402_0_L2A,139,99.983257,1.0,1.0,
ftw-luxembourg-013,fields-of-the-world,luxembourg,5.5253,2023-05-22,S2A_32ULA_20230522_0_L2A,136,61.118704,0.0,0.0,
ftw-luxembourg-013,fields-of-the-world,luxembourg,5.5253,2023-07-06,S2B_31UGR_20230706_0_L2A,139,52.371383,0.0,0.0,
ftw-luxembourg-013,fields-of-the-world,luxembourg,5.5253,2023-08-20,S2A_31UGR_20230820_0_L2A,139,7.962007,0.0,0.0,
ftw-luxembourg-013,fields-of-the-world,luxembourg,5.5253,2023-10-09,S2A_32ULA_20231009_0_L2A,136,70.825154,1.0,1.0,
ftw-luxembourg-013,fields-of-the-world,luxembourg,5.5253,2023-11-28,S2A_31UGR_20231128_0_L2A,139,80.181444,0.0,0.0,
ftw-luxembourg-013,fields-of-the-world,luxembourg,5.5253,2024-01-17,S2A_32ULA_20240117_0_L2A,136,99.995887,1.0,1.0,
ftw-luxembourg-013,fields-of-the-world,luxembourg,5.5253,2024-03-02,S2B_32ULA_20240302_0_L2A,136,75.653869,1.0,1.0,
ftw-luxembourg-013,fields-of-the-world,luxembourg,5.5253,2024-04-16,S2A_31UGR_20240416_0_L2A,139,95.995462,0.2805755395683453,0.2805755395683453,
ftw-luxembourg-013,fields-of-the-world,luxembourg,5.5253,2024-06-05,S2A_32ULA_20240605_0_L2A,136,98.195207,1.0,1.0,
ftw-luxembourg-013,fields-of-the-world,luxembourg,5.5253,2024-07-20,S2B_31UGR_20240720_0_L2A,139,6.119685,0.0,0.0,
ftw-luxembourg-013,fields-of-the-world,luxembourg,5.5253,2024-09-03,S2A_31UGR_20240903_0_L2A,139,60.115129,1.0,1.0,
ftw-luxembourg-013,fields-of-the-world,luxembourg,5.5253,2024-10-23,S2A_32ULA_20241023_0_L2A,136,8.361279,0.0,0.0,
ftw-luxembourg-013,fields-of-the-world,luxembourg,5.5253,2024-11-22,S2C_31UGR_20241122_1_L2A,139,97.541797,1.0,1.0,
ftw-luxembourg-014,fields-of-the-world,luxembourg,7.2724,2023-01-02,S2A_32ULA_20230102_0_L2A,185,99.999803,1.0,1.0,
ftw-luxembourg-014,fields-of-the-world,luxembourg,7.2724,2023-02-16,S2B_32ULA_20230216_0_L2A,185,91.098118,1.0,1.0,
ftw-luxembourg-014,fields-of-the-world,luxembourg,7.2724,2023-04-02,S2A_31UGR_20230402_0_L2A,181,99.983257,1.0,1.0,
ftw-luxembourg-014,fields-of-the-world,luxembourg,7.2724,2023-05-22,S2A_32ULA_20230522_0_L2A,185,61.118704,0.0,0.0,
ftw-luxembourg-014,fields-of-the-world,luxembourg,7.2724,2023-07-06,S2B_31UGR_20230706_0_L2A,181,52.371383,0.0,0.0,
ftw-luxembourg-014,fields-of-the-world,luxembourg,7.2724,2023-08-20,S2A_31UGR_20230820_0_L2A,181,7.962007,0.0,0.0,
ftw-luxembourg-014,fields-of-the-world,luxembourg,7.2724,2023-10-09,S2A_32ULA_20231009_0_L2A,185,70.825154,1.0,1.0,
ftw-luxembourg-014,fields-of-the-world,luxembourg,7.2724,2023-11-28,S2A_31UGR_20231128_0_L2A,181,80.181444,0.0,0.0,
ftw-luxembourg-014,fields-of-the-world,luxembourg,7.2724,2024-01-17,S2A_32ULA_20240117_0_L2A,185,99.995887,1.0,1.0,
ftw-luxembourg-014,fields-of-the-world,luxembourg,7.2724,2024-03-02,S2B_32ULA_20240302_0_L2A,185,75.653869,1.0,1.0,
ftw-luxembourg-014,fields-of-the-world,luxembourg,7.2724,2024-04-16,S2A_31UGR_20240416_0_L2A,181,95.995462,0.9171270718232044,0.9171270718232044,
ftw-luxembourg-014,fields-of-the-world,luxembourg,7.2724,2024-06-05,S2A_32ULA_20240605_0_L2A,185,98.195207,1.0,1.0,
ftw-luxembourg-014,fields-of-the-world,luxembourg,7.2724,2024-07-20,S2B_31UGR_20240720_0_L2A,181,6.119685,0.0,0.0,
ftw-luxembourg-014,fields-of-the-world,luxembourg,7.2724,2024-09-03,S2A_31UGR_20240903_0_L2A,181,60.115129,1.0,1.0,
ftw-luxembourg-014,fields-of-the-world,luxembourg,7.2724,2024-10-23,S2A_32ULA_20241023_0_L2A,185,8.361279,0.0,0.0,
ftw-luxembourg-014,fields-of-the-world,luxembourg,7.2724,2024-11-22,S2C_31UGR_20241122_1_L2A,181,97.541797,1.0,1.0,
ftw-luxembourg-015,fields-of-the-world,luxembourg,8.4453,2023-01-02,S2A_31UGR_20230102_0_L2A,213,99.99969,1.0,1.0,
ftw-luxembourg-015,fields-of-the-world,luxembourg,8.4453,2023-02-16,S2B_31UGR_20230216_0_L2A,213,98.824966,1.0,1.0,
ftw-luxembourg-015,fields-of-the-world,luxembourg,8.4453,2023-04-02,S2A_31UGQ_20230402_0_L2A,213,99.687767,1.0,1.0,
ftw-luxembourg-015,fields-of-the-world,luxembourg,8.4453,2023-05-22,S2A_31UGR_20230522_0_L2A,213,52.845269,0.0,0.0,
ftw-luxembourg-015,fields-of-the-world,luxembourg,8.4453,2023-07-06,S2B_31UGQ_20230706_0_L2A,213,42.165533,0.8403755868544601,0.8403755868544601,
ftw-luxembourg-015,fields-of-the-world,luxembourg,8.4453,2023-08-20,S2A_31UGQ_20230820_0_L2A,213,10.349395,0.0,0.0,
ftw-luxembourg-015,fields-of-the-world,luxembourg,8.4453,2023-10-09,S2A_31UGR_20231009_0_L2A,213,69.236875,1.0,1.0,
ftw-luxembourg-015,fields-of-the-world,luxembourg,8.4453,2023-11-28,S2A_31UGQ_20231128_0_L2A,213,96.903104,1.0,1.0,
ftw-luxembourg-015,fields-of-the-world,luxembourg,8.4453,2024-01-17,S2A_31UGR_20240117_0_L2A,213,99.993134,1.0,1.0,
ftw-luxembourg-015,fields-of-the-world,luxembourg,8.4453,2024-03-02,S2B_31UGR_20240302_0_L2A,213,79.873657,0.9577464788732394,0.9577464788732394,
ftw-luxembourg-015,fields-of-the-world,luxembourg,8.4453,2024-04-16,S2A_31UGQ_20240416_0_L2A,213,92.412591,1.0,1.0,
ftw-luxembourg-015,fields-of-the-world,luxembourg,8.4453,2024-06-05,S2A_31UGR_20240605_0_L2A,213,98.179781,1.0,1.0,
ftw-luxembourg-015,fields-of-the-world,luxembourg,8.4453,2024-07-20,S2B_31UGQ_20240720_0_L2A,213,16.687231,0.0,0.0,
ftw-luxembourg-015,fields-of-the-world,luxembourg,8.4453,2024-09-03,S2A_31UGQ_20240903_0_L2A,213,40.722379,1.0,1.0,
ftw-luxembourg-015,fields-of-the-world,luxembourg,8.4453,2024-10-23,S2A_31UGR_20241023_0_L2A,213,6.613362,0.0,0.0,
ftw-luxembourg-015,fields-of-the-world,luxembourg,8.4453,2024-11-22,S2C_31UGQ_20241122_1_L2A,213,97.616863,1.0,1.0,
ftw-luxembourg-016,fields-of-the-world,luxembourg,8.9723,2023-01-02,S2A_32ULA_20230102_0_L2A,224,99.999803,1.0,1.0,
ftw-luxembourg-016,fields-of-the-world,luxembourg,8.9723,2023-02-16,S2B_32ULA_20230216_0_L2A,224,91.098118,1.0,1.0,
ftw-luxembourg-016,fields-of-the-world,luxembourg,8.9723,2023-04-02,S2A_31UGR_20230402_0_L2A,225,99.983257,1.0,1.0,
ftw-luxembourg-016,fields-of-the-world,luxembourg,8.9723,2023-05-22,S2A_32ULA_20230522_0_L2A,224,61.118704,0.32589285714285715,0.32589285714285715,
ftw-luxembourg-016,fields-of-the-world,luxembourg,8.9723,2023-07-06,S2B_31UGR_20230706_0_L2A,225,52.371383,0.0,0.0,
ftw-luxembourg-016,fields-of-the-world,luxembourg,8.9723,2023-08-20,S2A_31UGR_20230820_0_L2A,225,7.962007,0.0,0.0,
ftw-luxembourg-016,fields-of-the-world,luxembourg,8.9723,2023-10-09,S2A_32ULA_20231009_0_L2A,224,70.825154,1.0,1.0,
ftw-luxembourg-016,fields-of-the-world,luxembourg,8.9723,2023-11-28,S2A_31UGR_20231128_0_L2A,225,80.181444,0.0,0.0,
ftw-luxembourg-016,fields-of-the-world,luxembourg,8.9723,2024-01-17,S2A_32ULA_20240117_0_L2A,224,99.995887,1.0,1.0,
ftw-luxembourg-016,fields-of-the-world,luxembourg,8.9723,2024-03-02,S2B_32ULA_20240302_0_L2A,224,75.653869,1.0,1.0,
ftw-luxembourg-016,fields-of-the-world,luxembourg,8.9723,2024-04-16,S2A_31UGR_20240416_0_L2A,225,95.995462,1.0,1.0,
ftw-luxembourg-016,fields-of-the-world,luxembourg,8.9723,2024-06-05,S2A_32ULA_20240605_0_L2A,224,98.195207,1.0,1.0,
ftw-luxembourg-016,fields-of-the-world,luxembourg,8.9723,2024-07-20,S2B_31UGR_20240720_0_L2A,225,6.119685,0.0,0.0,
ftw-luxembourg-016,fields-of-the-world,luxembourg,8.9723,2024-09-03,S2A_31UGR_20240903_0_L2A,225,60.115129,1.0,1.0,
ftw-luxembourg-016,fields-of-the-world,luxembourg,8.9723,2024-10-23,S2A_32ULA_20241023_0_L2A,224,8.361279,0.0,0.0,
ftw-luxembourg-016,fields-of-the-world,luxembourg,8.9723,2024-11-22,S2C_31UGR_20241122_1_L2A,225,97.541797,1.0,1.0,
ftw-luxembourg-017,fields-of-the-world,luxembourg,12.8412,2023-01-02,S2A_31UGR_20230102_0_L2A,324,99.99969,1.0,1.0,
ftw-luxembourg-017,fields-of-the-world,luxembourg,12.8412,2023-02-16,S2B_31UGR_20230216_0_L2A,324,98.824966,1.0,1.0,
ftw-luxembourg-017,fields-of-the-world,luxembourg,12.8412,2023-04-02,S2A_31UGR_20230402_0_L2A,324,99.983257,1.0,1.0,
ftw-luxembourg-017,fields-of-the-world,luxembourg,12.8412,2023-05-22,S2A_31UGR_20230522_0_L2A,324,52.845269,0.32407407407407407,0.32407407407407407,
ftw-luxembourg-017,fields-of-the-world,luxembourg,12.8412,2023-07-06,S2B_31UGR_20230706_0_L2A,324,52.371383,1.0,1.0,
ftw-luxembourg-017,fields-of-the-world,luxembourg,12.8412,2023-08-20,S2A_31UGR_20230820_0_L2A,324,7.962007,0.0,0.0,
ftw-luxembourg-017,fields-of-the-world,luxembourg,12.8412,2023-10-09,S2A_31UGR_20231009_0_L2A,324,69.236875,1.0,1.0,
ftw-luxembourg-017,fields-of-the-world,luxembourg,12.8412,2023-11-28,S2A_31UGR_20231128_0_L2A,324,80.181444,1.0,1.0,
ftw-luxembourg-017,fields-of-the-world,luxembourg,12.8412,2024-01-17,S2A_31UGR_20240117_0_L2A,324,99.993134,1.0,1.0,
ftw-luxembourg-017,fields-of-the-world,luxembourg,12.8412,2024-03-02,S2B_31UGR_20240302_0_L2A,324,79.873657,1.0,1.0,
ftw-luxembourg-017,fields-of-the-world,luxembourg,12.8412,2024-04-16,S2A_31UGR_20240416_0_L2A,324,95.995462,1.0,1.0,
ftw-luxembourg-017,fields-of-the-world,luxembourg,12.8412,2024-06-05,S2A_31UGR_20240605_0_L2A,324,98.179781,1.0,1.0,
ftw-luxembourg-017,fields-of-the-world,luxembourg,12.8412,2024-07-20,S2B_31UGR_20240720_0_L2A,324,6.119685,0.0,0.0,
ftw-luxembourg-017,fields-of-the-world,luxembourg,12.8412,2024-09-03,S2A_31UGR_20240903_0_L2A,324,60.115129,1.0,1.0,
ftw-luxembourg-017,fields-of-the-world,luxembourg,12.8412,2024-10-23,S2A_31UGR_20241023_0_L2A,324,6.613362,0.0,0.0,
ftw-luxembourg-017,fields-of-the-world,luxembourg,12.8412,2024-11-22,S2C_31UGR_20241122_1_L2A,324,97.541797,1.0,1.0,
ftw-netherlands-000,fields-of-the-world,netherlands,0.2292,2023-01-02,S2A_31UFT_20230102_0_L2A,5,88.940901,1.0,1.0,
ftw-netherlands-000,fields-of-the-world,netherlands,0.2292,2023-02-16,S2B_31UFT_20230216_0_L2A,5,98.978484,1.0,1.0,
ftw-netherlands-000,fields-of-the-world,netherlands,0.2292,2023-04-05,S2A_31UFT_20230405_0_L2A,5,24.652022,0.0,0.0,
ftw-netherlands-000,fields-of-the-world,netherlands,0.2292,2023-05-22,S2A_31UFT_20230522_0_L2A,5,21.219476,0.0,0.0,
ftw-netherlands-000,fields-of-the-world,netherlands,0.2292,2023-07-09,S2B_31UFT_20230709_0_L2A,5,77.318692,1.0,1.0,
ftw-netherlands-000,fields-of-the-world,netherlands,0.2292,2023-08-23,S2A_31UFT_20230823_0_L2A,5,8.142585,0.0,0.0,
ftw-netherlands-000,fields-of-the-world,netherlands,0.2292,2023-10-09,S2A_31UFT_20231009_0_L2A,5,100,1.0,1.0,
ftw-netherlands-000,fields-of-the-world,netherlands,0.2292,2023-11-28,S2A_31UFT_20231128_0_L2A,5,0.811698,0.0,0.0,
ftw-netherlands-000,fields-of-the-world,netherlands,0.2292,2024-01-17,S2A_31UFT_20240117_0_L2A,5,100,1.0,1.0,
ftw-netherlands-000,fields-of-the-world,netherlands,0.2292,2024-03-02,S2B_31UFT_20240302_0_L2A,5,21.688996,0.0,0.0,
ftw-netherlands-000,fields-of-the-world,netherlands,0.2292,2024-04-19,S2A_31UFT_20240419_0_L2A,5,98.697472,1.0,1.0,
ftw-netherlands-000,fields-of-the-world,netherlands,0.2292,2024-06-05,S2A_31UFT_20240605_0_L2A,5,46.993333,1.0,1.0,
ftw-netherlands-000,fields-of-the-world,netherlands,0.2292,2024-07-23,S2B_31UFT_20240723_0_L2A,5,83.671612,1.0,1.0,
ftw-netherlands-000,fields-of-the-world,netherlands,0.2292,2024-09-06,S2A_31UFT_20240906_0_L2A,5,39.99491,0.0,0.0,
ftw-netherlands-000,fields-of-the-world,netherlands,0.2292,2024-10-23,S2A_31UFT_20241023_0_L2A,5,67.400879,1.0,1.0,
ftw-netherlands-000,fields-of-the-world,netherlands,0.2292,2024-11-25,S2C_31UFT_20241125_1_L2A,5,99.990934,1.0,1.0,
ftw-netherlands-001,fields-of-the-world,netherlands,0.3378,2023-01-02,S2A_31UFT_20230102_0_L2A,9,88.940901,1.0,1.0,
ftw-netherlands-001,fields-of-the-world,netherlands,0.3378,2023-02-16,S2B_31UFT_20230216_0_L2A,9,98.978484,1.0,1.0,
ftw-netherlands-001,fields-of-the-world,netherlands,0.3378,2023-04-05,S2A_31UFT_20230405_0_L2A,9,24.652022,0.0,0.0,
ftw-netherlands-001,fields-of-the-world,netherlands,0.3378,2023-05-22,S2A_31UFT_20230522_0_L2A,9,21.219476,0.0,0.0,
ftw-netherlands-001,fields-of-the-world,netherlands,0.3378,2023-07-09,S2B_31UFT_20230709_0_L2A,9,77.318692,1.0,1.0,
ftw-netherlands-001,fields-of-the-world,netherlands,0.3378,2023-08-23,S2A_31UFT_20230823_0_L2A,9,8.142585,0.0,0.0,
ftw-netherlands-001,fields-of-the-world,netherlands,0.3378,2023-10-09,S2A_31UFT_20231009_0_L2A,9,100,1.0,1.0,
ftw-netherlands-001,fields-of-the-world,netherlands,0.3378,2023-11-28,S2A_31UFT_20231128_0_L2A,9,0.811698,0.0,0.0,
ftw-netherlands-001,fields-of-the-world,netherlands,0.3378,2024-01-17,S2A_31UFT_20240117_0_L2A,9,100,1.0,1.0,
ftw-netherlands-001,fields-of-the-world,netherlands,0.3378,2024-03-02,S2B_31UFT_20240302_0_L2A,9,21.688996,0.0,0.0,
ftw-netherlands-001,fields-of-the-world,netherlands,0.3378,2024-04-19,S2A_31UFT_20240419_0_L2A,9,98.697472,1.0,1.0,
ftw-netherlands-001,fields-of-the-world,netherlands,0.3378,2024-06-05,S2A_31UFT_20240605_0_L2A,9,46.993333,0.0,0.0,
ftw-netherlands-001,fields-of-the-world,netherlands,0.3378,2024-07-23,S2B_31UFT_20240723_0_L2A,9,83.671612,1.0,1.0,
ftw-netherlands-001,fields-of-the-world,netherlands,0.3378,2024-09-06,S2A_31UFT_20240906_0_L2A,9,39.99491,0.0,0.0,
ftw-netherlands-001,fields-of-the-world,netherlands,0.3378,2024-10-23,S2A_31UFT_20241023_0_L2A,9,67.400879,1.0,1.0,
ftw-netherlands-001,fields-of-the-world,netherlands,0.3378,2024-11-25,S2C_31UFT_20241125_1_L2A,9,99.990934,1.0,1.0,
ftw-netherlands-002,fields-of-the-world,netherlands,0.4622,2023-01-02,S2A_31UFT_20230102_0_L2A,10,88.940901,1.0,1.0,
ftw-netherlands-002,fields-of-the-world,netherlands,0.4622,2023-02-16,S2B_31UFT_20230216_0_L2A,10,98.978484,1.0,1.0,
ftw-netherlands-002,fields-of-the-world,netherlands,0.4622,2023-04-05,S2A_31UFT_20230405_0_L2A,10,24.652022,0.0,0.0,
ftw-netherlands-002,fields-of-the-world,netherlands,0.4622,2023-05-22,S2A_31UFT_20230522_0_L2A,10,21.219476,0.0,0.0,
ftw-netherlands-002,fields-of-the-world,netherlands,0.4622,2023-07-09,S2B_31UFT_20230709_0_L2A,10,77.318692,1.0,1.0,
ftw-netherlands-002,fields-of-the-world,netherlands,0.4622,2023-08-23,S2A_31UFT_20230823_0_L2A,10,8.142585,0.0,0.0,
ftw-netherlands-002,fields-of-the-world,netherlands,0.4622,2023-10-09,S2A_31UFT_20231009_0_L2A,10,100,1.0,1.0,
ftw-netherlands-002,fields-of-the-world,netherlands,0.4622,2023-11-28,S2A_31UFT_20231128_0_L2A,10,0.811698,0.0,0.0,
ftw-netherlands-002,fields-of-the-world,netherlands,0.4622,2024-01-17,S2A_31UFT_20240117_0_L2A,10,100,1.0,1.0,
ftw-netherlands-002,fields-of-the-world,netherlands,0.4622,2024-03-02,S2B_31UFT_20240302_0_L2A,10,21.688996,0.0,0.0,
ftw-netherlands-002,fields-of-the-world,netherlands,0.4622,2024-04-19,S2A_31UFT_20240419_0_L2A,10,98.697472,1.0,1.0,
ftw-netherlands-002,fields-of-the-world,netherlands,0.4622,2024-06-05,S2A_31UFT_20240605_0_L2A,10,46.993333,1.0,1.0,
ftw-netherlands-002,fields-of-the-world,netherlands,0.4622,2024-07-23,S2B_31UFT_20240723_0_L2A,10,83.671612,1.0,1.0,
ftw-netherlands-002,fields-of-the-world,netherlands,0.4622,2024-09-06,S2A_31UFT_20240906_0_L2A,10,39.99491,0.0,0.0,
ftw-netherlands-002,fields-of-the-world,netherlands,0.4622,2024-10-23,S2A_31UFT_20241023_0_L2A,10,67.400879,1.0,1.0,
ftw-netherlands-002,fields-of-the-world,netherlands,0.4622,2024-11-25,S2C_31UFT_20241125_1_L2A,10,99.990934,1.0,1.0,
ftw-netherlands-003,fields-of-the-world,netherlands,0.5437,2023-01-02,S2A_31UFT_20230102_0_L2A,15,88.940901,1.0,1.0,
ftw-netherlands-003,fields-of-the-world,netherlands,0.5437,2023-02-16,S2B_31UFT_20230216_0_L2A,15,98.978484,1.0,1.0,
ftw-netherlands-003,fields-of-the-world,netherlands,0.5437,2023-04-05,S2A_31UFT_20230405_0_L2A,15,24.652022,0.0,0.0,
ftw-netherlands-003,fields-of-the-world,netherlands,0.5437,2023-05-22,S2A_31UFT_20230522_0_L2A,15,21.219476,0.0,0.0,
ftw-netherlands-003,fields-of-the-world,netherlands,0.5437,2023-07-09,S2B_31UFT_20230709_0_L2A,15,77.318692,1.0,1.0,
ftw-netherlands-003,fields-of-the-world,netherlands,0.5437,2023-08-23,S2A_31UFT_20230823_0_L2A,15,8.142585,0.0,0.0,
ftw-netherlands-003,fields-of-the-world,netherlands,0.5437,2023-10-09,S2A_31UFT_20231009_0_L2A,15,100,1.0,1.0,
ftw-netherlands-003,fields-of-the-world,netherlands,0.5437,2023-11-28,S2A_31UFT_20231128_0_L2A,15,0.811698,0.0,0.0,
ftw-netherlands-003,fields-of-the-world,netherlands,0.5437,2024-01-17,S2A_31UFT_20240117_0_L2A,15,100,1.0,1.0,
ftw-netherlands-003,fields-of-the-world,netherlands,0.5437,2024-03-02,S2B_31UFT_20240302_0_L2A,15,21.688996,0.0,0.0,
ftw-netherlands-003,fields-of-the-world,netherlands,0.5437,2024-04-19,S2A_31UFT_20240419_0_L2A,15,98.697472,1.0,1.0,
ftw-netherlands-003,fields-of-the-world,netherlands,0.5437,2024-06-05,S2A_31UFT_20240605_0_L2A,15,46.993333,0.0,0.0,
ftw-netherlands-003,fields-of-the-world,netherlands,0.5437,2024-07-23,S2B_31UFT_20240723_0_L2A,15,83.671612,1.0,1.0,
ftw-netherlands-003,fields-of-the-world,netherlands,0.5437,2024-09-06,S2A_31UFT_20240906_0_L2A,15,39.99491,0.0,0.0,
ftw-netherlands-003,fields-of-the-world,netherlands,0.5437,2024-10-23,S2A_31UFT_20241023_0_L2A,15,67.400879,1.0,1.0,
ftw-netherlands-003,fields-of-the-world,netherlands,0.5437,2024-11-25,S2C_31UFT_20241125_1_L2A,15,99.990934,1.0,1.0,
ftw-netherlands-004,fields-of-the-world,netherlands,0.8099,2023-01-02,S2A_31UFT_20230102_0_L2A,18,88.940901,1.0,1.0,
ftw-netherlands-004,fields-of-the-world,netherlands,0.8099,2023-02-16,S2B_31UFT_20230216_0_L2A,18,98.978484,1.0,1.0,
ftw-netherlands-004,fields-of-the-world,netherlands,0.8099,2023-04-05,S2A_31UFT_20230405_0_L2A,18,24.652022,0.0,0.0,
ftw-netherlands-004,fields-of-the-world,netherlands,0.8099,2023-05-22,S2A_31UFT_20230522_0_L2A,18,21.219476,0.0,0.0,
ftw-netherlands-004,fields-of-the-world,netherlands,0.8099,2023-07-09,S2B_31UFT_20230709_0_L2A,18,77.318692,1.0,1.0,
ftw-netherlands-004,fields-of-the-world,netherlands,0.8099,2023-08-23,S2A_31UFT_20230823_0_L2A,18,8.142585,0.0,0.0,
ftw-netherlands-004,fields-of-the-world,netherlands,0.8099,2023-10-09,S2A_31UFT_20231009_0_L2A,18,100,1.0,1.0,
ftw-netherlands-004,fields-of-the-world,netherlands,0.8099,2023-11-28,S2A_31UFT_20231128_0_L2A,18,0.811698,0.0,0.0,
ftw-netherlands-004,fields-of-the-world,netherlands,0.8099,2024-01-17,S2A_31UFT_20240117_0_L2A,18,100,1.0,1.0,
ftw-netherlands-004,fields-of-the-world,netherlands,0.8099,2024-03-02,S2B_31UFT_20240302_0_L2A,18,21.688996,0.0,0.0,
ftw-netherlands-004,fields-of-the-world,netherlands,0.8099,2024-04-19,S2A_31UFT_20240419_0_L2A,18,98.697472,1.0,1.0,
ftw-netherlands-004,fields-of-the-world,netherlands,0.8099,2024-06-05,S2A_31UFT_20240605_0_L2A,18,46.993333,0.0,0.0,
ftw-netherlands-004,fields-of-the-world,netherlands,0.8099,2024-07-23,S2B_31UFT_20240723_0_L2A,18,83.671612,1.0,1.0,
ftw-netherlands-004,fields-of-the-world,netherlands,0.8099,2024-09-06,S2A_31UFT_20240906_0_L2A,18,39.99491,0.0,0.0,
ftw-netherlands-004,fields-of-the-world,netherlands,0.8099,2024-10-23,S2A_31UFT_20241023_0_L2A,18,67.400879,1.0,1.0,
ftw-netherlands-004,fields-of-the-world,netherlands,0.8099,2024-11-25,S2C_31UFT_20241125_1_L2A,18,99.990934,1.0,1.0,
ftw-netherlands-005,fields-of-the-world,netherlands,0.8856,2023-01-02,S2A_31UFT_20230102_0_L2A,22,88.940901,1.0,1.0,
ftw-netherlands-005,fields-of-the-world,netherlands,0.8856,2023-02-16,S2B_31UFT_20230216_0_L2A,22,98.978484,1.0,1.0,
ftw-netherlands-005,fields-of-the-world,netherlands,0.8856,2023-04-05,S2A_31UFT_20230405_0_L2A,22,24.652022,0.0,0.0,
ftw-netherlands-005,fields-of-the-world,netherlands,0.8856,2023-05-22,S2A_31UFT_20230522_0_L2A,22,21.219476,1.0,1.0,
ftw-netherlands-005,fields-of-the-world,netherlands,0.8856,2023-07-09,S2B_31UFT_20230709_0_L2A,22,77.318692,0.13636363636363635,0.13636363636363635,
ftw-netherlands-005,fields-of-the-world,netherlands,0.8856,2023-08-23,S2A_31UFT_20230823_0_L2A,22,8.142585,0.0,0.0,
ftw-netherlands-005,fields-of-the-world,netherlands,0.8856,2023-10-09,S2A_31UFT_20231009_0_L2A,22,100,1.0,1.0,
ftw-netherlands-005,fields-of-the-world,netherlands,0.8856,2023-11-28,S2A_31UFT_20231128_0_L2A,22,0.811698,0.0,0.0,
ftw-netherlands-005,fields-of-the-world,netherlands,0.8856,2024-01-17,S2A_31UFT_20240117_0_L2A,22,100,1.0,1.0,
ftw-netherlands-005,fields-of-the-world,netherlands,0.8856,2024-03-02,S2B_31UFT_20240302_0_L2A,22,21.688996,0.0,0.0,
ftw-netherlands-005,fields-of-the-world,netherlands,0.8856,2024-04-19,S2A_31UFT_20240419_0_L2A,22,98.697472,1.0,1.0,
ftw-netherlands-005,fields-of-the-world,netherlands,0.8856,2024-06-05,S2A_31UFT_20240605_0_L2A,22,46.993333,1.0,1.0,
ftw-netherlands-005,fields-of-the-world,netherlands,0.8856,2024-07-23,S2B_31UFT_20240723_0_L2A,22,83.671612,1.0,1.0,
ftw-netherlands-005,fields-of-the-world,netherlands,0.8856,2024-09-06,S2A_31UFT_20240906_0_L2A,22,39.99491,0.0,0.0,
ftw-netherlands-005,fields-of-the-world,netherlands,0.8856,2024-10-23,S2A_31UFT_20241023_0_L2A,22,67.400879,1.0,1.0,
ftw-netherlands-005,fields-of-the-world,netherlands,0.8856,2024-11-25,S2C_31UFT_20241125_1_L2A,22,99.990934,1.0,1.0,
ftw-netherlands-006,fields-of-the-world,netherlands,1.0159,2023-01-02,S2A_31UFT_20230102_0_L2A,23,88.940901,1.0,1.0,
ftw-netherlands-006,fields-of-the-world,netherlands,1.0159,2023-02-16,S2B_31UFT_20230216_0_L2A,23,98.978484,1.0,1.0,
ftw-netherlands-006,fields-of-the-world,netherlands,1.0159,2023-04-05,S2A_31UFT_20230405_0_L2A,23,24.652022,0.0,0.0,
ftw-netherlands-006,fields-of-the-world,netherlands,1.0159,2023-05-22,S2A_31UFT_20230522_0_L2A,23,21.219476,0.0,0.0,
ftw-netherlands-006,fields-of-the-world,netherlands,1.0159,2023-07-09,S2B_31UFT_20230709_0_L2A,23,77.318692,1.0,1.0,
ftw-netherlands-006,fields-of-the-world,netherlands,1.0159,2023-08-23,S2A_31UFT_20230823_0_L2A,23,8.142585,0.0,0.0,
ftw-netherlands-006,fields-of-the-world,netherlands,1.0159,2023-10-09,S2A_31UFT_20231009_0_L2A,23,100,1.0,1.0,
ftw-netherlands-006,fields-of-the-world,netherlands,1.0159,2023-11-28,S2A_31UFT_20231128_0_L2A,23,0.811698,0.0,0.0,
ftw-netherlands-006,fields-of-the-world,netherlands,1.0159,2024-01-17,S2A_31UFT_20240117_0_L2A,23,100,1.0,1.0,
ftw-netherlands-006,fields-of-the-world,netherlands,1.0159,2024-03-02,S2B_31UFT_20240302_0_L2A,23,21.688996,0.0,0.0,
ftw-netherlands-006,fields-of-the-world,netherlands,1.0159,2024-04-19,S2A_31UFT_20240419_0_L2A,23,98.697472,1.0,1.0,
ftw-netherlands-006,fields-of-the-world,netherlands,1.0159,2024-06-05,S2A_31UFT_20240605_0_L2A,23,46.993333,0.0,0.0,
ftw-netherlands-006,fields-of-the-world,netherlands,1.0159,2024-07-23,S2B_31UFT_20240723_0_L2A,23,83.671612,1.0,1.0,
ftw-netherlands-006,fields-of-the-world,netherlands,1.0159,2024-09-06,S2A_31UFT_20240906_0_L2A,23,39.99491,0.0,0.0,
ftw-netherlands-006,fields-of-the-world,netherlands,1.0159,2024-10-23,S2A_31UFT_20241023_0_L2A,23,67.400879,1.0,1.0,
ftw-netherlands-006,fields-of-the-world,netherlands,1.0159,2024-11-25,S2C_31UFT_20241125_1_L2A,23,99.990934,1.0,1.0,
ftw-netherlands-007,fields-of-the-world,netherlands,1.3835,2023-01-02,S2A_31UFT_20230102_0_L2A,34,88.940901,1.0,1.0,
ftw-netherlands-007,fields-of-the-world,netherlands,1.3835,2023-02-16,S2B_31UFT_20230216_0_L2A,34,98.978484,1.0,1.0,
ftw-netherlands-007,fields-of-the-world,netherlands,1.3835,2023-04-05,S2A_31UFT_20230405_0_L2A,34,24.652022,0.0,0.0,
ftw-netherlands-007,fields-of-the-world,netherlands,1.3835,2023-05-22,S2A_31UFT_20230522_0_L2A,34,21.219476,0.0,0.0,
ftw-netherlands-007,fields-of-the-world,netherlands,1.3835,2023-07-09,S2B_31UFT_20230709_0_L2A,34,77.318692,0.0,0.0,
ftw-netherlands-007,fields-of-the-world,netherlands,1.3835,2023-08-23,S2A_31UFT_20230823_0_L2A,34,8.142585,0.0,0.0,
ftw-netherlands-007,fields-of-the-world,netherlands,1.3835,2023-10-09,S2A_31UFT_20231009_0_L2A,34,100,1.0,1.0,
ftw-netherlands-007,fields-of-the-world,netherlands,1.3835,2023-11-28,S2A_31UFT_20231128_0_L2A,34,0.811698,0.0,0.0,
ftw-netherlands-007,fields-of-the-world,netherlands,1.3835,2024-01-17,S2A_31UFT_20240117_0_L2A,34,100,1.0,1.0,
ftw-netherlands-007,fields-of-the-world,netherlands,1.3835,2024-03-02,S2B_31UFT_20240302_0_L2A,34,21.688996,0.0,0.0,
ftw-netherlands-007,fields-of-the-world,netherlands,1.3835,2024-04-19,S2A_31UFT_20240419_0_L2A,34,98.697472,1.0,1.0,
ftw-netherlands-007,fields-of-the-world,netherlands,1.3835,2024-06-05,S2A_31UFT_20240605_0_L2A,34,46.993333,1.0,1.0,
ftw-netherlands-007,fields-of-the-world,netherlands,1.3835,2024-07-23,S2B_31UFT_20240723_0_L2A,34,83.671612,1.0,1.0,
ftw-netherlands-007,fields-of-the-world,netherlands,1.3835,2024-09-06,S2A_31UFT_20240906_0_L2A,34,39.99491,0.0,0.0,
ftw-netherlands-007,fields-of-the-world,netherlands,1.3835,2024-10-23,S2A_31UFT_20241023_0_L2A,34,67.400879,1.0,1.0,
ftw-netherlands-007,fields-of-the-world,netherlands,1.3835,2024-11-25,S2C_31UFT_20241125_1_L2A,34,99.990934,1.0,1.0,
ftw-netherlands-008,fields-of-the-world,netherlands,1.6842,2023-01-02,S2A_31UFT_20230102_0_L2A,41,88.940901,1.0,1.0,
ftw-netherlands-008,fields-of-the-world,netherlands,1.6842,2023-02-16,S2B_31UFT_20230216_0_L2A,41,98.978484,1.0,1.0,
ftw-netherlands-008,fields-of-the-world,netherlands,1.6842,2023-04-05,S2A_31UFT_20230405_0_L2A,41,24.652022,0.0,0.0,
ftw-netherlands-008,fields-of-the-world,netherlands,1.6842,2023-05-22,S2A_31UFT_20230522_0_L2A,41,21.219476,0.0,0.0,
ftw-netherlands-008,fields-of-the-world,netherlands,1.6842,2023-07-09,S2B_31UFT_20230709_0_L2A,41,77.318692,0.0,0.0,
ftw-netherlands-008,fields-of-the-world,netherlands,1.6842,2023-08-23,S2A_31UFT_20230823_0_L2A,41,8.142585,0.0,0.0,
ftw-netherlands-008,fields-of-the-world,netherlands,1.6842,2023-10-09,S2A_31UFT_20231009_0_L2A,41,100,1.0,1.0,
ftw-netherlands-008,fields-of-the-world,netherlands,1.6842,2023-11-28,S2A_31UFT_20231128_0_L2A,41,0.811698,0.0,0.0,
ftw-netherlands-008,fields-of-the-world,netherlands,1.6842,2024-01-17,S2A_31UFT_20240117_0_L2A,41,100,1.0,1.0,
ftw-netherlands-008,fields-of-the-world,netherlands,1.6842,2024-03-02,S2B_31UFT_20240302_0_L2A,41,21.688996,0.0,0.0,
ftw-netherlands-008,fields-of-the-world,netherlands,1.6842,2024-04-19,S2A_31UFT_20240419_0_L2A,41,98.697472,1.0,1.0,
ftw-netherlands-008,fields-of-the-world,netherlands,1.6842,2024-06-05,S2A_31UFT_20240605_0_L2A,41,46.993333,1.0,1.0,
ftw-netherlands-008,fields-of-the-world,netherlands,1.6842,2024-07-23,S2B_31UFT_20240723_0_L2A,41,83.671612,1.0,1.0,
ftw-netherlands-008,fields-of-the-world,netherlands,1.6842,2024-09-06,S2A_31UFT_20240906_0_L2A,41,39.99491,0.0,0.0,
ftw-netherlands-008,fields-of-the-world,netherlands,1.6842,2024-10-23,S2A_31UFT_20241023_0_L2A,41,67.400879,1.0,1.0,
ftw-netherlands-008,fields-of-the-world,netherlands,1.6842,2024-11-25,S2C_31UFT_20241125_1_L2A,41,99.990934,1.0,1.0,
ftw-netherlands-009,fields-of-the-world,netherlands,2.1121,2023-01-02,S2A_31UFT_20230102_0_L2A,52,88.940901,1.0,1.0,
ftw-netherlands-009,fields-of-the-world,netherlands,2.1121,2023-02-16,S2B_31UFT_20230216_0_L2A,52,98.978484,1.0,1.0,
ftw-netherlands-009,fields-of-the-world,netherlands,2.1121,2023-04-05,S2A_31UFT_20230405_0_L2A,52,24.652022,0.0,0.0,
ftw-netherlands-009,fields-of-the-world,netherlands,2.1121,2023-05-22,S2A_31UFT_20230522_0_L2A,52,21.219476,0.3076923076923077,0.3076923076923077,
ftw-netherlands-009,fields-of-the-world,netherlands,2.1121,2023-07-09,S2B_31UFT_20230709_0_L2A,52,77.318692,1.0,1.0,
ftw-netherlands-009,fields-of-the-world,netherlands,2.1121,2023-08-23,S2A_31UFT_20230823_0_L2A,52,8.142585,0.0,0.0,
ftw-netherlands-009,fields-of-the-world,netherlands,2.1121,2023-10-09,S2A_31UFT_20231009_0_L2A,52,100,1.0,1.0,
ftw-netherlands-009,fields-of-the-world,netherlands,2.1121,2023-11-28,S2A_31UFT_20231128_0_L2A,52,0.811698,0.0,0.0,
ftw-netherlands-009,fields-of-the-world,netherlands,2.1121,2024-01-17,S2A_31UFT_20240117_0_L2A,52,100,1.0,1.0,
ftw-netherlands-009,fields-of-the-world,netherlands,2.1121,2024-03-02,S2B_31UFT_20240302_0_L2A,52,21.688996,0.0,0.0,
ftw-netherlands-009,fields-of-the-world,netherlands,2.1121,2024-04-19,S2A_31UFT_20240419_0_L2A,52,98.697472,1.0,1.0,
ftw-netherlands-009,fields-of-the-world,netherlands,2.1121,2024-06-05,S2A_31UFT_20240605_0_L2A,52,46.993333,0.28846153846153844,0.28846153846153844,
ftw-netherlands-009,fields-of-the-world,netherlands,2.1121,2024-07-23,S2B_31UFT_20240723_0_L2A,52,83.671612,1.0,1.0,
ftw-netherlands-009,fields-of-the-world,netherlands,2.1121,2024-09-06,S2A_31UFT_20240906_0_L2A,52,39.99491,0.0,0.0,
ftw-netherlands-009,fields-of-the-world,netherlands,2.1121,2024-10-23,S2A_31UFT_20241023_0_L2A,52,67.400879,1.0,1.0,
ftw-netherlands-009,fields-of-the-world,netherlands,2.1121,2024-11-25,S2C_31UFT_20241125_1_L2A,52,99.990934,1.0,1.0,
ftw-netherlands-010,fields-of-the-world,netherlands,2.8095,2023-01-02,S2A_31UFT_20230102_0_L2A,68,88.940901,1.0,1.0,
ftw-netherlands-010,fields-of-the-world,netherlands,2.8095,2023-02-16,S2B_31UFT_20230216_0_L2A,68,98.978484,1.0,1.0,
ftw-netherlands-010,fields-of-the-world,netherlands,2.8095,2023-04-05,S2A_31UFT_20230405_0_L2A,68,24.652022,0.0,0.0,
ftw-netherlands-010,fields-of-the-world,netherlands,2.8095,2023-05-22,S2A_31UFT_20230522_0_L2A,68,21.219476,0.0,0.0,
ftw-netherlands-010,fields-of-the-world,netherlands,2.8095,2023-07-09,S2B_31UFT_20230709_0_L2A,68,77.318692,1.0,1.0,
ftw-netherlands-010,fields-of-the-world,netherlands,2.8095,2023-08-23,S2A_31UFT_20230823_0_L2A,68,8.142585,0.0,0.0,
ftw-netherlands-010,fields-of-the-world,netherlands,2.8095,2023-10-09,S2A_31UFT_20231009_0_L2A,68,100,1.0,1.0,
ftw-netherlands-010,fields-of-the-world,netherlands,2.8095,2023-11-28,S2A_31UFT_20231128_0_L2A,68,0.811698,0.0,0.0,
ftw-netherlands-010,fields-of-the-world,netherlands,2.8095,2024-01-17,S2A_31UFT_20240117_0_L2A,68,100,1.0,1.0,
ftw-netherlands-010,fields-of-the-world,netherlands,2.8095,2024-03-02,S2B_31UFT_20240302_0_L2A,68,21.688996,0.0,0.0,
ftw-netherlands-010,fields-of-the-world,netherlands,2.8095,2024-04-19,S2A_31UFT_20240419_0_L2A,68,98.697472,1.0,1.0,
ftw-netherlands-010,fields-of-the-world,netherlands,2.8095,2024-06-05,S2A_31UFT_20240605_0_L2A,68,46.993333,0.0,0.0,
ftw-netherlands-010,fields-of-the-world,netherlands,2.8095,2024-07-23,S2B_31UFT_20240723_0_L2A,68,83.671612,1.0,1.0,
ftw-netherlands-010,fields-of-the-world,netherlands,2.8095,2024-09-06,S2A_31UFT_20240906_0_L2A,68,39.99491,0.0,0.0,
ftw-netherlands-010,fields-of-the-world,netherlands,2.8095,2024-10-23,S2A_31UFT_20241023_0_L2A,68,67.400879,1.0,1.0,
ftw-netherlands-010,fields-of-the-world,netherlands,2.8095,2024-11-25,S2C_31UFT_20241125_1_L2A,68,99.990934,1.0,1.0,
ftw-netherlands-011,fields-of-the-world,netherlands,3.2594,2023-01-02,S2A_31UFT_20230102_0_L2A,84,88.940901,1.0,1.0,
ftw-netherlands-011,fields-of-the-world,netherlands,3.2594,2023-02-16,S2B_31UFT_20230216_0_L2A,84,98.978484,1.0,1.0,
ftw-netherlands-011,fields-of-the-world,netherlands,3.2594,2023-04-05,S2A_31UFT_20230405_0_L2A,84,24.652022,0.0,0.0,
ftw-netherlands-011,fields-of-the-world,netherlands,3.2594,2023-05-22,S2A_31UFT_20230522_0_L2A,84,21.219476,0.0,0.0,
ftw-netherlands-011,fields-of-the-world,netherlands,3.2594,2023-07-09,S2B_31UFT_20230709_0_L2A,84,77.318692,1.0,1.0,
ftw-netherlands-011,fields-of-the-world,netherlands,3.2594,2023-08-23,S2A_31UFT_20230823_0_L2A,84,8.142585,0.0,0.0,
ftw-netherlands-011,fields-of-the-world,netherlands,3.2594,2023-10-09,S2A_31UFT_20231009_0_L2A,84,100,1.0,1.0,
ftw-netherlands-011,fields-of-the-world,netherlands,3.2594,2023-11-28,S2A_31UFT_20231128_0_L2A,84,0.811698,0.0,0.0,
ftw-netherlands-011,fields-of-the-world,netherlands,3.2594,2024-01-17,S2A_31UFT_20240117_0_L2A,84,100,1.0,1.0,
ftw-netherlands-011,fields-of-the-world,netherlands,3.2594,2024-03-02,S2B_31UFT_20240302_0_L2A,84,21.688996,0.0,0.0,
ftw-netherlands-011,fields-of-the-world,netherlands,3.2594,2024-04-19,S2A_31UFT_20240419_0_L2A,84,98.697472,1.0,1.0,
ftw-netherlands-011,fields-of-the-world,netherlands,3.2594,2024-06-05,S2A_31UFT_20240605_0_L2A,84,46.993333,0.0,0.0,
ftw-netherlands-011,fields-of-the-world,netherlands,3.2594,2024-07-23,S2B_31UFT_20240723_0_L2A,84,83.671612,1.0,1.0,
ftw-netherlands-011,fields-of-the-world,netherlands,3.2594,2024-09-06,S2A_31UFT_20240906_0_L2A,84,39.99491,0.47619047619047616,0.47619047619047616,
ftw-netherlands-011,fields-of-the-world,netherlands,3.2594,2024-10-23,S2A_31UFT_20241023_0_L2A,84,67.400879,1.0,1.0,
ftw-netherlands-011,fields-of-the-world,netherlands,3.2594,2024-11-25,S2C_31UFT_20241125_1_L2A,84,99.990934,1.0,1.0,
ftw-netherlands-012,fields-of-the-world,netherlands,5.7877,2023-01-02,S2A_31UFT_20230102_0_L2A,144,88.940901,1.0,1.0,
ftw-netherlands-012,fields-of-the-world,netherlands,5.7877,2023-02-16,S2B_31UFT_20230216_0_L2A,144,98.978484,1.0,1.0,
ftw-netherlands-012,fields-of-the-world,netherlands,5.7877,2023-04-05,S2A_31UFT_20230405_0_L2A,144,24.652022,0.0,0.0,
ftw-netherlands-012,fields-of-the-world,netherlands,5.7877,2023-05-22,S2A_31UFT_20230522_0_L2A,144,21.219476,0.0,0.0,
ftw-netherlands-012,fields-of-the-world,netherlands,5.7877,2023-07-09,S2B_31UFT_20230709_0_L2A,144,77.318692,1.0,1.0,
ftw-netherlands-012,fields-of-the-world,netherlands,5.7877,2023-08-23,S2A_31UFT_20230823_0_L2A,144,8.142585,0.0,0.0,
ftw-netherlands-012,fields-of-the-world,netherlands,5.7877,2023-10-09,S2A_31UFT_20231009_0_L2A,144,100,1.0,1.0,
ftw-netherlands-012,fields-of-the-world,netherlands,5.7877,2023-11-28,S2A_31UFT_20231128_0_L2A,144,0.811698,0.0,0.0,
ftw-netherlands-012,fields-of-the-world,netherlands,5.7877,2024-01-17,S2A_31UFT_20240117_0_L2A,144,100,1.0,1.0,
ftw-netherlands-012,fields-of-the-world,netherlands,5.7877,2024-03-02,S2B_31UFT_20240302_0_L2A,144,21.688996,0.0,0.0,
ftw-netherlands-012,fields-of-the-world,netherlands,5.7877,2024-04-19,S2A_31UFT_20240419_0_L2A,144,98.697472,1.0,1.0,
ftw-netherlands-012,fields-of-the-world,netherlands,5.7877,2024-06-05,S2A_31UFT_20240605_0_L2A,144,46.993333,0.0,0.0,
ftw-netherlands-012,fields-of-the-world,netherlands,5.7877,2024-07-23,S2B_31UFT_20240723_0_L2A,144,83.671612,1.0,1.0,
ftw-netherlands-012,fields-of-the-world,netherlands,5.7877,2024-09-06,S2A_31UFT_20240906_0_L2A,144,39.99491,1.0,1.0,
ftw-netherlands-012,fields-of-the-world,netherlands,5.7877,2024-10-23,S2A_31UFT_20241023_0_L2A,144,67.400879,0.7083333333333334,0.7083333333333334,
ftw-netherlands-012,fields-of-the-world,netherlands,5.7877,2024-11-25,S2C_31UFT_20241125_1_L2A,144,99.990934,1.0,1.0,
ftw-netherlands-013,fields-of-the-world,netherlands,6.0584,2023-01-02,S2A_31UFT_20230102_0_L2A,153,88.940901,1.0,1.0,
ftw-netherlands-013,fields-of-the-world,netherlands,6.0584,2023-02-16,S2B_31UFT_20230216_0_L2A,153,98.978484,1.0,1.0,
ftw-netherlands-013,fields-of-the-world,netherlands,6.0584,2023-04-05,S2A_31UFT_20230405_0_L2A,153,24.652022,0.0,0.0,
ftw-netherlands-013,fields-of-the-world,netherlands,6.0584,2023-05-22,S2A_31UFT_20230522_0_L2A,153,21.219476,0.0,0.0,
ftw-netherlands-013,fields-of-the-world,netherlands,6.0584,2023-07-09,S2B_31UFT_20230709_0_L2A,153,77.318692,1.0,1.0,
ftw-netherlands-013,fields-of-the-world,netherlands,6.0584,2023-08-23,S2A_31UFT_20230823_0_L2A,153,8.142585,0.0,0.0,
ftw-netherlands-013,fields-of-the-world,netherlands,6.0584,2023-10-09,S2A_31UFT_20231009_0_L2A,153,100,1.0,1.0,
ftw-netherlands-013,fields-of-the-world,netherlands,6.0584,2023-11-28,S2A_31UFT_20231128_0_L2A,153,0.811698,0.0,0.0,
ftw-netherlands-013,fields-of-the-world,netherlands,6.0584,2024-01-17,S2A_31UFT_20240117_0_L2A,153,100,1.0,1.0,
ftw-netherlands-013,fields-of-the-world,netherlands,6.0584,2024-03-02,S2B_31UFT_20240302_0_L2A,153,21.688996,0.0,0.0,
ftw-netherlands-013,fields-of-the-world,netherlands,6.0584,2024-04-19,S2A_31UFT_20240419_0_L2A,153,98.697472,1.0,1.0,
ftw-netherlands-013,fields-of-the-world,netherlands,6.0584,2024-06-05,S2A_31UFT_20240605_0_L2A,153,46.993333,0.0,0.0,
ftw-netherlands-013,fields-of-the-world,netherlands,6.0584,2024-07-23,S2B_31UFT_20240723_0_L2A,153,83.671612,1.0,1.0,
ftw-netherlands-013,fields-of-the-world,netherlands,6.0584,2024-09-06,S2A_31UFT_20240906_0_L2A,153,39.99491,0.0,0.0,
ftw-netherlands-013,fields-of-the-world,netherlands,6.0584,2024-10-23,S2A_31UFT_20241023_0_L2A,153,67.400879,1.0,1.0,
ftw-netherlands-013,fields-of-the-world,netherlands,6.0584,2024-11-25,S2C_31UFT_20241125_1_L2A,153,99.990934,1.0,1.0,
ftw-netherlands-014,fields-of-the-world,netherlands,6.1033,2023-01-02,S2A_31UFT_20230102_0_L2A,151,88.940901,1.0,1.0,
ftw-netherlands-014,fields-of-the-world,netherlands,6.1033,2023-02-16,S2B_31UFT_20230216_0_L2A,151,98.978484,1.0,1.0,
ftw-netherlands-014,fields-of-the-world,netherlands,6.1033,2023-04-05,S2A_31UFT_20230405_0_L2A,151,24.652022,0.0,0.0,
ftw-netherlands-014,fields-of-the-world,netherlands,6.1033,2023-05-22,S2A_31UFT_20230522_0_L2A,151,21.219476,0.0,0.0,
ftw-netherlands-014,fields-of-the-world,netherlands,6.1033,2023-07-09,S2B_31UFT_20230709_0_L2A,151,77.318692,1.0,1.0,
ftw-netherlands-014,fields-of-the-world,netherlands,6.1033,2023-08-23,S2A_31UFT_20230823_0_L2A,151,8.142585,0.0,0.0,
ftw-netherlands-014,fields-of-the-world,netherlands,6.1033,2023-10-09,S2A_31UFT_20231009_0_L2A,151,100,1.0,1.0,
ftw-netherlands-014,fields-of-the-world,netherlands,6.1033,2023-11-28,S2A_31UFT_20231128_0_L2A,151,0.811698,0.0,0.0,
ftw-netherlands-014,fields-of-the-world,netherlands,6.1033,2024-01-17,S2A_31UFT_20240117_0_L2A,151,100,1.0,1.0,
ftw-netherlands-014,fields-of-the-world,netherlands,6.1033,2024-03-02,S2B_31UFT_20240302_0_L2A,151,21.688996,0.0,0.0,
ftw-netherlands-014,fields-of-the-world,netherlands,6.1033,2024-04-19,S2A_31UFT_20240419_0_L2A,151,98.697472,1.0,1.0,
ftw-netherlands-014,fields-of-the-world,netherlands,6.1033,2024-06-05,S2A_31UFT_20240605_0_L2A,151,46.993333,0.046357615894039736,0.046357615894039736,
ftw-netherlands-014,fields-of-the-world,netherlands,6.1033,2024-07-23,S2B_31UFT_20240723_0_L2A,151,83.671612,1.0,1.0,
ftw-netherlands-014,fields-of-the-world,netherlands,6.1033,2024-09-06,S2A_31UFT_20240906_0_L2A,151,39.99491,0.0,0.0,
ftw-netherlands-014,fields-of-the-world,netherlands,6.1033,2024-10-23,S2A_31UFT_20241023_0_L2A,151,67.400879,1.0,1.0,
ftw-netherlands-014,fields-of-the-world,netherlands,6.1033,2024-11-25,S2C_31UFT_20241125_1_L2A,151,99.990934,1.0,1.0,
ftw-netherlands-015,fields-of-the-world,netherlands,6.2192,2023-01-02,S2A_31UFT_20230102_0_L2A,154,88.940901,1.0,1.0,
ftw-netherlands-015,fields-of-the-world,netherlands,6.2192,2023-02-16,S2B_31UFT_20230216_0_L2A,154,98.978484,1.0,1.0,
ftw-netherlands-015,fields-of-the-world,netherlands,6.2192,2023-04-05,S2A_31UFT_20230405_0_L2A,154,24.652022,0.0,0.0,
ftw-netherlands-015,fields-of-the-world,netherlands,6.2192,2023-05-22,S2A_31UFT_20230522_0_L2A,154,21.219476,0.0,0.0,
ftw-netherlands-015,fields-of-the-world,netherlands,6.2192,2023-07-09,S2B_31UFT_20230709_0_L2A,154,77.318692,1.0,1.0,
ftw-netherlands-015,fields-of-the-world,netherlands,6.2192,2023-08-23,S2A_31UFT_20230823_0_L2A,154,8.142585,0.0,0.0,
ftw-netherlands-015,fields-of-the-world,netherlands,6.2192,2023-10-09,S2A_31UFT_20231009_0_L2A,154,100,1.0,1.0,
ftw-netherlands-015,fields-of-the-world,netherlands,6.2192,2023-11-28,S2A_31UFT_20231128_0_L2A,154,0.811698,0.0,0.0,
ftw-netherlands-015,fields-of-the-world,netherlands,6.2192,2024-01-17,S2A_31UFT_20240117_0_L2A,154,100,1.0,1.0,
ftw-netherlands-015,fields-of-the-world,netherlands,6.2192,2024-03-02,S2B_31UFT_20240302_0_L2A,154,21.688996,0.0,0.0,
ftw-netherlands-015,fields-of-the-world,netherlands,6.2192,2024-04-19,S2A_31UFT_20240419_0_L2A,154,98.697472,1.0,1.0,
ftw-netherlands-015,fields-of-the-world,netherlands,6.2192,2024-06-05,S2A_31UFT_20240605_0_L2A,154,46.993333,0.0,0.0,
ftw-netherlands-015,fields-of-the-world,netherlands,6.2192,2024-07-23,S2B_31UFT_20240723_0_L2A,154,83.671612,1.0,1.0,
ftw-netherlands-015,fields-of-the-world,netherlands,6.2192,2024-09-06,S2A_31UFT_20240906_0_L2A,154,39.99491,0.0,0.0,
ftw-netherlands-015,fields-of-the-world,netherlands,6.2192,2024-10-23,S2A_31UFT_20241023_0_L2A,154,67.400879,1.0,1.0,
ftw-netherlands-015,fields-of-the-world,netherlands,6.2192,2024-11-25,S2C_31UFT_20241125_1_L2A,154,99.990934,1.0,1.0,
ftw-netherlands-016,fields-of-the-world,netherlands,6.6462,2023-01-02,S2A_31UFT_20230102_0_L2A,166,88.940901,1.0,1.0,
ftw-netherlands-016,fields-of-the-world,netherlands,6.6462,2023-02-16,S2B_31UFT_20230216_0_L2A,166,98.978484,1.0,1.0,
ftw-netherlands-016,fields-of-the-world,netherlands,6.6462,2023-04-05,S2A_31UFT_20230405_0_L2A,166,24.652022,0.0,0.0,
ftw-netherlands-016,fields-of-the-world,netherlands,6.6462,2023-05-22,S2A_31UFT_20230522_0_L2A,166,21.219476,0.0,0.0,
ftw-netherlands-016,fields-of-the-world,netherlands,6.6462,2023-07-09,S2B_31UFT_20230709_0_L2A,166,77.318692,1.0,1.0,
ftw-netherlands-016,fields-of-the-world,netherlands,6.6462,2023-08-23,S2A_31UFT_20230823_0_L2A,166,8.142585,0.0,0.0,
ftw-netherlands-016,fields-of-the-world,netherlands,6.6462,2023-10-09,S2A_31UFT_20231009_0_L2A,166,100,1.0,1.0,
ftw-netherlands-016,fields-of-the-world,netherlands,6.6462,2023-11-28,S2A_31UFT_20231128_0_L2A,166,0.811698,0.0,0.0,
ftw-netherlands-016,fields-of-the-world,netherlands,6.6462,2024-01-17,S2A_31UFT_20240117_0_L2A,166,100,1.0,1.0,
ftw-netherlands-016,fields-of-the-world,netherlands,6.6462,2024-03-02,S2B_31UFT_20240302_0_L2A,166,21.688996,0.0,0.0,
ftw-netherlands-016,fields-of-the-world,netherlands,6.6462,2024-04-19,S2A_31UFT_20240419_0_L2A,166,98.697472,1.0,1.0,
ftw-netherlands-016,fields-of-the-world,netherlands,6.6462,2024-06-05,S2A_31UFT_20240605_0_L2A,166,46.993333,0.08433734939759036,0.08433734939759036,
ftw-netherlands-016,fields-of-the-world,netherlands,6.6462,2024-07-23,S2B_31UFT_20240723_0_L2A,166,83.671612,1.0,1.0,
ftw-netherlands-016,fields-of-the-world,netherlands,6.6462,2024-09-06,S2A_31UFT_20240906_0_L2A,166,39.99491,0.0,0.0,
ftw-netherlands-016,fields-of-the-world,netherlands,6.6462,2024-10-23,S2A_31UFT_20241023_0_L2A,166,67.400879,1.0,1.0,
ftw-netherlands-016,fields-of-the-world,netherlands,6.6462,2024-11-25,S2C_31UFT_20241125_1_L2A,166,99.990934,1.0,1.0,
ftw-netherlands-017,fields-of-the-world,netherlands,6.8408,2023-01-02,S2A_31UFT_20230102_0_L2A,170,88.940901,1.0,1.0,
ftw-netherlands-017,fields-of-the-world,netherlands,6.8408,2023-02-16,S2B_31UFT_20230216_0_L2A,170,98.978484,1.0,1.0,
ftw-netherlands-017,fields-of-the-world,netherlands,6.8408,2023-04-05,S2A_31UFT_20230405_0_L2A,170,24.652022,0.0,0.0,
ftw-netherlands-017,fields-of-the-world,netherlands,6.8408,2023-05-22,S2A_31UFT_20230522_0_L2A,170,21.219476,0.13529411764705881,0.13529411764705881,
ftw-netherlands-017,fields-of-the-world,netherlands,6.8408,2023-07-09,S2B_31UFT_20230709_0_L2A,170,77.318692,0.0,0.0,
ftw-netherlands-017,fields-of-the-world,netherlands,6.8408,2023-08-23,S2A_31UFT_20230823_0_L2A,170,8.142585,0.0,0.0,
ftw-netherlands-017,fields-of-the-world,netherlands,6.8408,2023-10-09,S2A_31UFT_20231009_0_L2A,170,100,1.0,1.0,
ftw-netherlands-017,fields-of-the-world,netherlands,6.8408,2023-11-28,S2A_31UFT_20231128_0_L2A,170,0.811698,0.0,0.0,
ftw-netherlands-017,fields-of-the-world,netherlands,6.8408,2024-01-17,S2A_31UFT_20240117_0_L2A,170,100,1.0,1.0,
ftw-netherlands-017,fields-of-the-world,netherlands,6.8408,2024-03-02,S2B_31UFT_20240302_0_L2A,170,21.688996,0.1,0.1,
ftw-netherlands-017,fields-of-the-world,netherlands,6.8408,2024-04-19,S2A_31UFT_20240419_0_L2A,170,98.697472,1.0,1.0,
ftw-netherlands-017,fields-of-the-world,netherlands,6.8408,2024-06-05,S2A_31UFT_20240605_0_L2A,170,46.993333,1.0,1.0,
ftw-netherlands-017,fields-of-the-world,netherlands,6.8408,2024-07-23,S2B_31UFT_20240723_0_L2A,170,83.671612,1.0,1.0,
ftw-netherlands-017,fields-of-the-world,netherlands,6.8408,2024-09-06,S2A_31UFT_20240906_0_L2A,170,39.99491,0.0,0.0,
ftw-netherlands-017,fields-of-the-world,netherlands,6.8408,2024-10-23,S2A_31UFT_20241023_0_L2A,170,67.400879,1.0,1.0,
ftw-netherlands-017,fields-of-the-world,netherlands,6.8408,2024-11-25,S2C_31UFT_20241125_1_L2A,170,99.990934,1.0,1.0,
ftw-rwanda-000,fields-of-the-world,rwanda,0.2072,2023-01-02,S2B_36MTD_20230102_0_L2A,4,10.381185,0.0,0.0,
ftw-rwanda-000,fields-of-the-world,rwanda,0.2072,2023-02-16,S2A_36MTD_20230216_0_L2A,4,92.592329,1.0,1.0,
ftw-rwanda-000,fields-of-the-world,rwanda,0.2072,2023-04-02,S2B_36MTD_20230402_0_L2A,4,40.609145,1.0,1.0,
ftw-rwanda-000,fields-of-the-world,rwanda,0.2072,2023-05-17,S2A_35MRU_20230517_0_L2A,4,83.751857,1.0,1.0,
ftw-rwanda-000,fields-of-the-world,rwanda,0.2072,2023-07-01,S2B_35MRU_20230701_0_L2A,4,8.755618,0.25,0.25,
ftw-rwanda-000,fields-of-the-world,rwanda,0.2072,2023-08-15,S2A_35MRU_20230815_0_L2A,4,73.432577,1.0,1.0,
ftw-rwanda-000,fields-of-the-world,rwanda,0.2072,2023-10-04,S2A_36MTD_20231004_0_L2A,4,2.049629,0.0,0.0,
ftw-rwanda-000,fields-of-the-world,rwanda,0.2072,2023-11-18,S2B_36MTD_20231118_0_L2A,4,93.60252,1.0,1.0,
ftw-rwanda-000,fields-of-the-world,rwanda,0.2072,2024-01-02,S2A_35MRU_20240102_0_L2A,4,81.335521,1.0,1.0,
ftw-rwanda-000,fields-of-the-world,rwanda,0.2072,2024-02-16,S2B_35MRU_20240216_0_L2A,4,80.79102,1.0,1.0,
ftw-rwanda-000,fields-of-the-world,rwanda,0.2072,2024-04-01,S2A_35MRU_20240401_0_L2A,4,83.408505,1.0,1.0,
ftw-rwanda-000,fields-of-the-world,rwanda,0.2072,2024-05-21,S2A_36MTD_20240521_0_L2A,4,83.086902,1.0,1.0,
ftw-rwanda-000,fields-of-the-world,rwanda,0.2072,2024-07-05,S2B_36MTD_20240705_0_L2A,4,20.351353,1.0,1.0,
ftw-rwanda-000,fields-of-the-world,rwanda,0.2072,2024-08-19,S2A_36MTD_20240819_0_L2A,4,64.3161,1.0,1.0,
ftw-rwanda-000,fields-of-the-world,rwanda,0.2072,2024-10-03,S2B_35MRU_20241003_0_L2A,4,92.369807,1.0,1.0,
ftw-rwanda-000,fields-of-the-world,rwanda,0.2072,2024-11-17,S2A_35MRU_20241117_0_L2A,4,82.221824,1.0,1.0,
ftw-rwanda-001,fields-of-the-world,rwanda,0.2854,2023-01-02,S2B_36MTD_20230102_0_L2A,6,10.381185,0.0,0.0,
ftw-rwanda-001,fields-of-the-world,rwanda,0.2854,2023-02-16,S2A_36MTD_20230216_0_L2A,6,92.592329,1.0,1.0,
ftw-rwanda-001,fields-of-the-world,rwanda,0.2854,2023-04-02,S2B_36MTD_20230402_0_L2A,6,40.609145,0.0,0.0,
ftw-rwanda-001,fields-of-the-world,rwanda,0.2854,2023-05-17,S2A_35MRU_20230517_0_L2A,8,83.751857,1.0,1.0,
ftw-rwanda-001,fields-of-the-world,rwanda,0.2854,2023-07-01,S2B_35MRU_20230701_0_L2A,8,8.755618,0.0,0.0,
ftw-rwanda-001,fields-of-the-world,rwanda,0.2854,2023-08-15,S2A_35MRU_20230815_0_L2A,8,73.432577,1.0,1.0,
ftw-rwanda-001,fields-of-the-world,rwanda,0.2854,2023-10-04,S2A_36MTD_20231004_0_L2A,6,2.049629,0.0,0.0,
ftw-rwanda-001,fields-of-the-world,rwanda,0.2854,2023-11-18,S2B_36MTD_20231118_0_L2A,6,93.60252,1.0,1.0,
ftw-rwanda-001,fields-of-the-world,rwanda,0.2854,2024-01-02,S2A_35MRU_20240102_0_L2A,8,81.335521,1.0,1.0,
ftw-rwanda-001,fields-of-the-world,rwanda,0.2854,2024-02-16,S2B_35MRU_20240216_0_L2A,8,80.79102,1.0,1.0,
ftw-rwanda-001,fields-of-the-world,rwanda,0.2854,2024-04-01,S2A_35MRU_20240401_0_L2A,8,83.408505,1.0,1.0,
ftw-rwanda-001,fields-of-the-world,rwanda,0.2854,2024-05-21,S2A_36MTD_20240521_0_L2A,6,83.086902,1.0,1.0,
ftw-rwanda-001,fields-of-the-world,rwanda,0.2854,2024-07-05,S2B_36MTD_20240705_0_L2A,6,20.351353,1.0,1.0,
ftw-rwanda-001,fields-of-the-world,rwanda,0.2854,2024-08-19,S2A_36MTD_20240819_0_L2A,6,64.3161,1.0,1.0,
ftw-rwanda-001,fields-of-the-world,rwanda,0.2854,2024-10-03,S2B_35MRU_20241003_0_L2A,8,92.369807,1.0,1.0,
ftw-rwanda-001,fields-of-the-world,rwanda,0.2854,2024-11-17,S2A_35MRU_20241117_0_L2A,8,82.221824,1.0,1.0,
ftw-rwanda-002,fields-of-the-world,rwanda,0.3998,2023-01-02,S2B_36MTD_20230102_0_L2A,9,10.381185,0.0,0.0,
ftw-rwanda-002,fields-of-the-world,rwanda,0.3998,2023-02-16,S2A_36MTD_20230216_0_L2A,9,92.592329,1.0,1.0,
ftw-rwanda-002,fields-of-the-world,rwanda,0.3998,2023-04-02,S2B_36MTD_20230402_0_L2A,9,40.609145,0.0,0.0,
ftw-rwanda-002,fields-of-the-world,rwanda,0.3998,2023-05-17,S2A_35MRU_20230517_0_L2A,9,83.751857,1.0,1.0,
ftw-rwanda-002,fields-of-the-world,rwanda,0.3998,2023-07-01,S2B_35MRU_20230701_0_L2A,9,8.755618,0.0,0.0,
ftw-rwanda-002,fields-of-the-world,rwanda,0.3998,2023-08-15,S2A_35MRU_20230815_0_L2A,9,73.432577,1.0,1.0,
ftw-rwanda-002,fields-of-the-world,rwanda,0.3998,2023-10-04,S2A_36MTD_20231004_0_L2A,9,2.049629,0.0,0.0,
ftw-rwanda-002,fields-of-the-world,rwanda,0.3998,2023-11-18,S2B_36MTD_20231118_0_L2A,9,93.60252,1.0,1.0,
ftw-rwanda-002,fields-of-the-world,rwanda,0.3998,2024-01-02,S2A_35MRU_20240102_0_L2A,9,81.335521,1.0,1.0,
ftw-rwanda-002,fields-of-the-world,rwanda,0.3998,2024-02-16,S2B_35MRU_20240216_0_L2A,9,80.79102,1.0,1.0,
ftw-rwanda-002,fields-of-the-world,rwanda,0.3998,2024-04-01,S2A_35MRU_20240401_0_L2A,9,83.408505,1.0,1.0,
ftw-rwanda-002,fields-of-the-world,rwanda,0.3998,2024-05-21,S2A_36MTD_20240521_0_L2A,9,83.086902,1.0,1.0,
ftw-rwanda-002,fields-of-the-world,rwanda,0.3998,2024-07-05,S2B_36MTD_20240705_0_L2A,9,20.351353,1.0,1.0,
ftw-rwanda-002,fields-of-the-world,rwanda,0.3998,2024-08-19,S2A_36MTD_20240819_0_L2A,9,64.3161,1.0,1.0,
ftw-rwanda-002,fields-of-the-world,rwanda,0.3998,2024-10-03,S2B_35MRU_20241003_0_L2A,9,92.369807,1.0,1.0,
ftw-rwanda-002,fields-of-the-world,rwanda,0.3998,2024-11-17,S2A_35MRU_20241117_0_L2A,9,82.221824,0.0,0.0,
ftw-rwanda-003,fields-of-the-world,rwanda,0.5232,2023-01-02,S2B_36MTD_20230102_0_L2A,13,10.381185,0.0,0.0,
ftw-rwanda-003,fields-of-the-world,rwanda,0.5232,2023-02-16,S2A_36MTD_20230216_0_L2A,13,92.592329,1.0,1.0,
ftw-rwanda-003,fields-of-the-world,rwanda,0.5232,2023-04-02,S2B_36MTD_20230402_0_L2A,13,40.609145,1.0,1.0,
ftw-rwanda-003,fields-of-the-world,rwanda,0.5232,2023-05-17,S2A_35MRU_20230517_0_L2A,11,83.751857,1.0,1.0,
ftw-rwanda-003,fields-of-the-world,rwanda,0.5232,2023-07-01,S2B_35MRU_20230701_0_L2A,11,8.755618,0.0,0.0,
ftw-rwanda-003,fields-of-the-world,rwanda,0.5232,2023-08-15,S2A_35MRU_20230815_0_L2A,11,73.432577,1.0,1.0,
ftw-rwanda-003,fields-of-the-world,rwanda,0.5232,2023-10-04,S2A_36MTD_20231004_0_L2A,13,2.049629,0.0,0.0,
ftw-rwanda-003,fields-of-the-world,rwanda,0.5232,2023-11-18,S2B_36MTD_20231118_0_L2A,13,93.60252,1.0,1.0,
ftw-rwanda-003,fields-of-the-world,rwanda,0.5232,2024-01-02,S2A_35MRU_20240102_0_L2A,11,81.335521,0.0,0.0,
ftw-rwanda-003,fields-of-the-world,rwanda,0.5232,2024-02-16,S2B_35MRU_20240216_0_L2A,11,80.79102,1.0,1.0,
ftw-rwanda-003,fields-of-the-world,rwanda,0.5232,2024-04-01,S2A_35MRU_20240401_0_L2A,11,83.408505,1.0,1.0,
ftw-rwanda-003,fields-of-the-world,rwanda,0.5232,2024-05-21,S2A_36MTD_20240521_0_L2A,13,83.086902,1.0,1.0,
ftw-rwanda-003,fields-of-the-world,rwanda,0.5232,2024-07-05,S2B_36MTD_20240705_0_L2A,13,20.351353,0.0,0.0,
ftw-rwanda-003,fields-of-the-world,rwanda,0.5232,2024-08-19,S2A_36MTD_20240819_0_L2A,13,64.3161,1.0,1.0,
ftw-rwanda-003,fields-of-the-world,rwanda,0.5232,2024-10-03,S2B_35MRU_20241003_0_L2A,11,92.369807,1.0,1.0,
ftw-rwanda-003,fields-of-the-world,rwanda,0.5232,2024-11-17,S2A_35MRU_20241117_0_L2A,11,82.221824,1.0,1.0,
ftw-rwanda-004,fields-of-the-world,rwanda,0.6579,2023-01-02,S2B_36MTD_20230102_0_L2A,8,10.381185,0.0,0.0,
ftw-rwanda-004,fields-of-the-world,rwanda,0.6579,2023-02-16,S2A_36MTD_20230216_0_L2A,8,92.592329,1.0,1.0,
ftw-rwanda-004,fields-of-the-world,rwanda,0.6579,2023-04-02,S2B_36MTD_20230402_0_L2A,8,40.609145,1.0,1.0,
ftw-rwanda-004,fields-of-the-world,rwanda,0.6579,2023-05-17,S2A_35MRU_20230517_0_L2A,16,83.751857,1.0,1.0,
ftw-rwanda-004,fields-of-the-world,rwanda,0.6579,2023-07-01,S2B_35MRU_20230701_0_L2A,16,8.755618,0.0,0.0,
ftw-rwanda-004,fields-of-the-world,rwanda,0.6579,2023-08-15,S2A_35MRU_20230815_0_L2A,16,73.432577,1.0,1.0,
ftw-rwanda-004,fields-of-the-world,rwanda,0.6579,2023-10-04,S2A_36MTD_20231004_0_L2A,8,2.049629,0.0,0.0,
ftw-rwanda-004,fields-of-the-world,rwanda,0.6579,2023-11-18,S2B_36MTD_20231118_0_L2A,8,93.60252,1.0,1.0,
ftw-rwanda-004,fields-of-the-world,rwanda,0.6579,2024-01-02,S2A_35MRU_20240102_0_L2A,16,81.335521,1.0,1.0,
ftw-rwanda-004,fields-of-the-world,rwanda,0.6579,2024-02-16,S2B_35MRU_20240216_0_L2A,16,80.79102,1.0,1.0,
ftw-rwanda-004,fields-of-the-world,rwanda,0.6579,2024-04-01,S2A_35MRU_20240401_0_L2A,16,83.408505,1.0,1.0,
ftw-rwanda-004,fields-of-the-world,rwanda,0.6579,2024-05-21,S2A_36MTD_20240521_0_L2A,8,83.086902,1.0,1.0,
ftw-rwanda-004,fields-of-the-world,rwanda,0.6579,2024-07-05,S2B_36MTD_20240705_0_L2A,8,20.351353,1.0,1.0,
ftw-rwanda-004,fields-of-the-world,rwanda,0.6579,2024-08-19,S2A_36MTD_20240819_0_L2A,8,64.3161,1.0,1.0,
ftw-rwanda-004,fields-of-the-world,rwanda,0.6579,2024-10-03,S2B_35MRU_20241003_0_L2A,16,92.369807,1.0,1.0,
ftw-rwanda-004,fields-of-the-world,rwanda,0.6579,2024-11-17,S2A_35MRU_20241117_0_L2A,16,82.221824,0.6875,0.6875,
ftw-rwanda-005,fields-of-the-world,rwanda,0.8065,2023-01-02,S2B_36MTD_20230102_0_L2A,18,10.381185,0.0,0.0,
ftw-rwanda-005,fields-of-the-world,rwanda,0.8065,2023-02-16,S2A_36MTD_20230216_0_L2A,18,92.592329,1.0,1.0,
ftw-rwanda-005,fields-of-the-world,rwanda,0.8065,2023-04-02,S2B_36MTD_20230402_0_L2A,18,40.609145,1.0,1.0,
ftw-rwanda-005,fields-of-the-world,rwanda,0.8065,2023-05-17,S2A_35MRU_20230517_0_L2A,19,83.751857,1.0,1.0,
ftw-rwanda-005,fields-of-the-world,rwanda,0.8065,2023-07-01,S2B_35MRU_20230701_0_L2A,19,8.755618,0.0,0.0,
ftw-rwanda-005,fields-of-the-world,rwanda,0.8065,2023-08-15,S2A_35MRU_20230815_0_L2A,19,73.432577,1.0,1.0,
ftw-rwanda-005,fields-of-the-world,rwanda,0.8065,2023-10-04,S2A_36MTD_20231004_0_L2A,18,2.049629,0.0,0.0,
ftw-rwanda-005,fields-of-the-world,rwanda,0.8065,2023-11-18,S2B_36MTD_20231118_0_L2A,18,93.60252,1.0,1.0,
ftw-rwanda-005,fields-of-the-world,rwanda,0.8065,2024-01-02,S2A_35MRU_20240102_0_L2A,19,81.335521,1.0,1.0,
ftw-rwanda-005,fields-of-the-world,rwanda,0.8065,2024-02-16,S2B_35MRU_20240216_0_L2A,19,80.79102,1.0,1.0,
ftw-rwanda-005,fields-of-the-world,rwanda,0.8065,2024-04-01,S2A_35MRU_20240401_0_L2A,19,83.408505,1.0,1.0,
ftw-rwanda-005,fields-of-the-world,rwanda,0.8065,2024-05-21,S2A_36MTD_20240521_0_L2A,18,83.086902,1.0,1.0,
ftw-rwanda-005,fields-of-the-world,rwanda,0.8065,2024-07-05,S2B_36MTD_20240705_0_L2A,18,20.351353,1.0,1.0,
ftw-rwanda-005,fields-of-the-world,rwanda,0.8065,2024-08-19,S2A_36MTD_20240819_0_L2A,18,64.3161,1.0,1.0,
ftw-rwanda-005,fields-of-the-world,rwanda,0.8065,2024-10-03,S2B_35MRU_20241003_0_L2A,19,92.369807,1.0,1.0,
ftw-rwanda-005,fields-of-the-world,rwanda,0.8065,2024-11-17,S2A_35MRU_20241117_0_L2A,19,82.221824,1.0,1.0,
ftw-rwanda-006,fields-of-the-world,rwanda,1.0032,2023-01-02,S2B_35MRU_20230102_0_L2A,23,26.773021,0.0,0.0,
ftw-rwanda-006,fields-of-the-world,rwanda,1.0032,2023-02-16,S2A_35MRU_20230216_0_L2A,23,78.24412,1.0,1.0,
ftw-rwanda-006,fields-of-the-world,rwanda,1.0032,2023-04-02,S2B_35MRU_20230402_0_L2A,23,44.105637,0.0,0.0,
ftw-rwanda-006,fields-of-the-world,rwanda,1.0032,2023-05-17,S2A_35MRU_20230517_0_L2A,23,83.751857,1.0,1.0,
ftw-rwanda-006,fields-of-the-world,rwanda,1.0032,2023-07-01,S2B_35MRU_20230701_0_L2A,23,8.755618,0.0,0.0,
ftw-rwanda-006,fields-of-the-world,rwanda,1.0032,2023-08-15,S2A_35MRU_20230815_0_L2A,23,73.432577,1.0,1.0,
ftw-rwanda-006,fields-of-the-world,rwanda,1.0032,2023-10-04,S2A_35MRU_20231004_0_L2A,23,2.047077,0.0,0.0,
ftw-rwanda-006,fields-of-the-world,rwanda,1.0032,2023-11-18,S2B_35MRU_20231118_0_L2A,23,91.789651,1.0,1.0,
ftw-rwanda-006,fields-of-the-world,rwanda,1.0032,2024-01-02,S2A_35MRU_20240102_0_L2A,23,81.335521,1.0,1.0,
ftw-rwanda-006,fields-of-the-world,rwanda,1.0032,2024-02-16,S2B_35MRU_20240216_0_L2A,23,80.79102,1.0,1.0,
ftw-rwanda-006,fields-of-the-world,rwanda,1.0032,2024-04-01,S2A_35MRU_20240401_0_L2A,23,83.408505,1.0,1.0,
ftw-rwanda-006,fields-of-the-world,rwanda,1.0032,2024-05-21,S2A_35MRU_20240521_0_L2A,23,80.052108,1.0,1.0,
ftw-rwanda-006,fields-of-the-world,rwanda,1.0032,2024-07-05,S2B_35MRU_20240705_0_L2A,23,27.693561,1.0,1.0,
ftw-rwanda-006,fields-of-the-world,rwanda,1.0032,2024-08-19,S2A_35MRU_20240819_0_L2A,23,37.752649,1.0,1.0,
ftw-rwanda-006,fields-of-the-world,rwanda,1.0032,2024-10-03,S2B_35MRU_20241003_0_L2A,23,92.369807,1.0,1.0,
ftw-rwanda-006,fields-of-the-world,rwanda,1.0032,2024-11-17,S2A_35MRU_20241117_0_L2A,23,82.221824,1.0,1.0,
ftw-rwanda-007,fields-of-the-world,rwanda,1.294,2023-01-02,S2B_36MTD_20230102_0_L2A,31,10.381185,0.0,0.0,
ftw-rwanda-007,fields-of-the-world,rwanda,1.294,2023-02-16,S2A_36MTD_20230216_0_L2A,31,92.592329,1.0,1.0,
ftw-rwanda-007,fields-of-the-world,rwanda,1.294,2023-04-02,S2B_36MTD_20230402_0_L2A,31,40.609145,1.0,1.0,
ftw-rwanda-007,fields-of-the-world,rwanda,1.294,2023-05-17,S2A_35MRU_20230517_0_L2A,31,83.751857,1.0,1.0,
ftw-rwanda-007,fields-of-the-world,rwanda,1.294,2023-07-01,S2B_35MRU_20230701_0_L2A,31,8.755618,0.0,0.0,
ftw-rwanda-007,fields-of-the-world,rwanda,1.294,2023-08-15,S2A_35MRU_20230815_0_L2A,31,73.432577,1.0,1.0,
ftw-rwanda-007,fields-of-the-world,rwanda,1.294,2023-10-04,S2A_36MTD_20231004_0_L2A,31,2.049629,0.0,0.0,
ftw-rwanda-007,fields-of-the-world,rwanda,1.294,2023-11-18,S2B_36MTD_20231118_0_L2A,31,93.60252,1.0,1.0,
ftw-rwanda-007,fields-of-the-world,rwanda,1.294,2024-01-02,S2A_35MRU_20240102_0_L2A,31,81.335521,1.0,1.0,
ftw-rwanda-007,fields-of-the-world,rwanda,1.294,2024-02-16,S2B_35MRU_20240216_0_L2A,31,80.79102,1.0,1.0,
ftw-rwanda-007,fields-of-the-world,rwanda,1.294,2024-04-01,S2A_35MRU_20240401_0_L2A,31,83.408505,1.0,1.0,
ftw-rwanda-007,fields-of-the-world,rwanda,1.294,2024-05-21,S2A_36MTD_20240521_0_L2A,31,83.086902,1.0,1.0,
ftw-rwanda-007,fields-of-the-world,rwanda,1.294,2024-07-05,S2B_36MTD_20240705_0_L2A,31,20.351353,1.0,1.0,
ftw-rwanda-007,fields-of-the-world,rwanda,1.294,2024-08-19,S2A_36MTD_20240819_0_L2A,31,64.3161,1.0,1.0,
ftw-rwanda-007,fields-of-the-world,rwanda,1.294,2024-10-03,S2B_35MRU_20241003_0_L2A,31,92.369807,1.0,1.0,
ftw-rwanda-007,fields-of-the-world,rwanda,1.294,2024-11-17,S2A_35MRU_20241117_0_L2A,31,82.221824,1.0,1.0,
ftw-rwanda-008,fields-of-the-world,rwanda,1.6792,2023-01-02,S2B_36MTD_20230102_0_L2A,39,10.381185,0.0,0.0,
ftw-rwanda-008,fields-of-the-world,rwanda,1.6792,2023-02-16,S2A_36MTD_20230216_0_L2A,39,92.592329,1.0,1.0,
ftw-rwanda-008,fields-of-the-world,rwanda,1.6792,2023-04-02,S2B_36MTD_20230402_0_L2A,39,40.609145,0.0,0.0,
ftw-rwanda-008,fields-of-the-world,rwanda,1.6792,2023-05-17,S2A_35MRU_20230517_0_L2A,35,83.751857,1.0,1.0,
ftw-rwanda-008,fields-of-the-world,rwanda,1.6792,2023-07-01,S2B_35MRU_20230701_0_L2A,35,8.755618,0.0,0.0,
ftw-rwanda-008,fields-of-the-world,rwanda,1.6792,2023-08-15,S2A_35MRU_20230815_0_L2A,35,73.432577,1.0,1.0,
ftw-rwanda-008,fields-of-the-world,rwanda,1.6792,2023-10-04,S2A_36MTD_20231004_0_L2A,39,2.049629,0.0,0.0,
ftw-rwanda-008,fields-of-the-world,rwanda,1.6792,2023-11-18,S2B_36MTD_20231118_0_L2A,39,93.60252,1.0,1.0,
ftw-rwanda-008,fields-of-the-world,rwanda,1.6792,2024-01-02,S2A_35MRU_20240102_0_L2A,35,81.335521,1.0,1.0,
ftw-rwanda-008,fields-of-the-world,rwanda,1.6792,2024-02-16,S2B_35MRU_20240216_0_L2A,35,80.79102,1.0,1.0,
ftw-rwanda-008,fields-of-the-world,rwanda,1.6792,2024-04-01,S2A_35MRU_20240401_0_L2A,35,83.408505,1.0,1.0,
ftw-rwanda-008,fields-of-the-world,rwanda,1.6792,2024-05-21,S2A_36MTD_20240521_0_L2A,39,83.086902,1.0,1.0,
ftw-rwanda-008,fields-of-the-world,rwanda,1.6792,2024-07-05,S2B_36MTD_20240705_0_L2A,39,20.351353,1.0,1.0,
ftw-rwanda-008,fields-of-the-world,rwanda,1.6792,2024-08-19,S2A_36MTD_20240819_0_L2A,39,64.3161,0.0,0.0,
ftw-rwanda-008,fields-of-the-world,rwanda,1.6792,2024-10-03,S2B_35MRU_20241003_0_L2A,35,92.369807,1.0,1.0,
ftw-rwanda-008,fields-of-the-world,rwanda,1.6792,2024-11-17,S2A_35MRU_20241117_0_L2A,35,82.221824,1.0,1.0,
ftw-rwanda-009,fields-of-the-world,rwanda,2.0438,2023-01-02,S2B_36MTD_20230102_0_L2A,51,10.381185,0.0,0.0,
ftw-rwanda-009,fields-of-the-world,rwanda,2.0438,2023-02-16,S2A_36MTD_20230216_0_L2A,51,92.592329,1.0,1.0,
ftw-rwanda-009,fields-of-the-world,rwanda,2.0438,2023-04-02,S2B_36MTD_20230402_0_L2A,51,40.609145,0.0784313725490196,0.0784313725490196,
ftw-rwanda-009,fields-of-the-world,rwanda,2.0438,2023-05-17,S2A_35MRU_20230517_0_L2A,46,83.751857,1.0,1.0,
ftw-rwanda-009,fields-of-the-world,rwanda,2.0438,2023-07-01,S2B_35MRU_20230701_0_L2A,46,8.755618,0.0,0.0,
ftw-rwanda-009,fields-of-the-world,rwanda,2.0438,2023-08-15,S2A_35MRU_20230815_0_L2A,46,73.432577,1.0,1.0,
ftw-rwanda-009,fields-of-the-world,rwanda,2.0438,2023-10-04,S2A_36MTD_20231004_0_L2A,51,2.049629,0.0,0.0,
ftw-rwanda-009,fields-of-the-world,rwanda,2.0438,2023-11-18,S2B_36MTD_20231118_0_L2A,51,93.60252,1.0,1.0,
ftw-rwanda-009,fields-of-the-world,rwanda,2.0438,2024-01-02,S2A_35MRU_20240102_0_L2A,46,81.335521,1.0,1.0,
ftw-rwanda-009,fields-of-the-world,rwanda,2.0438,2024-02-16,S2B_35MRU_20240216_0_L2A,46,80.79102,1.0,1.0,
ftw-rwanda-009,fields-of-the-world,rwanda,2.0438,2024-04-01,S2A_35MRU_20240401_0_L2A,46,83.408505,1.0,1.0,
ftw-rwanda-009,fields-of-the-world,rwanda,2.0438,2024-05-21,S2A_36MTD_20240521_0_L2A,51,83.086902,1.0,1.0,
ftw-rwanda-009,fields-of-the-world,rwanda,2.0438,2024-07-05,S2B_36MTD_20240705_0_L2A,51,20.351353,1.0,1.0,
ftw-rwanda-009,fields-of-the-world,rwanda,2.0438,2024-08-19,S2A_36MTD_20240819_0_L2A,51,64.3161,0.45098039215686275,0.45098039215686275,
ftw-rwanda-009,fields-of-the-world,rwanda,2.0438,2024-10-03,S2B_35MRU_20241003_0_L2A,46,92.369807,1.0,1.0,
ftw-rwanda-009,fields-of-the-world,rwanda,2.0438,2024-11-17,S2A_35MRU_20241117_0_L2A,46,82.221824,1.0,1.0,
ftw-rwanda-010,fields-of-the-world,rwanda,2.7434,2023-01-02,S2B_36MTD_20230102_0_L2A,66,10.381185,0.0,0.0,
ftw-rwanda-010,fields-of-the-world,rwanda,2.7434,2023-02-16,S2A_36MTD_20230216_0_L2A,66,92.592329,1.0,1.0,
ftw-rwanda-010,fields-of-the-world,rwanda,2.7434,2023-04-02,S2B_36MTD_20230402_0_L2A,66,40.609145,0.0,0.0,
ftw-rwanda-010,fields-of-the-world,rwanda,2.7434,2023-05-17,S2A_35MRU_20230517_0_L2A,69,83.751857,1.0,1.0,
ftw-rwanda-010,fields-of-the-world,rwanda,2.7434,2023-07-01,S2B_35MRU_20230701_0_L2A,69,8.755618,0.0,0.0,
ftw-rwanda-010,fields-of-the-world,rwanda,2.7434,2023-08-15,S2A_35MRU_20230815_0_L2A,69,73.432577,1.0,1.0,
ftw-rwanda-010,fields-of-the-world,rwanda,2.7434,2023-10-04,S2A_36MTD_20231004_0_L2A,66,2.049629,0.0,0.0,
ftw-rwanda-010,fields-of-the-world,rwanda,2.7434,2023-11-18,S2B_36MTD_20231118_0_L2A,66,93.60252,1.0,1.0,
ftw-rwanda-010,fields-of-the-world,rwanda,2.7434,2024-01-02,S2A_35MRU_20240102_0_L2A,69,81.335521,1.0,1.0,
ftw-rwanda-010,fields-of-the-world,rwanda,2.7434,2024-02-16,S2B_35MRU_20240216_0_L2A,69,80.79102,1.0,1.0,
ftw-rwanda-010,fields-of-the-world,rwanda,2.7434,2024-04-01,S2A_35MRU_20240401_0_L2A,69,83.408505,1.0,1.0,
ftw-rwanda-010,fields-of-the-world,rwanda,2.7434,2024-05-21,S2A_36MTD_20240521_0_L2A,66,83.086902,1.0,1.0,
ftw-rwanda-010,fields-of-the-world,rwanda,2.7434,2024-07-05,S2B_36MTD_20240705_0_L2A,66,20.351353,0.9242424242424242,0.9242424242424242,
ftw-rwanda-010,fields-of-the-world,rwanda,2.7434,2024-08-19,S2A_36MTD_20240819_0_L2A,66,64.3161,0.07575757575757576,0.07575757575757576,
ftw-rwanda-010,fields-of-the-world,rwanda,2.7434,2024-10-03,S2B_35MRU_20241003_0_L2A,69,92.369807,1.0,1.0,
ftw-rwanda-010,fields-of-the-world,rwanda,2.7434,2024-11-17,S2A_35MRU_20241117_0_L2A,69,82.221824,1.0,1.0,
ftw-rwanda-011,fields-of-the-world,rwanda,3.7101,2023-01-02,S2B_36MTD_20230102_0_L2A,92,10.381185,0.0,0.0,
ftw-rwanda-011,fields-of-the-world,rwanda,3.7101,2023-02-16,S2A_36MTD_20230216_0_L2A,92,92.592329,1.0,1.0,
ftw-rwanda-011,fields-of-the-world,rwanda,3.7101,2023-04-02,S2B_36MTD_20230402_0_L2A,92,40.609145,1.0,1.0,
ftw-rwanda-011,fields-of-the-world,rwanda,3.7101,2023-05-17,S2A_35MRU_20230517_0_L2A,90,83.751857,0.0,0.0,
ftw-rwanda-011,fields-of-the-world,rwanda,3.7101,2023-07-01,S2B_35MRU_20230701_0_L2A,90,8.755618,0.0,0.0,
ftw-rwanda-011,fields-of-the-world,rwanda,3.7101,2023-08-15,S2A_35MRU_20230815_0_L2A,90,73.432577,1.0,1.0,
ftw-rwanda-011,fields-of-the-world,rwanda,3.7101,2023-10-04,S2A_36MTD_20231004_0_L2A,92,2.049629,0.0,0.0,
ftw-rwanda-011,fields-of-the-world,rwanda,3.7101,2023-11-18,S2B_36MTD_20231118_0_L2A,92,93.60252,1.0,1.0,
ftw-rwanda-011,fields-of-the-world,rwanda,3.7101,2024-01-02,S2A_35MRU_20240102_0_L2A,90,81.335521,1.0,1.0,
ftw-rwanda-011,fields-of-the-world,rwanda,3.7101,2024-02-16,S2B_35MRU_20240216_0_L2A,90,80.79102,1.0,1.0,
ftw-rwanda-011,fields-of-the-world,rwanda,3.7101,2024-04-01,S2A_35MRU_20240401_0_L2A,90,83.408505,1.0,1.0,
ftw-rwanda-011,fields-of-the-world,rwanda,3.7101,2024-05-21,S2A_36MTD_20240521_0_L2A,92,83.086902,1.0,1.0,
ftw-rwanda-011,fields-of-the-world,rwanda,3.7101,2024-07-05,S2B_36MTD_20240705_0_L2A,92,20.351353,1.0,1.0,
ftw-rwanda-011,fields-of-the-world,rwanda,3.7101,2024-08-19,S2A_36MTD_20240819_0_L2A,92,64.3161,1.0,1.0,
ftw-rwanda-011,fields-of-the-world,rwanda,3.7101,2024-10-03,S2B_35MRU_20241003_0_L2A,90,92.369807,1.0,1.0,
ftw-rwanda-011,fields-of-the-world,rwanda,3.7101,2024-11-17,S2A_35MRU_20241117_0_L2A,90,82.221824,1.0,1.0,
ftw-rwanda-012,fields-of-the-world,rwanda,5.082,2023-01-02,S2B_36MTD_20230102_0_L2A,127,10.381185,0.0,0.0,
ftw-rwanda-012,fields-of-the-world,rwanda,5.082,2023-02-16,S2A_36MTD_20230216_0_L2A,127,92.592329,1.0,1.0,
ftw-rwanda-012,fields-of-the-world,rwanda,5.082,2023-04-02,S2B_36MTD_20230402_0_L2A,127,40.609145,1.0,1.0,
ftw-rwanda-012,fields-of-the-world,rwanda,5.082,2023-05-17,S2A_35MRU_20230517_0_L2A,126,83.751857,0.21428571428571427,0.21428571428571427,
ftw-rwanda-012,fields-of-the-world,rwanda,5.082,2023-07-01,S2B_35MRU_20230701_0_L2A,126,8.755618,0.9841269841269841,0.9841269841269841,
ftw-rwanda-012,fields-of-the-world,rwanda,5.082,2023-08-15,S2A_35MRU_20230815_0_L2A,126,73.432577,1.0,1.0,
ftw-rwanda-012,fields-of-the-world,rwanda,5.082,2023-10-04,S2A_36MTD_20231004_0_L2A,127,2.049629,0.0,0.0,
ftw-rwanda-012,fields-of-the-world,rwanda,5.082,2023-11-18,S2B_36MTD_20231118_0_L2A,127,93.60252,1.0,1.0,
ftw-rwanda-012,fields-of-the-world,rwanda,5.082,2024-01-02,S2A_35MRU_20240102_0_L2A,126,81.335521,0.7142857142857143,0.7142857142857143,
ftw-rwanda-012,fields-of-the-world,rwanda,5.082,2024-02-16,S2B_35MRU_20240216_0_L2A,126,80.79102,1.0,1.0,
ftw-rwanda-012,fields-of-the-world,rwanda,5.082,2024-04-01,S2A_35MRU_20240401_0_L2A,126,83.408505,1.0,1.0,
ftw-rwanda-012,fields-of-the-world,rwanda,5.082,2024-05-21,S2A_36MTD_20240521_0_L2A,127,83.086902,1.0,1.0,
ftw-rwanda-012,fields-of-the-world,rwanda,5.082,2024-07-05,S2B_36MTD_20240705_0_L2A,127,20.351353,0.0,0.0,
ftw-rwanda-012,fields-of-the-world,rwanda,5.082,2024-08-19,S2A_36MTD_20240819_0_L2A,127,64.3161,1.0,1.0,
ftw-rwanda-012,fields-of-the-world,rwanda,5.082,2024-10-03,S2B_35MRU_20241003_0_L2A,126,92.369807,1.0,1.0,
ftw-rwanda-012,fields-of-the-world,rwanda,5.082,2024-11-17,S2A_35MRU_20241117_0_L2A,126,82.221824,1.0,1.0,
ftw-rwanda-013,fields-of-the-world,rwanda,5.2381,2023-01-02,S2B_36MTD_20230102_0_L2A,125,10.381185,0.0,0.0,
ftw-rwanda-013,fields-of-the-world,rwanda,5.2381,2023-02-16,S2A_36MTD_20230216_0_L2A,125,92.592329,1.0,1.0,
ftw-rwanda-013,fields-of-the-world,rwanda,5.2381,2023-04-02,S2B_36MTD_20230402_0_L2A,125,40.609145,0.352,0.352,
ftw-rwanda-013,fields-of-the-world,rwanda,5.2381,2023-05-17,S2A_35MRU_20230517_0_L2A,126,83.751857,0.36507936507936506,0.36507936507936506,
ftw-rwanda-013,fields-of-the-world,rwanda,5.2381,2023-07-01,S2B_35MRU_20230701_0_L2A,126,8.755618,0.031746031746031744,0.031746031746031744,
ftw-rwanda-013,fields-of-the-world,rwanda,5.2381,2023-08-15,S2A_35MRU_20230815_0_L2A,126,73.432577,1.0,1.0,
ftw-rwanda-013,fields-of-the-world,rwanda,5.2381,2023-10-04,S2A_36MTD_20231004_0_L2A,125,2.049629,0.0,0.0,
ftw-rwanda-013,fields-of-the-world,rwanda,5.2381,2023-11-18,S2B_36MTD_20231118_0_L2A,125,93.60252,1.0,1.0,
ftw-rwanda-013,fields-of-the-world,rwanda,5.2381,2024-01-02,S2A_35MRU_20240102_0_L2A,126,81.335521,0.0,0.0,
ftw-rwanda-013,fields-of-the-world,rwanda,5.2381,2024-02-16,S2B_35MRU_20240216_0_L2A,126,80.79102,1.0,1.0,
ftw-rwanda-013,fields-of-the-world,rwanda,5.2381,2024-04-01,S2A_35MRU_20240401_0_L2A,126,83.408505,1.0,1.0,
ftw-rwanda-013,fields-of-the-world,rwanda,5.2381,2024-05-21,S2A_36MTD_20240521_0_L2A,125,83.086902,1.0,1.0,
ftw-rwanda-013,fields-of-the-world,rwanda,5.2381,2024-07-05,S2B_36MTD_20240705_0_L2A,125,20.351353,0.0,0.0,
ftw-rwanda-013,fields-of-the-world,rwanda,5.2381,2024-08-19,S2A_36MTD_20240819_0_L2A,125,64.3161,1.0,1.0,
ftw-rwanda-013,fields-of-the-world,rwanda,5.2381,2024-10-03,S2B_35MRU_20241003_0_L2A,126,92.369807,1.0,1.0,
ftw-rwanda-013,fields-of-the-world,rwanda,5.2381,2024-11-17,S2A_35MRU_20241117_0_L2A,126,82.221824,1.0,1.0,
ftw-rwanda-014,fields-of-the-world,rwanda,5.9615,2023-01-02,S2B_36MTD_20230102_0_L2A,150,10.381185,0.0,0.0,
ftw-rwanda-014,fields-of-the-world,rwanda,5.9615,2023-02-16,S2A_36MTD_20230216_0_L2A,150,92.592329,1.0,1.0,
ftw-rwanda-014,fields-of-the-world,rwanda,5.9615,2023-04-02,S2B_36MTD_20230402_0_L2A,150,40.609145,0.68,0.68,
ftw-rwanda-014,fields-of-the-world,rwanda,5.9615,2023-05-17,S2A_35MRU_20230517_0_L2A,144,83.751857,0.9513888888888888,0.9513888888888888,
ftw-rwanda-014,fields-of-the-world,rwanda,5.9615,2023-07-01,S2B_35MRU_20230701_0_L2A,144,8.755618,0.5486111111111112,0.5486111111111112,
ftw-rwanda-014,fields-of-the-world,rwanda,5.9615,2023-08-15,S2A_35MRU_20230815_0_L2A,144,73.432577,1.0,1.0,
ftw-rwanda-014,fields-of-the-world,rwanda,5.9615,2023-10-04,S2A_36MTD_20231004_0_L2A,150,2.049629,0.0,0.0,
ftw-rwanda-014,fields-of-the-world,rwanda,5.9615,2023-11-18,S2B_36MTD_20231118_0_L2A,150,93.60252,1.0,1.0,
ftw-rwanda-014,fields-of-the-world,rwanda,5.9615,2024-01-02,S2A_35MRU_20240102_0_L2A,144,81.335521,0.0,0.0,
ftw-rwanda-014,fields-of-the-world,rwanda,5.9615,2024-02-16,S2B_35MRU_20240216_0_L2A,144,80.79102,1.0,1.0,
ftw-rwanda-014,fields-of-the-world,rwanda,5.9615,2024-04-01,S2A_35MRU_20240401_0_L2A,144,83.408505,0.9444444444444444,0.9444444444444444,
ftw-rwanda-014,fields-of-the-world,rwanda,5.9615,2024-05-21,S2A_36MTD_20240521_0_L2A,150,83.086902,1.0,1.0,
ftw-rwanda-014,fields-of-the-world,rwanda,5.9615,2024-07-05,S2B_36MTD_20240705_0_L2A,150,20.351353,0.0,0.0,
ftw-rwanda-014,fields-of-the-world,rwanda,5.9615,2024-08-19,S2A_36MTD_20240819_0_L2A,150,64.3161,1.0,1.0,
ftw-rwanda-014,fields-of-the-world,rwanda,5.9615,2024-10-03,S2B_35MRU_20241003_0_L2A,144,92.369807,1.0,1.0,
ftw-rwanda-014,fields-of-the-world,rwanda,5.9615,2024-11-17,S2A_35MRU_20241117_0_L2A,144,82.221824,1.0,1.0,
ftw-rwanda-015,fields-of-the-world,rwanda,7.4386,2023-01-02,S2B_36MTD_20230102_0_L2A,183,10.381185,0.0,0.0,
ftw-rwanda-015,fields-of-the-world,rwanda,7.4386,2023-02-16,S2A_36MTD_20230216_0_L2A,183,92.592329,1.0,1.0,
ftw-rwanda-015,fields-of-the-world,rwanda,7.4386,2023-04-02,S2B_36MTD_20230402_0_L2A,183,40.609145,0.8142076502732241,0.8142076502732241,
ftw-rwanda-015,fields-of-the-world,rwanda,7.4386,2023-05-17,S2A_35MRU_20230517_0_L2A,182,83.751857,1.0,1.0,
ftw-rwanda-015,fields-of-the-world,rwanda,7.4386,2023-07-01,S2B_35MRU_20230701_0_L2A,182,8.755618,0.0,0.0,
ftw-rwanda-015,fields-of-the-world,rwanda,7.4386,2023-08-15,S2A_35MRU_20230815_0_L2A,182,73.432577,1.0,1.0,
ftw-rwanda-015,fields-of-the-world,rwanda,7.4386,2023-10-04,S2A_36MTD_20231004_0_L2A,183,2.049629,0.0,0.0,
ftw-rwanda-015,fields-of-the-world,rwanda,7.4386,2023-11-18,S2B_36MTD_20231118_0_L2A,183,93.60252,1.0,1.0,
ftw-rwanda-015,fields-of-the-world,rwanda,7.4386,2024-01-02,S2A_35MRU_20240102_0_L2A,182,81.335521,1.0,1.0,
ftw-rwanda-015,fields-of-the-world,rwanda,7.4386,2024-02-16,S2B_35MRU_20240216_0_L2A,182,80.79102,1.0,1.0,
ftw-rwanda-015,fields-of-the-world,rwanda,7.4386,2024-04-01,S2A_35MRU_20240401_0_L2A,182,83.408505,1.0,1.0,
ftw-rwanda-015,fields-of-the-world,rwanda,7.4386,2024-05-21,S2A_36MTD_20240521_0_L2A,183,83.086902,1.0,1.0,
ftw-rwanda-015,fields-of-the-world,rwanda,7.4386,2024-07-05,S2B_36MTD_20240705_0_L2A,183,20.351353,1.0,1.0,
ftw-rwanda-015,fields-of-the-world,rwanda,7.4386,2024-08-19,S2A_36MTD_20240819_0_L2A,183,64.3161,1.0,1.0,
ftw-rwanda-015,fields-of-the-world,rwanda,7.4386,2024-10-03,S2B_35MRU_20241003_0_L2A,182,92.369807,1.0,1.0,
ftw-rwanda-015,fields-of-the-world,rwanda,7.4386,2024-11-17,S2A_35MRU_20241117_0_L2A,182,82.221824,1.0,1.0,
ftw-rwanda-016,fields-of-the-world,rwanda,8.525,2023-01-02,S2B_36MTD_20230102_0_L2A,214,10.381185,0.0,0.0,
ftw-rwanda-016,fields-of-the-world,rwanda,8.525,2023-02-16,S2A_36MTD_20230216_0_L2A,214,92.592329,1.0,1.0,
ftw-rwanda-016,fields-of-the-world,rwanda,8.525,2023-04-02,S2B_36MTD_20230402_0_L2A,214,40.609145,0.0,0.0,
ftw-rwanda-016,fields-of-the-world,rwanda,8.525,2023-05-17,S2A_35MRU_20230517_0_L2A,215,83.751857,0.8558139534883721,0.8558139534883721,
ftw-rwanda-016,fields-of-the-world,rwanda,8.525,2023-07-01,S2B_35MRU_20230701_0_L2A,215,8.755618,0.5813953488372093,0.5813953488372093,
ftw-rwanda-016,fields-of-the-world,rwanda,8.525,2023-08-15,S2A_35MRU_20230815_0_L2A,215,73.432577,1.0,1.0,
ftw-rwanda-016,fields-of-the-world,rwanda,8.525,2023-10-04,S2A_36MTD_20231004_0_L2A,214,2.049629,0.0,0.0,
ftw-rwanda-016,fields-of-the-world,rwanda,8.525,2023-11-18,S2B_36MTD_20231118_0_L2A,214,93.60252,1.0,1.0,
ftw-rwanda-016,fields-of-the-world,rwanda,8.525,2024-01-02,S2A_35MRU_20240102_0_L2A,215,81.335521,0.8418604651162791,0.8418604651162791,
ftw-rwanda-016,fields-of-the-world,rwanda,8.525,2024-02-16,S2B_35MRU_20240216_0_L2A,215,80.79102,1.0,1.0,
ftw-rwanda-016,fields-of-the-world,rwanda,8.525,2024-04-01,S2A_35MRU_20240401_0_L2A,215,83.408505,1.0,1.0,
ftw-rwanda-016,fields-of-the-world,rwanda,8.525,2024-05-21,S2A_36MTD_20240521_0_L2A,214,83.086902,1.0,1.0,
ftw-rwanda-016,fields-of-the-world,rwanda,8.525,2024-07-05,S2B_36MTD_20240705_0_L2A,214,20.351353,1.0,1.0,
ftw-rwanda-016,fields-of-the-world,rwanda,8.525,2024-08-19,S2A_36MTD_20240819_0_L2A,214,64.3161,1.0,1.0,
ftw-rwanda-016,fields-of-the-world,rwanda,8.525,2024-10-03,S2B_35MRU_20241003_0_L2A,215,92.369807,1.0,1.0,
ftw-rwanda-016,fields-of-the-world,rwanda,8.525,2024-11-17,S2A_35MRU_20241117_0_L2A,215,82.221824,1.0,1.0,
ftw-rwanda-017,fields-of-the-world,rwanda,23.6069,2023-01-02,S2B_36MTD_20230102_0_L2A,590,10.381185,0.0,0.0,
ftw-rwanda-017,fields-of-the-world,rwanda,23.6069,2023-02-16,S2A_36MTD_20230216_0_L2A,590,92.592329,0.9949152542372881,0.9949152542372881,
ftw-rwanda-017,fields-of-the-world,rwanda,23.6069,2023-04-02,S2B_36MTD_20230402_0_L2A,590,40.609145,1.0,1.0,
ftw-rwanda-017,fields-of-the-world,rwanda,23.6069,2023-05-17,S2A_35MRU_20230517_0_L2A,584,83.751857,0.3321917808219178,0.3321917808219178,
ftw-rwanda-017,fields-of-the-world,rwanda,23.6069,2023-07-01,S2B_35MRU_20230701_0_L2A,584,8.755618,0.0,0.0,
ftw-rwanda-017,fields-of-the-world,rwanda,23.6069,2023-08-15,S2A_35MRU_20230815_0_L2A,584,73.432577,1.0,1.0,
ftw-rwanda-017,fields-of-the-world,rwanda,23.6069,2023-10-04,S2A_36MTD_20231004_0_L2A,590,2.049629,0.0,0.0,
ftw-rwanda-017,fields-of-the-world,rwanda,23.6069,2023-11-18,S2B_36MTD_20231118_0_L2A,590,93.60252,1.0,1.0,
ftw-rwanda-017,fields-of-the-world,rwanda,23.6069,2024-01-02,S2A_35MRU_20240102_0_L2A,584,81.335521,0.9914383561643836,0.9914383561643836,
ftw-rwanda-017,fields-of-the-world,rwanda,23.6069,2024-02-16,S2B_35MRU_20240216_0_L2A,584,80.79102,1.0,1.0,
ftw-rwanda-017,fields-of-the-world,rwanda,23.6069,2024-04-01,S2A_35MRU_20240401_0_L2A,584,83.408505,0.9195205479452054,0.9195205479452054,
ftw-rwanda-017,fields-of-the-world,rwanda,23.6069,2024-05-21,S2A_36MTD_20240521_0_L2A,590,83.086902,1.0,1.0,
ftw-rwanda-017,fields-of-the-world,rwanda,23.6069,2024-07-05,S2B_36MTD_20240705_0_L2A,590,20.351353,1.0,1.0,
ftw-rwanda-017,fields-of-the-world,rwanda,23.6069,2024-08-19,S2A_36MTD_20240819_0_L2A,590,64.3161,1.0,1.0,
ftw-rwanda-017,fields-of-the-world,rwanda,23.6069,2024-10-03,S2B_35MRU_20241003_0_L2A,584,92.369807,1.0,1.0,
ftw-rwanda-017,fields-of-the-world,rwanda,23.6069,2024-11-17,S2A_35MRU_20241117_0_L2A,584,82.221824,1.0,1.0,
ftw-slovakia-000,fields-of-the-world,slovakia,0.2166,2023-01-01,S2A_34UEV_20230101_0_L2A,5,99.10118,1.0,1.0,
ftw-slovakia-000,fields-of-the-world,slovakia,0.2166,2023-02-15,S2B_34UEV_20230215_0_L2A,5,11.916334,0.0,0.0,
ftw-slovakia-000,fields-of-the-world,slovakia,0.2166,2023-04-01,S2A_34UEV_20230401_0_L2A,5,87.622768,1.0,1.0,
ftw-slovakia-000,fields-of-the-world,slovakia,0.2166,2023-05-19,S2B_34UEV_20230519_0_L2A,5,54.934311,1.0,1.0,
ftw-slovakia-000,fields-of-the-world,slovakia,0.2166,2023-07-05,S2B_34UEV_20230705_0_L2A,5,46.461082,1.0,1.0,
ftw-slovakia-000,fields-of-the-world,slovakia,0.2166,2023-08-22,S2A_34UEV_20230822_0_L2A,5,58.692569,1.0,1.0,
ftw-slovakia-000,fields-of-the-world,slovakia,0.2166,2023-10-06,S2B_34UEV_20231006_0_L2A,5,38.524234,0.0,0.0,
ftw-slovakia-000,fields-of-the-world,slovakia,0.2166,2023-11-22,S2B_34UEV_20231122_0_L2A,5,77.500927,0.0,0.0,
ftw-slovakia-000,fields-of-the-world,slovakia,0.2166,2024-01-06,S2A_34UEV_20240106_0_L2A,5,99.999785,1.0,1.0,
ftw-slovakia-000,fields-of-the-world,slovakia,0.2166,2024-02-20,S2B_34UEV_20240220_0_L2A,5,85.65743,1.0,1.0,
ftw-slovakia-000,fields-of-the-world,slovakia,0.2166,2024-04-08,S2A_34UEV_20240408_0_L2A,5,58.110213,0.0,0.0,
ftw-slovakia-000,fields-of-the-world,slovakia,0.2166,2024-05-23,S2B_34UEV_20240523_0_L2A,5,95.471865,1.0,1.0,
ftw-slovakia-000,fields-of-the-world,slovakia,0.2166,2024-07-07,S2A_34UEV_20240707_0_L2A,5,4.983802,0.0,0.0,
ftw-slovakia-000,fields-of-the-world,slovakia,0.2166,2024-08-23,S2A_34UEV_20240823_0_L2A,5,62.85044,1.0,1.0,
ftw-slovakia-000,fields-of-the-world,slovakia,0.2166,2024-10-07,S2B_34UEV_20241007_0_L2A,5,73.284227,1.0,1.0,
ftw-slovakia-000,fields-of-the-world,slovakia,0.2166,2024-11-21,S2A_34UEV_20241121_0_L2A,5,76.027614,1.0,1.0,
ftw-slovakia-001,fields-of-the-world,slovakia,0.2618,2023-01-01,S2A_34UEV_20230101_0_L2A,5,99.10118,1.0,1.0,
ftw-slovakia-001,fields-of-the-world,slovakia,0.2618,2023-02-15,S2B_34UEV_20230215_0_L2A,5,11.916334,0.0,0.0,
ftw-slovakia-001,fields-of-the-world,slovakia,0.2618,2023-04-01,S2A_34UEV_20230401_0_L2A,5,87.622768,1.0,1.0,
ftw-slovakia-001,fields-of-the-world,slovakia,0.2618,2023-05-19,S2B_34UEV_20230519_0_L2A,5,54.934311,1.0,1.0,
ftw-slovakia-001,fields-of-the-world,slovakia,0.2618,2023-07-05,S2B_34UEV_20230705_0_L2A,5,46.461082,1.0,1.0,
ftw-slovakia-001,fields-of-the-world,slovakia,0.2618,2023-08-22,S2A_34UEV_20230822_0_L2A,5,58.692569,1.0,1.0,
ftw-slovakia-001,fields-of-the-world,slovakia,0.2618,2023-10-06,S2B_34UEV_20231006_0_L2A,5,38.524234,0.0,0.0,
ftw-slovakia-001,fields-of-the-world,slovakia,0.2618,2023-11-22,S2B_34UEV_20231122_0_L2A,5,77.500927,0.0,0.0,
ftw-slovakia-001,fields-of-the-world,slovakia,0.2618,2024-01-06,S2A_34UEV_20240106_0_L2A,5,99.999785,1.0,1.0,
ftw-slovakia-001,fields-of-the-world,slovakia,0.2618,2024-02-20,S2B_34UEV_20240220_0_L2A,5,85.65743,1.0,1.0,
ftw-slovakia-001,fields-of-the-world,slovakia,0.2618,2024-04-08,S2A_34UEV_20240408_0_L2A,5,58.110213,0.0,0.0,
ftw-slovakia-001,fields-of-the-world,slovakia,0.2618,2024-05-23,S2B_34UEV_20240523_0_L2A,5,95.471865,1.0,1.0,
ftw-slovakia-001,fields-of-the-world,slovakia,0.2618,2024-07-07,S2A_34UEV_20240707_0_L2A,5,4.983802,0.0,0.0,
ftw-slovakia-001,fields-of-the-world,slovakia,0.2618,2024-08-23,S2A_34UEV_20240823_0_L2A,5,62.85044,1.0,1.0,
ftw-slovakia-001,fields-of-the-world,slovakia,0.2618,2024-10-07,S2B_34UEV_20241007_0_L2A,5,73.284227,1.0,1.0,
ftw-slovakia-001,fields-of-the-world,slovakia,0.2618,2024-11-21,S2A_34UEV_20241121_0_L2A,5,76.027614,1.0,1.0,
ftw-slovakia-002,fields-of-the-world,slovakia,0.4427,2023-01-01,S2A_34UEV_20230101_0_L2A,12,99.10118,1.0,1.0,
ftw-slovakia-002,fields-of-the-world,slovakia,0.4427,2023-02-15,S2B_34UEV_20230215_0_L2A,12,11.916334,0.0,0.0,
ftw-slovakia-002,fields-of-the-world,slovakia,0.4427,2023-04-01,S2A_34UEV_20230401_0_L2A,12,87.622768,1.0,1.0,
ftw-slovakia-002,fields-of-the-world,slovakia,0.4427,2023-05-19,S2B_34UEV_20230519_0_L2A,12,54.934311,1.0,1.0,
ftw-slovakia-002,fields-of-the-world,slovakia,0.4427,2023-07-05,S2B_34UEV_20230705_0_L2A,12,46.461082,1.0,1.0,
ftw-slovakia-002,fields-of-the-world,slovakia,0.4427,2023-08-22,S2A_34UEV_20230822_0_L2A,12,58.692569,1.0,1.0,
ftw-slovakia-002,fields-of-the-world,slovakia,0.4427,2023-10-06,S2B_34UEV_20231006_0_L2A,12,38.524234,0.0,0.0,
ftw-slovakia-002,fields-of-the-world,slovakia,0.4427,2023-11-22,S2B_34UEV_20231122_0_L2A,12,77.500927,0.0,0.0,
ftw-slovakia-002,fields-of-the-world,slovakia,0.4427,2024-01-06,S2A_34UEV_20240106_0_L2A,12,99.999785,1.0,1.0,
ftw-slovakia-002,fields-of-the-world,slovakia,0.4427,2024-02-20,S2B_34UEV_20240220_0_L2A,12,85.65743,1.0,1.0,
ftw-slovakia-002,fields-of-the-world,slovakia,0.4427,2024-04-08,S2A_34UEV_20240408_0_L2A,12,58.110213,0.0,0.0,
ftw-slovakia-002,fields-of-the-world,slovakia,0.4427,2024-05-23,S2B_34UEV_20240523_0_L2A,12,95.471865,1.0,1.0,
ftw-slovakia-002,fields-of-the-world,slovakia,0.4427,2024-07-07,S2A_34UEV_20240707_0_L2A,12,4.983802,0.0,0.0,
ftw-slovakia-002,fields-of-the-world,slovakia,0.4427,2024-08-23,S2A_34UEV_20240823_0_L2A,12,62.85044,0.6666666666666666,0.6666666666666666,
ftw-slovakia-002,fields-of-the-world,slovakia,0.4427,2024-10-07,S2B_34UEV_20241007_0_L2A,12,73.284227,1.0,1.0,
ftw-slovakia-002,fields-of-the-world,slovakia,0.4427,2024-11-21,S2A_34UEV_20241121_0_L2A,12,76.027614,1.0,1.0,
ftw-slovakia-003,fields-of-the-world,slovakia,0.6016,2023-01-01,S2A_34UEV_20230101_0_L2A,12,99.10118,1.0,1.0,
ftw-slovakia-003,fields-of-the-world,slovakia,0.6016,2023-02-15,S2B_34UEV_20230215_0_L2A,12,11.916334,1.0,1.0,
ftw-slovakia-003,fields-of-the-world,slovakia,0.6016,2023-04-01,S2A_34UEV_20230401_0_L2A,12,87.622768,1.0,1.0,
ftw-slovakia-003,fields-of-the-world,slovakia,0.6016,2023-05-19,S2B_34UEV_20230519_0_L2A,12,54.934311,0.0,0.0,
ftw-slovakia-003,fields-of-the-world,slovakia,0.6016,2023-07-05,S2B_34UEV_20230705_0_L2A,12,46.461082,1.0,1.0,
ftw-slovakia-003,fields-of-the-world,slovakia,0.6016,2023-08-22,S2A_34UEV_20230822_0_L2A,12,58.692569,1.0,1.0,
ftw-slovakia-003,fields-of-the-world,slovakia,0.6016,2023-10-06,S2B_34UEV_20231006_0_L2A,12,38.524234,0.0,0.0,
ftw-slovakia-003,fields-of-the-world,slovakia,0.6016,2023-11-22,S2B_34UEV_20231122_0_L2A,12,77.500927,1.0,1.0,
ftw-slovakia-003,fields-of-the-world,slovakia,0.6016,2024-01-06,S2A_34UEV_20240106_0_L2A,12,99.999785,1.0,1.0,
ftw-slovakia-003,fields-of-the-world,slovakia,0.6016,2024-02-20,S2B_34UEV_20240220_0_L2A,12,85.65743,1.0,1.0,
ftw-slovakia-003,fields-of-the-world,slovakia,0.6016,2024-04-08,S2A_34UEV_20240408_0_L2A,12,58.110213,1.0,1.0,
ftw-slovakia-003,fields-of-the-world,slovakia,0.6016,2024-05-23,S2B_34UEV_20240523_0_L2A,12,95.471865,1.0,1.0,
ftw-slovakia-003,fields-of-the-world,slovakia,0.6016,2024-07-07,S2A_34UEV_20240707_0_L2A,12,4.983802,0.0,0.0,
ftw-slovakia-003,fields-of-the-world,slovakia,0.6016,2024-08-23,S2A_34UEV_20240823_0_L2A,12,62.85044,1.0,1.0,
ftw-slovakia-003,fields-of-the-world,slovakia,0.6016,2024-10-07,S2B_34UEV_20241007_0_L2A,12,73.284227,1.0,1.0,
ftw-slovakia-003,fields-of-the-world,slovakia,0.6016,2024-11-21,S2A_34UEV_20241121_0_L2A,12,76.027614,1.0,1.0,
ftw-slovakia-004,fields-of-the-world,slovakia,0.7164,2023-01-01,S2A_34UEV_20230101_0_L2A,17,99.10118,1.0,1.0,
ftw-slovakia-004,fields-of-the-world,slovakia,0.7164,2023-02-15,S2B_34UEV_20230215_0_L2A,17,11.916334,0.0,0.0,
ftw-slovakia-004,fields-of-the-world,slovakia,0.7164,2023-04-01,S2A_34UEV_20230401_0_L2A,17,87.622768,1.0,1.0,
ftw-slovakia-004,fields-of-the-world,slovakia,0.7164,2023-05-19,S2B_34UEV_20230519_0_L2A,17,54.934311,1.0,1.0,
ftw-slovakia-004,fields-of-the-world,slovakia,0.7164,2023-07-05,S2B_34UEV_20230705_0_L2A,17,46.461082,1.0,1.0,
ftw-slovakia-004,fields-of-the-world,slovakia,0.7164,2023-08-22,S2A_34UEV_20230822_0_L2A,17,58.692569,1.0,1.0,
ftw-slovakia-004,fields-of-the-world,slovakia,0.7164,2023-10-06,S2B_34UEV_20231006_0_L2A,17,38.524234,0.0,0.0,
ftw-slovakia-004,fields-of-the-world,slovakia,0.7164,2023-11-22,S2B_34UEV_20231122_0_L2A,17,77.500927,0.0,0.0,
ftw-slovakia-004,fields-of-the-world,slovakia,0.7164,2024-01-06,S2A_34UEV_20240106_0_L2A,17,99.999785,1.0,1.0,
ftw-slovakia-004,fields-of-the-world,slovakia,0.7164,2024-02-20,S2B_34UEV_20240220_0_L2A,17,85.65743,1.0,1.0,
ftw-slovakia-004,fields-of-the-world,slovakia,0.7164,2024-04-08,S2A_34UEV_20240408_0_L2A,17,58.110213,0.0,0.0,
ftw-slovakia-004,fields-of-the-world,slovakia,0.7164,2024-05-23,S2B_34UEV_20240523_0_L2A,17,95.471865,1.0,1.0,
ftw-slovakia-004,fields-of-the-world,slovakia,0.7164,2024-07-07,S2A_34UEV_20240707_0_L2A,17,4.983802,0.0,0.0,
ftw-slovakia-004,fields-of-the-world,slovakia,0.7164,2024-08-23,S2A_34UEV_20240823_0_L2A,17,62.85044,0.0,0.0,
ftw-slovakia-004,fields-of-the-world,slovakia,0.7164,2024-10-07,S2B_34UEV_20241007_0_L2A,17,73.284227,1.0,1.0,
ftw-slovakia-004,fields-of-the-world,slovakia,0.7164,2024-11-21,S2A_34UEV_20241121_0_L2A,17,76.027614,1.0,1.0,
ftw-slovakia-005,fields-of-the-world,slovakia,1.0948,2023-01-01,S2A_34UEV_20230101_0_L2A,27,99.10118,1.0,1.0,
ftw-slovakia-005,fields-of-the-world,slovakia,1.0948,2023-02-15,S2B_34UEV_20230215_0_L2A,27,11.916334,0.0,0.0,
ftw-slovakia-005,fields-of-the-world,slovakia,1.0948,2023-04-01,S2A_34UEV_20230401_0_L2A,27,87.622768,1.0,1.0,
ftw-slovakia-005,fields-of-the-world,slovakia,1.0948,2023-05-19,S2B_34UEV_20230519_0_L2A,27,54.934311,1.0,1.0,
ftw-slovakia-005,fields-of-the-world,slovakia,1.0948,2023-07-05,S2B_34UEV_20230705_0_L2A,27,46.461082,1.0,1.0,
ftw-slovakia-005,fields-of-the-world,slovakia,1.0948,2023-08-22,S2A_34UEV_20230822_0_L2A,27,58.692569,1.0,1.0,
ftw-slovakia-005,fields-of-the-world,slovakia,1.0948,2023-10-06,S2B_34UEV_20231006_0_L2A,27,38.524234,0.0,0.0,
ftw-slovakia-005,fields-of-the-world,slovakia,1.0948,2023-11-22,S2B_34UEV_20231122_0_L2A,27,77.500927,0.0,0.0,
ftw-slovakia-005,fields-of-the-world,slovakia,1.0948,2024-01-06,S2A_34UEV_20240106_0_L2A,27,99.999785,1.0,1.0,
ftw-slovakia-005,fields-of-the-world,slovakia,1.0948,2024-02-20,S2B_34UEV_20240220_0_L2A,27,85.65743,1.0,1.0,
ftw-slovakia-005,fields-of-the-world,slovakia,1.0948,2024-04-08,S2A_34UEV_20240408_0_L2A,27,58.110213,0.0,0.0,
ftw-slovakia-005,fields-of-the-world,slovakia,1.0948,2024-05-23,S2B_34UEV_20240523_0_L2A,27,95.471865,1.0,1.0,
ftw-slovakia-005,fields-of-the-world,slovakia,1.0948,2024-07-07,S2A_34UEV_20240707_0_L2A,27,4.983802,0.0,0.0,
ftw-slovakia-005,fields-of-the-world,slovakia,1.0948,2024-08-23,S2A_34UEV_20240823_0_L2A,27,62.85044,0.5555555555555556,0.5555555555555556,
ftw-slovakia-005,fields-of-the-world,slovakia,1.0948,2024-10-07,S2B_34UEV_20241007_0_L2A,27,73.284227,1.0,1.0,
ftw-slovakia-005,fields-of-the-world,slovakia,1.0948,2024-11-21,S2A_34UEV_20241121_0_L2A,27,76.027614,1.0,1.0,
ftw-slovakia-006,fields-of-the-world,slovakia,1.279,2023-01-01,S2A_34UEV_20230101_0_L2A,33,99.10118,1.0,1.0,
ftw-slovakia-006,fields-of-the-world,slovakia,1.279,2023-02-15,S2B_34UEV_20230215_0_L2A,33,11.916334,1.0,1.0,
ftw-slovakia-006,fields-of-the-world,slovakia,1.279,2023-04-01,S2A_34UEV_20230401_0_L2A,33,87.622768,1.0,1.0,
ftw-slovakia-006,fields-of-the-world,slovakia,1.279,2023-05-19,S2B_34UEV_20230519_0_L2A,33,54.934311,0.0,0.0,
ftw-slovakia-006,fields-of-the-world,slovakia,1.279,2023-07-05,S2B_34UEV_20230705_0_L2A,33,46.461082,1.0,1.0,
ftw-slovakia-006,fields-of-the-world,slovakia,1.279,2023-08-22,S2A_34UEV_20230822_0_L2A,33,58.692569,1.0,1.0,
ftw-slovakia-006,fields-of-the-world,slovakia,1.279,2023-10-06,S2B_34UEV_20231006_0_L2A,33,38.524234,0.0,0.0,
ftw-slovakia-006,fields-of-the-world,slovakia,1.279,2023-11-22,S2B_34UEV_20231122_0_L2A,33,77.500927,1.0,1.0,
ftw-slovakia-006,fields-of-the-world,slovakia,1.279,2024-01-06,S2A_34UEV_20240106_0_L2A,33,99.999785,1.0,1.0,
ftw-slovakia-006,fields-of-the-world,slovakia,1.279,2024-02-20,S2B_34UEV_20240220_0_L2A,33,85.65743,1.0,1.0,
ftw-slovakia-006,fields-of-the-world,slovakia,1.279,2024-04-08,S2A_34UEV_20240408_0_L2A,33,58.110213,1.0,1.0,
ftw-slovakia-006,fields-of-the-world,slovakia,1.279,2024-05-23,S2B_34UEV_20240523_0_L2A,33,95.471865,1.0,1.0,
ftw-slovakia-006,fields-of-the-world,slovakia,1.279,2024-07-07,S2A_34UEV_20240707_0_L2A,33,4.983802,0.0,0.0,
ftw-slovakia-006,fields-of-the-world,slovakia,1.279,2024-08-23,S2A_34UEV_20240823_0_L2A,33,62.85044,1.0,1.0,
ftw-slovakia-006,fields-of-the-world,slovakia,1.279,2024-10-07,S2B_34UEV_20241007_0_L2A,33,73.284227,1.0,1.0,
ftw-slovakia-006,fields-of-the-world,slovakia,1.279,2024-11-21,S2A_34UEV_20241121_0_L2A,33,76.027614,1.0,1.0,
ftw-slovakia-007,fields-of-the-world,slovakia,1.5256,2023-01-01,S2A_34UEV_20230101_0_L2A,37,99.10118,1.0,1.0,
ftw-slovakia-007,fields-of-the-world,slovakia,1.5256,2023-02-15,S2B_34UEV_20230215_0_L2A,37,11.916334,0.0,0.0,
ftw-slovakia-007,fields-of-the-world,slovakia,1.5256,2023-04-01,S2A_34UEV_20230401_0_L2A,37,87.622768,1.0,1.0,
ftw-slovakia-007,fields-of-the-world,slovakia,1.5256,2023-05-19,S2B_34UEV_20230519_0_L2A,37,54.934311,1.0,1.0,
ftw-slovakia-007,fields-of-the-world,slovakia,1.5256,2023-07-05,S2B_34UEV_20230705_0_L2A,37,46.461082,1.0,1.0,
ftw-slovakia-007,fields-of-the-world,slovakia,1.5256,2023-08-22,S2A_34UEV_20230822_0_L2A,37,58.692569,1.0,1.0,
ftw-slovakia-007,fields-of-the-world,slovakia,1.5256,2023-10-06,S2B_34UEV_20231006_0_L2A,37,38.524234,0.0,0.0,
ftw-slovakia-007,fields-of-the-world,slovakia,1.5256,2023-11-22,S2B_34UEV_20231122_0_L2A,37,77.500927,0.0,0.0,
ftw-slovakia-007,fields-of-the-world,slovakia,1.5256,2024-01-06,S2A_34UEV_20240106_0_L2A,37,99.999785,1.0,1.0,
ftw-slovakia-007,fields-of-the-world,slovakia,1.5256,2024-02-20,S2B_34UEV_20240220_0_L2A,37,85.65743,1.0,1.0,
ftw-slovakia-007,fields-of-the-world,slovakia,1.5256,2024-04-08,S2A_34UEV_20240408_0_L2A,37,58.110213,0.0,0.0,
ftw-slovakia-007,fields-of-the-world,slovakia,1.5256,2024-05-23,S2B_34UEV_20240523_0_L2A,37,95.471865,1.0,1.0,
ftw-slovakia-007,fields-of-the-world,slovakia,1.5256,2024-07-07,S2A_34UEV_20240707_0_L2A,37,4.983802,0.0,0.0,
ftw-slovakia-007,fields-of-the-world,slovakia,1.5256,2024-08-23,S2A_34UEV_20240823_0_L2A,37,62.85044,1.0,1.0,
ftw-slovakia-007,fields-of-the-world,slovakia,1.5256,2024-10-07,S2B_34UEV_20241007_0_L2A,37,73.284227,1.0,1.0,
ftw-slovakia-007,fields-of-the-world,slovakia,1.5256,2024-11-21,S2A_34UEV_20241121_0_L2A,37,76.027614,1.0,1.0,
ftw-slovakia-008,fields-of-the-world,slovakia,2.0732,2023-01-01,S2A_34UEV_20230101_0_L2A,51,99.10118,1.0,1.0,
ftw-slovakia-008,fields-of-the-world,slovakia,2.0732,2023-02-15,S2B_34UEV_20230215_0_L2A,51,11.916334,0.0,0.0,
ftw-slovakia-008,fields-of-the-world,slovakia,2.0732,2023-04-01,S2A_34UEV_20230401_0_L2A,51,87.622768,1.0,1.0,
ftw-slovakia-008,fields-of-the-world,slovakia,2.0732,2023-05-19,S2B_34UEV_20230519_0_L2A,51,54.934311,1.0,1.0,
ftw-slovakia-008,fields-of-the-world,slovakia,2.0732,2023-07-05,S2B_34UEV_20230705_0_L2A,51,46.461082,1.0,1.0,
ftw-slovakia-008,fields-of-the-world,slovakia,2.0732,2023-08-22,S2A_34UEV_20230822_0_L2A,51,58.692569,1.0,1.0,
ftw-slovakia-008,fields-of-the-world,slovakia,2.0732,2023-10-06,S2B_34UEV_20231006_0_L2A,51,38.524234,0.0,0.0,
ftw-slovakia-008,fields-of-the-world,slovakia,2.0732,2023-11-22,S2B_34UEV_20231122_0_L2A,51,77.500927,0.0,0.0,
ftw-slovakia-008,fields-of-the-world,slovakia,2.0732,2024-01-06,S2A_34UEV_20240106_0_L2A,51,99.999785,1.0,1.0,
ftw-slovakia-008,fields-of-the-world,slovakia,2.0732,2024-02-20,S2B_34UEV_20240220_0_L2A,51,85.65743,1.0,1.0,
ftw-slovakia-008,fields-of-the-world,slovakia,2.0732,2024-04-08,S2A_34UEV_20240408_0_L2A,51,58.110213,0.0,0.0,
ftw-slovakia-008,fields-of-the-world,slovakia,2.0732,2024-05-23,S2B_34UEV_20240523_0_L2A,51,95.471865,1.0,1.0,
ftw-slovakia-008,fields-of-the-world,slovakia,2.0732,2024-07-07,S2A_34UEV_20240707_0_L2A,51,4.983802,0.0,0.0,
ftw-slovakia-008,fields-of-the-world,slovakia,2.0732,2024-08-23,S2A_34UEV_20240823_0_L2A,51,62.85044,0.0,0.0,
ftw-slovakia-008,fields-of-the-world,slovakia,2.0732,2024-10-07,S2B_34UEV_20241007_0_L2A,51,73.284227,1.0,1.0,
ftw-slovakia-008,fields-of-the-world,slovakia,2.0732,2024-11-21,S2A_34UEV_20241121_0_L2A,51,76.027614,1.0,1.0,
ftw-slovakia-009,fields-of-the-world,slovakia,22.5125,2023-01-01,S2A_34UEV_20230101_0_L2A,560,99.10118,1.0,1.0,
ftw-slovakia-009,fields-of-the-world,slovakia,22.5125,2023-02-15,S2B_34UEV_20230215_0_L2A,560,11.916334,0.0,0.0,
ftw-slovakia-009,fields-of-the-world,slovakia,22.5125,2023-04-01,S2A_34UEV_20230401_0_L2A,560,87.622768,1.0,1.0,
ftw-slovakia-009,fields-of-the-world,slovakia,22.5125,2023-05-19,S2B_34UEV_20230519_0_L2A,560,54.934311,1.0,1.0,
ftw-slovakia-009,fields-of-the-world,slovakia,22.5125,2023-07-05,S2B_34UEV_20230705_0_L2A,560,46.461082,1.0,1.0,
ftw-slovakia-009,fields-of-the-world,slovakia,22.5125,2023-08-22,S2A_34UEV_20230822_0_L2A,560,58.692569,1.0,1.0,
ftw-slovakia-009,fields-of-the-world,slovakia,22.5125,2023-10-06,S2B_34UEV_20231006_0_L2A,560,38.524234,0.18571428571428572,0.18571428571428572,
ftw-slovakia-009,fields-of-the-world,slovakia,22.5125,2023-11-22,S2B_34UEV_20231122_0_L2A,560,77.500927,0.22321428571428573,0.22321428571428573,
ftw-slovakia-009,fields-of-the-world,slovakia,22.5125,2024-01-06,S2A_34UEV_20240106_0_L2A,560,99.999785,1.0,1.0,
ftw-slovakia-009,fields-of-the-world,slovakia,22.5125,2024-02-20,S2B_34UEV_20240220_0_L2A,560,85.65743,1.0,1.0,
ftw-slovakia-009,fields-of-the-world,slovakia,22.5125,2024-04-08,S2A_34UEV_20240408_0_L2A,560,58.110213,0.0,0.0,
ftw-slovakia-009,fields-of-the-world,slovakia,22.5125,2024-05-23,S2B_34UEV_20240523_0_L2A,560,95.471865,1.0,1.0,
ftw-slovakia-009,fields-of-the-world,slovakia,22.5125,2024-07-07,S2A_34UEV_20240707_0_L2A,560,4.983802,0.0,0.0,
ftw-slovakia-009,fields-of-the-world,slovakia,22.5125,2024-08-23,S2A_34UEV_20240823_0_L2A,560,62.85044,1.0,1.0,
ftw-slovakia-009,fields-of-the-world,slovakia,22.5125,2024-10-07,S2B_34UEV_20241007_0_L2A,560,73.284227,0.9946428571428572,0.9946428571428572,
ftw-slovakia-009,fields-of-the-world,slovakia,22.5125,2024-11-21,S2A_34UEV_20241121_0_L2A,560,76.027614,1.0,1.0,
ftw-slovenia-000,fields-of-the-world,slovenia,0.212,2023-01-02,S2B_33TWM_20230102_0_L2A,5,92.658126,1.0,1.0,
ftw-slovenia-000,fields-of-the-world,slovenia,0.212,2023-02-16,S2A_33TWM_20230216_0_L2A,5,45.028239,0.0,0.0,
ftw-slovenia-000,fields-of-the-world,slovenia,0.212,2023-04-02,S2B_33TWM_20230402_0_L2A,5,81.548065,1.0,1.0,
ftw-slovenia-000,fields-of-the-world,slovenia,0.212,2023-05-17,S2A_33TWM_20230517_0_L2A,5,99.999982,1.0,1.0,
ftw-slovenia-000,fields-of-the-world,slovenia,0.212,2023-07-01,S2B_33TWM_20230701_0_L2A,5,99.632317,1.0,1.0,
ftw-slovenia-000,fields-of-the-world,slovenia,0.212,2023-08-18,S2A_33TWM_20230818_0_L2A,5,43.856794,1.0,1.0,
ftw-slovenia-000,fields-of-the-world,slovenia,0.212,2023-10-02,S2B_33TWM_20231002_0_L2A,5,0.002804,0.0,0.0,
ftw-slovenia-000,fields-of-the-world,slovenia,0.212,2023-11-18,S2B_33TWM_20231118_0_L2A,5,16.736144,1.0,1.0,
ftw-slovenia-000,fields-of-the-world,slovenia,0.212,2024-01-05,S2A_33TWM_20240105_0_L2A,5,98.262042,1.0,1.0,
ftw-slovenia-000,fields-of-the-world,slovenia,0.212,2024-02-19,S2B_33TWM_20240219_0_L2A,5,100,1.0,1.0,
ftw-slovenia-000,fields-of-the-world,slovenia,0.212,2024-04-04,S2A_33TWM_20240404_0_L2A,5,42.811596,1.0,1.0,
ftw-slovenia-000,fields-of-the-world,slovenia,0.212,2024-05-19,S2B_33TWM_20240519_0_L2A,5,24.433181,0.0,0.0,
ftw-slovenia-000,fields-of-the-world,slovenia,0.212,2024-07-03,S2A_33TWM_20240703_0_L2A,5,84.505332,1.0,1.0,
ftw-slovenia-000,fields-of-the-world,slovenia,0.212,2024-08-19,S2A_33TWM_20240819_0_L2A,5,97.771031,1.0,1.0,
ftw-slovenia-000,fields-of-the-world,slovenia,0.212,2024-10-03,S2B_33TWM_20241003_0_L2A,5,100,1.0,1.0,
ftw-slovenia-000,fields-of-the-world,slovenia,0.212,2024-11-20,S2A_33TWM_20241120_0_L2A,5,99.537277,1.0,1.0,
ftw-slovenia-001,fields-of-the-world,slovenia,0.3057,2023-01-02,S2B_33TWM_20230102_0_L2A,8,92.658126,1.0,1.0,
ftw-slovenia-001,fields-of-the-world,slovenia,0.3057,2023-02-16,S2A_33TWM_20230216_0_L2A,8,45.028239,0.0,0.0,
ftw-slovenia-001,fields-of-the-world,slovenia,0.3057,2023-04-02,S2B_33TWM_20230402_0_L2A,8,81.548065,1.0,1.0,
ftw-slovenia-001,fields-of-the-world,slovenia,0.3057,2023-05-17,S2A_33TWM_20230517_0_L2A,8,99.999982,1.0,1.0,
ftw-slovenia-001,fields-of-the-world,slovenia,0.3057,2023-07-01,S2B_33TWM_20230701_0_L2A,8,99.632317,1.0,1.0,
ftw-slovenia-001,fields-of-the-world,slovenia,0.3057,2023-08-18,S2A_33TWM_20230818_0_L2A,8,43.856794,1.0,1.0,
ftw-slovenia-001,fields-of-the-world,slovenia,0.3057,2023-10-02,S2B_33TWM_20231002_0_L2A,8,0.002804,0.0,0.0,
ftw-slovenia-001,fields-of-the-world,slovenia,0.3057,2023-11-18,S2B_33TWM_20231118_0_L2A,8,16.736144,0.0,0.0,
ftw-slovenia-001,fields-of-the-world,slovenia,0.3057,2024-01-05,S2A_33TWM_20240105_0_L2A,8,98.262042,1.0,1.0,
ftw-slovenia-001,fields-of-the-world,slovenia,0.3057,2024-02-19,S2B_33TWM_20240219_0_L2A,8,100,1.0,1.0,
ftw-slovenia-001,fields-of-the-world,slovenia,0.3057,2024-04-04,S2A_33TWM_20240404_0_L2A,8,42.811596,1.0,1.0,
ftw-slovenia-001,fields-of-the-world,slovenia,0.3057,2024-05-19,S2B_33TWM_20240519_0_L2A,8,24.433181,0.0,0.0,
ftw-slovenia-001,fields-of-the-world,slovenia,0.3057,2024-07-03,S2A_33TWM_20240703_0_L2A,8,84.505332,1.0,1.0,
ftw-slovenia-001,fields-of-the-world,slovenia,0.3057,2024-08-19,S2A_33TWM_20240819_0_L2A,8,97.771031,1.0,1.0,
ftw-slovenia-001,fields-of-the-world,slovenia,0.3057,2024-10-03,S2B_33TWM_20241003_0_L2A,8,100,1.0,1.0,
ftw-slovenia-001,fields-of-the-world,slovenia,0.3057,2024-11-20,S2A_33TWM_20241120_0_L2A,8,99.537277,1.0,1.0,
ftw-slovenia-002,fields-of-the-world,slovenia,0.4052,2023-01-02,S2B_33TWM_20230102_0_L2A,5,92.658126,1.0,1.0,
ftw-slovenia-002,fields-of-the-world,slovenia,0.4052,2023-02-16,S2A_33TWM_20230216_0_L2A,5,45.028239,0.0,0.0,
ftw-slovenia-002,fields-of-the-world,slovenia,0.4052,2023-04-02,S2B_33TWM_20230402_0_L2A,5,81.548065,1.0,1.0,
ftw-slovenia-002,fields-of-the-world,slovenia,0.4052,2023-05-17,S2A_33TWM_20230517_0_L2A,5,99.999982,1.0,1.0,
ftw-slovenia-002,fields-of-the-world,slovenia,0.4052,2023-07-01,S2B_33TWM_20230701_0_L2A,5,99.632317,1.0,1.0,
ftw-slovenia-002,fields-of-the-world,slovenia,0.4052,2023-08-18,S2A_33TWM_20230818_0_L2A,5,43.856794,0.0,0.0,
ftw-slovenia-002,fields-of-the-world,slovenia,0.4052,2023-10-02,S2B_33TWM_20231002_0_L2A,5,0.002804,0.0,0.0,
ftw-slovenia-002,fields-of-the-world,slovenia,0.4052,2023-11-18,S2B_33TWM_20231118_0_L2A,5,16.736144,0.0,0.0,
ftw-slovenia-002,fields-of-the-world,slovenia,0.4052,2024-01-05,S2A_33TWM_20240105_0_L2A,5,98.262042,1.0,1.0,
ftw-slovenia-002,fields-of-the-world,slovenia,0.4052,2024-02-19,S2B_33TWM_20240219_0_L2A,5,100,1.0,1.0,
ftw-slovenia-002,fields-of-the-world,slovenia,0.4052,2024-04-04,S2A_33TWM_20240404_0_L2A,5,42.811596,1.0,1.0,
ftw-slovenia-002,fields-of-the-world,slovenia,0.4052,2024-05-19,S2B_33TWM_20240519_0_L2A,5,24.433181,0.0,0.0,
ftw-slovenia-002,fields-of-the-world,slovenia,0.4052,2024-07-03,S2A_33TWM_20240703_0_L2A,5,84.505332,1.0,1.0,
ftw-slovenia-002,fields-of-the-world,slovenia,0.4052,2024-08-19,S2A_33TWM_20240819_0_L2A,5,97.771031,1.0,1.0,
ftw-slovenia-002,fields-of-the-world,slovenia,0.4052,2024-10-03,S2B_33TWM_20241003_0_L2A,5,100,1.0,1.0,
ftw-slovenia-002,fields-of-the-world,slovenia,0.4052,2024-11-20,S2A_33TWM_20241120_0_L2A,5,99.537277,1.0,1.0,
ftw-slovenia-003,fields-of-the-world,slovenia,0.5016,2023-01-02,S2B_33TWM_20230102_0_L2A,13,92.658126,1.0,1.0,
ftw-slovenia-003,fields-of-the-world,slovenia,0.5016,2023-02-16,S2A_33TWM_20230216_0_L2A,13,45.028239,0.0,0.0,
ftw-slovenia-003,fields-of-the-world,slovenia,0.5016,2023-04-02,S2B_33TWM_20230402_0_L2A,13,81.548065,1.0,1.0,
ftw-slovenia-003,fields-of-the-world,slovenia,0.5016,2023-05-17,S2A_33TWM_20230517_0_L2A,13,99.999982,1.0,1.0,
ftw-slovenia-003,fields-of-the-world,slovenia,0.5016,2023-07-01,S2B_33TWM_20230701_0_L2A,13,99.632317,1.0,1.0,
ftw-slovenia-003,fields-of-the-world,slovenia,0.5016,2023-08-18,S2A_33TWM_20230818_0_L2A,13,43.856794,1.0,1.0,
ftw-slovenia-003,fields-of-the-world,slovenia,0.5016,2023-10-02,S2B_33TWM_20231002_0_L2A,13,0.002804,0.0,0.0,
ftw-slovenia-003,fields-of-the-world,slovenia,0.5016,2023-11-18,S2B_33TWM_20231118_0_L2A,13,16.736144,0.7692307692307693,0.7692307692307693,
ftw-slovenia-003,fields-of-the-world,slovenia,0.5016,2024-01-05,S2A_33TWM_20240105_0_L2A,13,98.262042,1.0,1.0,
ftw-slovenia-003,fields-of-the-world,slovenia,0.5016,2024-02-19,S2B_33TWM_20240219_0_L2A,13,100,1.0,1.0,
ftw-slovenia-003,fields-of-the-world,slovenia,0.5016,2024-04-04,S2A_33TWM_20240404_0_L2A,13,42.811596,0.0,0.0,
ftw-slovenia-003,fields-of-the-world,slovenia,0.5016,2024-05-19,S2B_33TWM_20240519_0_L2A,13,24.433181,0.0,0.0,
ftw-slovenia-003,fields-of-the-world,slovenia,0.5016,2024-07-03,S2A_33TWM_20240703_0_L2A,13,84.505332,1.0,1.0,
ftw-slovenia-003,fields-of-the-world,slovenia,0.5016,2024-08-19,S2A_33TWM_20240819_0_L2A,13,97.771031,1.0,1.0,
ftw-slovenia-003,fields-of-the-world,slovenia,0.5016,2024-10-03,S2B_33TWM_20241003_0_L2A,13,100,1.0,1.0,
ftw-slovenia-003,fields-of-the-world,slovenia,0.5016,2024-11-20,S2A_33TWM_20241120_0_L2A,13,99.537277,1.0,1.0,
ftw-slovenia-004,fields-of-the-world,slovenia,0.6331,2023-01-02,S2B_33TWM_20230102_0_L2A,14,92.658126,1.0,1.0,
ftw-slovenia-004,fields-of-the-world,slovenia,0.6331,2023-02-16,S2A_33TWM_20230216_0_L2A,14,45.028239,1.0,1.0,
ftw-slovenia-004,fields-of-the-world,slovenia,0.6331,2023-04-02,S2B_33TWM_20230402_0_L2A,14,81.548065,1.0,1.0,
ftw-slovenia-004,fields-of-the-world,slovenia,0.6331,2023-05-17,S2A_33TWM_20230517_0_L2A,14,99.999982,1.0,1.0,
ftw-slovenia-004,fields-of-the-world,slovenia,0.6331,2023-07-01,S2B_33TWM_20230701_0_L2A,14,99.632317,1.0,1.0,
ftw-slovenia-004,fields-of-the-world,slovenia,0.6331,2023-08-18,S2A_33TWM_20230818_0_L2A,14,43.856794,0.0,0.0,
ftw-slovenia-004,fields-of-the-world,slovenia,0.6331,2023-10-02,S2B_33TWM_20231002_0_L2A,14,0.002804,0.0,0.0,
ftw-slovenia-004,fields-of-the-world,slovenia,0.6331,2023-11-18,S2B_33TWM_20231118_0_L2A,14,16.736144,1.0,1.0,
ftw-slovenia-004,fields-of-the-world,slovenia,0.6331,2024-01-05,S2A_33TWM_20240105_0_L2A,14,98.262042,1.0,1.0,
ftw-slovenia-004,fields-of-the-world,slovenia,0.6331,2024-02-19,S2B_33TWM_20240219_0_L2A,14,100,1.0,1.0,
ftw-slovenia-004,fields-of-the-world,slovenia,0.6331,2024-04-04,S2A_33TWM_20240404_0_L2A,14,42.811596,0.0,0.0,
ftw-slovenia-004,fields-of-the-world,slovenia,0.6331,2024-05-19,S2B_33TWM_20240519_0_L2A,14,24.433181,0.0,0.0,
ftw-slovenia-004,fields-of-the-world,slovenia,0.6331,2024-07-03,S2A_33TWM_20240703_0_L2A,14,84.505332,1.0,1.0,
ftw-slovenia-004,fields-of-the-world,slovenia,0.6331,2024-08-19,S2A_33TWM_20240819_0_L2A,14,97.771031,1.0,1.0,
ftw-slovenia-004,fields-of-the-world,slovenia,0.6331,2024-10-03,S2B_33TWM_20241003_0_L2A,14,100,1.0,1.0,
ftw-slovenia-004,fields-of-the-world,slovenia,0.6331,2024-11-20,S2A_33TWM_20241120_0_L2A,14,99.537277,1.0,1.0,
ftw-slovenia-005,fields-of-the-world,slovenia,0.8089,2023-01-02,S2B_33TWM_20230102_0_L2A,20,92.658126,1.0,1.0,
ftw-slovenia-005,fields-of-the-world,slovenia,0.8089,2023-02-16,S2A_33TWM_20230216_0_L2A,20,45.028239,0.0,0.0,
ftw-slovenia-005,fields-of-the-world,slovenia,0.8089,2023-04-02,S2B_33TWM_20230402_0_L2A,20,81.548065,1.0,1.0,
ftw-slovenia-005,fields-of-the-world,slovenia,0.8089,2023-05-17,S2A_33TWM_20230517_0_L2A,20,99.999982,1.0,1.0,
ftw-slovenia-005,fields-of-the-world,slovenia,0.8089,2023-07-01,S2B_33TWM_20230701_0_L2A,20,99.632317,1.0,1.0,
ftw-slovenia-005,fields-of-the-world,slovenia,0.8089,2023-08-18,S2A_33TWM_20230818_0_L2A,20,43.856794,1.0,1.0,
ftw-slovenia-005,fields-of-the-world,slovenia,0.8089,2023-10-02,S2B_33TWM_20231002_0_L2A,20,0.002804,0.0,0.0,
ftw-slovenia-005,fields-of-the-world,slovenia,0.8089,2023-11-18,S2B_33TWM_20231118_0_L2A,20,16.736144,1.0,1.0,
ftw-slovenia-005,fields-of-the-world,slovenia,0.8089,2024-01-05,S2A_33TWM_20240105_0_L2A,20,98.262042,1.0,1.0,
ftw-slovenia-005,fields-of-the-world,slovenia,0.8089,2024-02-19,S2B_33TWM_20240219_0_L2A,20,100,1.0,1.0,
ftw-slovenia-005,fields-of-the-world,slovenia,0.8089,2024-04-04,S2A_33TWM_20240404_0_L2A,20,42.811596,0.0,0.0,
ftw-slovenia-005,fields-of-the-world,slovenia,0.8089,2024-05-19,S2B_33TWM_20240519_0_L2A,20,24.433181,0.0,0.0,
ftw-slovenia-005,fields-of-the-world,slovenia,0.8089,2024-07-03,S2A_33TWM_20240703_0_L2A,20,84.505332,1.0,1.0,
ftw-slovenia-005,fields-of-the-world,slovenia,0.8089,2024-08-19,S2A_33TWM_20240819_0_L2A,20,97.771031,1.0,1.0,
ftw-slovenia-005,fields-of-the-world,slovenia,0.8089,2024-10-03,S2B_33TWM_20241003_0_L2A,20,100,1.0,1.0,
ftw-slovenia-005,fields-of-the-world,slovenia,0.8089,2024-11-20,S2A_33TWM_20241120_0_L2A,20,99.537277,1.0,1.0,
ftw-slovenia-006,fields-of-the-world,slovenia,1.0294,2023-01-02,S2B_33TWM_20230102_0_L2A,22,92.658126,1.0,1.0,
ftw-slovenia-006,fields-of-the-world,slovenia,1.0294,2023-02-16,S2A_33TWM_20230216_0_L2A,22,45.028239,1.0,1.0,
ftw-slovenia-006,fields-of-the-world,slovenia,1.0294,2023-04-02,S2B_33TWM_20230402_0_L2A,22,81.548065,1.0,1.0,
ftw-slovenia-006,fields-of-the-world,slovenia,1.0294,2023-05-17,S2A_33TWM_20230517_0_L2A,22,99.999982,1.0,1.0,
ftw-slovenia-006,fields-of-the-world,slovenia,1.0294,2023-07-01,S2B_33TWM_20230701_0_L2A,22,99.632317,1.0,1.0,
ftw-slovenia-006,fields-of-the-world,slovenia,1.0294,2023-08-18,S2A_33TWM_20230818_0_L2A,22,43.856794,0.22727272727272727,0.22727272727272727,
ftw-slovenia-006,fields-of-the-world,slovenia,1.0294,2023-10-02,S2B_33TWM_20231002_0_L2A,22,0.002804,0.0,0.0,
ftw-slovenia-006,fields-of-the-world,slovenia,1.0294,2023-11-18,S2B_33TWM_20231118_0_L2A,22,16.736144,1.0,1.0,
ftw-slovenia-006,fields-of-the-world,slovenia,1.0294,2024-01-05,S2A_33TWM_20240105_0_L2A,22,98.262042,1.0,1.0,
ftw-slovenia-006,fields-of-the-world,slovenia,1.0294,2024-02-19,S2B_33TWM_20240219_0_L2A,22,100,1.0,1.0,
ftw-slovenia-006,fields-of-the-world,slovenia,1.0294,2024-04-04,S2A_33TWM_20240404_0_L2A,22,42.811596,0.0,0.0,
ftw-slovenia-006,fields-of-the-world,slovenia,1.0294,2024-05-19,S2B_33TWM_20240519_0_L2A,22,24.433181,0.0,0.0,
ftw-slovenia-006,fields-of-the-world,slovenia,1.0294,2024-07-03,S2A_33TWM_20240703_0_L2A,22,84.505332,1.0,1.0,
ftw-slovenia-006,fields-of-the-world,slovenia,1.0294,2024-08-19,S2A_33TWM_20240819_0_L2A,22,97.771031,1.0,1.0,
ftw-slovenia-006,fields-of-the-world,slovenia,1.0294,2024-10-03,S2B_33TWM_20241003_0_L2A,22,100,1.0,1.0,
ftw-slovenia-006,fields-of-the-world,slovenia,1.0294,2024-11-20,S2A_33TWM_20241120_0_L2A,22,99.537277,1.0,1.0,
ftw-slovenia-007,fields-of-the-world,slovenia,1.0475,2023-01-02,S2B_33TWM_20230102_0_L2A,25,92.658126,1.0,1.0,
ftw-slovenia-007,fields-of-the-world,slovenia,1.0475,2023-02-16,S2A_33TWM_20230216_0_L2A,25,45.028239,0.0,0.0,
ftw-slovenia-007,fields-of-the-world,slovenia,1.0475,2023-04-02,S2B_33TWM_20230402_0_L2A,25,81.548065,1.0,1.0,
ftw-slovenia-007,fields-of-the-world,slovenia,1.0475,2023-05-17,S2A_33TWM_20230517_0_L2A,25,99.999982,1.0,1.0,
ftw-slovenia-007,fields-of-the-world,slovenia,1.0475,2023-07-01,S2B_33TWM_20230701_0_L2A,25,99.632317,1.0,1.0,
ftw-slovenia-007,fields-of-the-world,slovenia,1.0475,2023-08-18,S2A_33TWM_20230818_0_L2A,25,43.856794,1.0,1.0,
ftw-slovenia-007,fields-of-the-world,slovenia,1.0475,2023-10-02,S2B_33TWM_20231002_0_L2A,25,0.002804,0.0,0.0,
ftw-slovenia-007,fields-of-the-world,slovenia,1.0475,2023-11-18,S2B_33TWM_20231118_0_L2A,25,16.736144,0.36,0.36,
ftw-slovenia-007,fields-of-the-world,slovenia,1.0475,2024-01-05,S2A_33TWM_20240105_0_L2A,25,98.262042,1.0,1.0,
ftw-slovenia-007,fields-of-the-world,slovenia,1.0475,2024-02-19,S2B_33TWM_20240219_0_L2A,25,100,1.0,1.0,
ftw-slovenia-007,fields-of-the-world,slovenia,1.0475,2024-04-04,S2A_33TWM_20240404_0_L2A,25,42.811596,0.0,0.0,
ftw-slovenia-007,fields-of-the-world,slovenia,1.0475,2024-05-19,S2B_33TWM_20240519_0_L2A,25,24.433181,0.0,0.0,
ftw-slovenia-007,fields-of-the-world,slovenia,1.0475,2024-07-03,S2A_33TWM_20240703_0_L2A,25,84.505332,1.0,1.0,
ftw-slovenia-007,fields-of-the-world,slovenia,1.0475,2024-08-19,S2A_33TWM_20240819_0_L2A,25,97.771031,1.0,1.0,
ftw-slovenia-007,fields-of-the-world,slovenia,1.0475,2024-10-03,S2B_33TWM_20241003_0_L2A,25,100,1.0,1.0,
ftw-slovenia-007,fields-of-the-world,slovenia,1.0475,2024-11-20,S2A_33TWM_20241120_0_L2A,25,99.537277,1.0,1.0,
ftw-slovenia-008,fields-of-the-world,slovenia,1.0894,2023-01-02,S2B_33TWM_20230102_0_L2A,24,92.658126,1.0,1.0,
ftw-slovenia-008,fields-of-the-world,slovenia,1.0894,2023-02-16,S2A_33TWM_20230216_0_L2A,24,45.028239,0.0,0.0,
ftw-slovenia-008,fields-of-the-world,slovenia,1.0894,2023-04-02,S2B_33TWM_20230402_0_L2A,24,81.548065,1.0,1.0,
ftw-slovenia-008,fields-of-the-world,slovenia,1.0894,2023-05-17,S2A_33TWM_20230517_0_L2A,24,99.999982,1.0,1.0,
ftw-slovenia-008,fields-of-the-world,slovenia,1.0894,2023-07-01,S2B_33TWM_20230701_0_L2A,24,99.632317,1.0,1.0,
ftw-slovenia-008,fields-of-the-world,slovenia,1.0894,2023-08-18,S2A_33TWM_20230818_0_L2A,24,43.856794,1.0,1.0,
ftw-slovenia-008,fields-of-the-world,slovenia,1.0894,2023-10-02,S2B_33TWM_20231002_0_L2A,24,0.002804,0.0,0.0,
ftw-slovenia-008,fields-of-the-world,slovenia,1.0894,2023-11-18,S2B_33TWM_20231118_0_L2A,24,16.736144,0.0,0.0,
ftw-slovenia-008,fields-of-the-world,slovenia,1.0894,2024-01-05,S2A_33TWM_20240105_0_L2A,24,98.262042,1.0,1.0,
ftw-slovenia-008,fields-of-the-world,slovenia,1.0894,2024-02-19,S2B_33TWM_20240219_0_L2A,24,100,1.0,1.0,
ftw-slovenia-008,fields-of-the-world,slovenia,1.0894,2024-04-04,S2A_33TWM_20240404_0_L2A,24,42.811596,0.0,0.0,
ftw-slovenia-008,fields-of-the-world,slovenia,1.0894,2024-05-19,S2B_33TWM_20240519_0_L2A,24,24.433181,0.0,0.0,
ftw-slovenia-008,fields-of-the-world,slovenia,1.0894,2024-07-03,S2A_33TWM_20240703_0_L2A,24,84.505332,1.0,1.0,
ftw-slovenia-008,fields-of-the-world,slovenia,1.0894,2024-08-19,S2A_33TWM_20240819_0_L2A,24,97.771031,1.0,1.0,
ftw-slovenia-008,fields-of-the-world,slovenia,1.0894,2024-10-03,S2B_33TWM_20241003_0_L2A,24,100,1.0,1.0,
ftw-slovenia-008,fields-of-the-world,slovenia,1.0894,2024-11-20,S2A_33TWM_20241120_0_L2A,24,99.537277,1.0,1.0,
ftw-slovenia-009,fields-of-the-world,slovenia,1.5187,2023-01-02,S2B_33TWM_20230102_0_L2A,38,92.658126,1.0,1.0,
ftw-slovenia-009,fields-of-the-world,slovenia,1.5187,2023-02-16,S2A_33TWM_20230216_0_L2A,38,45.028239,0.0,0.0,
ftw-slovenia-009,fields-of-the-world,slovenia,1.5187,2023-04-02,S2B_33TWM_20230402_0_L2A,38,81.548065,1.0,1.0,
ftw-slovenia-009,fields-of-the-world,slovenia,1.5187,2023-05-17,S2A_33TWM_20230517_0_L2A,38,99.999982,1.0,1.0,
ftw-slovenia-009,fields-of-the-world,slovenia,1.5187,2023-07-01,S2B_33TWM_20230701_0_L2A,38,99.632317,1.0,1.0,
ftw-slovenia-009,fields-of-the-world,slovenia,1.5187,2023-08-18,S2A_33TWM_20230818_0_L2A,38,43.856794,1.0,1.0,
ftw-slovenia-009,fields-of-the-world,slovenia,1.5187,2023-10-02,S2B_33TWM_20231002_0_L2A,38,0.002804,0.0,0.0,
ftw-slovenia-009,fields-of-the-world,slovenia,1.5187,2023-11-18,S2B_33TWM_20231118_0_L2A,38,16.736144,0.34210526315789475,0.34210526315789475,
ftw-slovenia-009,fields-of-the-world,slovenia,1.5187,2024-01-05,S2A_33TWM_20240105_0_L2A,38,98.262042,1.0,1.0,
ftw-slovenia-009,fields-of-the-world,slovenia,1.5187,2024-02-19,S2B_33TWM_20240219_0_L2A,38,100,1.0,1.0,
ftw-slovenia-009,fields-of-the-world,slovenia,1.5187,2024-04-04,S2A_33TWM_20240404_0_L2A,38,42.811596,0.0,0.0,
ftw-slovenia-009,fields-of-the-world,slovenia,1.5187,2024-05-19,S2B_33TWM_20240519_0_L2A,38,24.433181,0.0,0.0,
ftw-slovenia-009,fields-of-the-world,slovenia,1.5187,2024-07-03,S2A_33TWM_20240703_0_L2A,38,84.505332,1.0,1.0,
ftw-slovenia-009,fields-of-the-world,slovenia,1.5187,2024-08-19,S2A_33TWM_20240819_0_L2A,38,97.771031,1.0,1.0,
ftw-slovenia-009,fields-of-the-world,slovenia,1.5187,2024-10-03,S2B_33TWM_20241003_0_L2A,38,100,1.0,1.0,
ftw-slovenia-009,fields-of-the-world,slovenia,1.5187,2024-11-20,S2A_33TWM_20241120_0_L2A,38,99.537277,1.0,1.0,
ftw-slovenia-010,fields-of-the-world,slovenia,2.0831,2023-01-02,S2B_33TWM_20230102_0_L2A,52,92.658126,1.0,1.0,
ftw-slovenia-010,fields-of-the-world,slovenia,2.0831,2023-02-16,S2A_33TWM_20230216_0_L2A,52,45.028239,0.0,0.0,
ftw-slovenia-010,fields-of-the-world,slovenia,2.0831,2023-04-02,S2B_33TWM_20230402_0_L2A,52,81.548065,1.0,1.0,
ftw-slovenia-010,fields-of-the-world,slovenia,2.0831,2023-05-17,S2A_33TWM_20230517_0_L2A,52,99.999982,1.0,1.0,
ftw-slovenia-010,fields-of-the-world,slovenia,2.0831,2023-07-01,S2B_33TWM_20230701_0_L2A,52,99.632317,1.0,1.0,
ftw-slovenia-010,fields-of-the-world,slovenia,2.0831,2023-08-18,S2A_33TWM_20230818_0_L2A,52,43.856794,1.0,1.0,
ftw-slovenia-010,fields-of-the-world,slovenia,2.0831,2023-10-02,S2B_33TWM_20231002_0_L2A,52,0.002804,0.0,0.0,
ftw-slovenia-010,fields-of-the-world,slovenia,2.0831,2023-11-18,S2B_33TWM_20231118_0_L2A,52,16.736144,0.4423076923076923,0.4423076923076923,
ftw-slovenia-010,fields-of-the-world,slovenia,2.0831,2024-01-05,S2A_33TWM_20240105_0_L2A,52,98.262042,1.0,1.0,
ftw-slovenia-010,fields-of-the-world,slovenia,2.0831,2024-02-19,S2B_33TWM_20240219_0_L2A,52,100,1.0,1.0,
ftw-slovenia-010,fields-of-the-world,slovenia,2.0831,2024-04-04,S2A_33TWM_20240404_0_L2A,52,42.811596,1.0,1.0,
ftw-slovenia-010,fields-of-the-world,slovenia,2.0831,2024-05-19,S2B_33TWM_20240519_0_L2A,52,24.433181,0.3269230769230769,0.3269230769230769,
ftw-slovenia-010,fields-of-the-world,slovenia,2.0831,2024-07-03,S2A_33TWM_20240703_0_L2A,52,84.505332,1.0,1.0,
ftw-slovenia-010,fields-of-the-world,slovenia,2.0831,2024-08-19,S2A_33TWM_20240819_0_L2A,52,97.771031,1.0,1.0,
ftw-slovenia-010,fields-of-the-world,slovenia,2.0831,2024-10-03,S2B_33TWM_20241003_0_L2A,52,100,1.0,1.0,
ftw-slovenia-010,fields-of-the-world,slovenia,2.0831,2024-11-20,S2A_33TWM_20241120_0_L2A,52,99.537277,1.0,1.0,
ftw-slovenia-011,fields-of-the-world,slovenia,2.1833,2023-01-02,S2B_33TWM_20230102_0_L2A,56,92.658126,1.0,1.0,
ftw-slovenia-011,fields-of-the-world,slovenia,2.1833,2023-02-16,S2A_33TWM_20230216_0_L2A,56,45.028239,0.0,0.0,
ftw-slovenia-011,fields-of-the-world,slovenia,2.1833,2023-04-02,S2B_33TWM_20230402_0_L2A,56,81.548065,1.0,1.0,
ftw-slovenia-011,fields-of-the-world,slovenia,2.1833,2023-05-17,S2A_33TWM_20230517_0_L2A,56,99.999982,1.0,1.0,
ftw-slovenia-011,fields-of-the-world,slovenia,2.1833,2023-07-01,S2B_33TWM_20230701_0_L2A,56,99.632317,1.0,1.0,
ftw-slovenia-011,fields-of-the-world,slovenia,2.1833,2023-08-18,S2A_33TWM_20230818_0_L2A,56,43.856794,1.0,1.0,
ftw-slovenia-011,fields-of-the-world,slovenia,2.1833,2023-10-02,S2B_33TWM_20231002_0_L2A,56,0.002804,0.0,0.0,
ftw-slovenia-011,fields-of-the-world,slovenia,2.1833,2023-11-18,S2B_33TWM_20231118_0_L2A,56,16.736144,1.0,1.0,
ftw-slovenia-011,fields-of-the-world,slovenia,2.1833,2024-01-05,S2A_33TWM_20240105_0_L2A,56,98.262042,1.0,1.0,
ftw-slovenia-011,fields-of-the-world,slovenia,2.1833,2024-02-19,S2B_33TWM_20240219_0_L2A,56,100,1.0,1.0,
ftw-slovenia-011,fields-of-the-world,slovenia,2.1833,2024-04-04,S2A_33TWM_20240404_0_L2A,56,42.811596,0.0,0.0,
ftw-slovenia-011,fields-of-the-world,slovenia,2.1833,2024-05-19,S2B_33TWM_20240519_0_L2A,56,24.433181,0.0,0.0,
ftw-slovenia-011,fields-of-the-world,slovenia,2.1833,2024-07-03,S2A_33TWM_20240703_0_L2A,56,84.505332,1.0,1.0,
ftw-slovenia-011,fields-of-the-world,slovenia,2.1833,2024-08-19,S2A_33TWM_20240819_0_L2A,56,97.771031,1.0,1.0,
ftw-slovenia-011,fields-of-the-world,slovenia,2.1833,2024-10-03,S2B_33TWM_20241003_0_L2A,56,100,1.0,1.0,
ftw-slovenia-011,fields-of-the-world,slovenia,2.1833,2024-11-20,S2A_33TWM_20241120_0_L2A,56,99.537277,1.0,1.0,
ftw-slovenia-012,fields-of-the-world,slovenia,2.2031,2023-01-02,S2B_33TWM_20230102_0_L2A,53,92.658126,1.0,1.0,
ftw-slovenia-012,fields-of-the-world,slovenia,2.2031,2023-02-16,S2A_33TWM_20230216_0_L2A,53,45.028239,0.0,0.0,
ftw-slovenia-012,fields-of-the-world,slovenia,2.2031,2023-04-02,S2B_33TWM_20230402_0_L2A,53,81.548065,1.0,1.0,
ftw-slovenia-012,fields-of-the-world,slovenia,2.2031,2023-05-17,S2A_33TWM_20230517_0_L2A,53,99.999982,1.0,1.0,
ftw-slovenia-012,fields-of-the-world,slovenia,2.2031,2023-07-01,S2B_33TWM_20230701_0_L2A,53,99.632317,1.0,1.0,
ftw-slovenia-012,fields-of-the-world,slovenia,2.2031,2023-08-18,S2A_33TWM_20230818_0_L2A,53,43.856794,1.0,1.0,
ftw-slovenia-012,fields-of-the-world,slovenia,2.2031,2023-10-02,S2B_33TWM_20231002_0_L2A,53,0.002804,0.0,0.0,
ftw-slovenia-012,fields-of-the-world,slovenia,2.2031,2023-11-18,S2B_33TWM_20231118_0_L2A,53,16.736144,1.0,1.0,
ftw-slovenia-012,fields-of-the-world,slovenia,2.2031,2024-01-05,S2A_33TWM_20240105_0_L2A,53,98.262042,1.0,1.0,
ftw-slovenia-012,fields-of-the-world,slovenia,2.2031,2024-02-19,S2B_33TWM_20240219_0_L2A,53,100,1.0,1.0,
ftw-slovenia-012,fields-of-the-world,slovenia,2.2031,2024-04-04,S2A_33TWM_20240404_0_L2A,53,42.811596,0.0,0.0,
ftw-slovenia-012,fields-of-the-world,slovenia,2.2031,2024-05-19,S2B_33TWM_20240519_0_L2A,53,24.433181,0.0,0.0,
ftw-slovenia-012,fields-of-the-world,slovenia,2.2031,2024-07-03,S2A_33TWM_20240703_0_L2A,53,84.505332,1.0,1.0,
ftw-slovenia-012,fields-of-the-world,slovenia,2.2031,2024-08-19,S2A_33TWM_20240819_0_L2A,53,97.771031,1.0,1.0,
ftw-slovenia-012,fields-of-the-world,slovenia,2.2031,2024-10-03,S2B_33TWM_20241003_0_L2A,53,100,1.0,1.0,
ftw-slovenia-012,fields-of-the-world,slovenia,2.2031,2024-11-20,S2A_33TWM_20241120_0_L2A,53,99.537277,1.0,1.0,
ftw-slovenia-013,fields-of-the-world,slovenia,2.2991,2023-01-02,S2B_33TWM_20230102_0_L2A,58,92.658126,1.0,1.0,
ftw-slovenia-013,fields-of-the-world,slovenia,2.2991,2023-02-16,S2A_33TWM_20230216_0_L2A,58,45.028239,0.0,0.0,
ftw-slovenia-013,fields-of-the-world,slovenia,2.2991,2023-04-02,S2B_33TWM_20230402_0_L2A,58,81.548065,1.0,1.0,
ftw-slovenia-013,fields-of-the-world,slovenia,2.2991,2023-05-17,S2A_33TWM_20230517_0_L2A,58,99.999982,1.0,1.0,
ftw-slovenia-013,fields-of-the-world,slovenia,2.2991,2023-07-01,S2B_33TWM_20230701_0_L2A,58,99.632317,1.0,1.0,
ftw-slovenia-013,fields-of-the-world,slovenia,2.2991,2023-08-18,S2A_33TWM_20230818_0_L2A,58,43.856794,1.0,1.0,
ftw-slovenia-013,fields-of-the-world,slovenia,2.2991,2023-10-02,S2B_33TWM_20231002_0_L2A,58,0.002804,0.0,0.0,
ftw-slovenia-013,fields-of-the-world,slovenia,2.2991,2023-11-18,S2B_33TWM_20231118_0_L2A,58,16.736144,0.0,0.0,
ftw-slovenia-013,fields-of-the-world,slovenia,2.2991,2024-01-05,S2A_33TWM_20240105_0_L2A,58,98.262042,1.0,1.0,
ftw-slovenia-013,fields-of-the-world,slovenia,2.2991,2024-02-19,S2B_33TWM_20240219_0_L2A,58,100,1.0,1.0,
ftw-slovenia-013,fields-of-the-world,slovenia,2.2991,2024-04-04,S2A_33TWM_20240404_0_L2A,58,42.811596,0.0,0.0,
ftw-slovenia-013,fields-of-the-world,slovenia,2.2991,2024-05-19,S2B_33TWM_20240519_0_L2A,58,24.433181,0.0,0.0,
ftw-slovenia-013,fields-of-the-world,slovenia,2.2991,2024-07-03,S2A_33TWM_20240703_0_L2A,58,84.505332,1.0,1.0,
ftw-slovenia-013,fields-of-the-world,slovenia,2.2991,2024-08-19,S2A_33TWM_20240819_0_L2A,58,97.771031,1.0,1.0,
ftw-slovenia-013,fields-of-the-world,slovenia,2.2991,2024-10-03,S2B_33TWM_20241003_0_L2A,58,100,1.0,1.0,
ftw-slovenia-013,fields-of-the-world,slovenia,2.2991,2024-11-20,S2A_33TWM_20241120_0_L2A,58,99.537277,1.0,1.0,
ftw-slovenia-014,fields-of-the-world,slovenia,2.7884,2023-01-02,S2B_33TWM_20230102_0_L2A,67,92.658126,1.0,1.0,
ftw-slovenia-014,fields-of-the-world,slovenia,2.7884,2023-02-16,S2A_33TWM_20230216_0_L2A,67,45.028239,0.0,0.0,
ftw-slovenia-014,fields-of-the-world,slovenia,2.7884,2023-04-02,S2B_33TWM_20230402_0_L2A,67,81.548065,1.0,1.0,
ftw-slovenia-014,fields-of-the-world,slovenia,2.7884,2023-05-17,S2A_33TWM_20230517_0_L2A,67,99.999982,1.0,1.0,
ftw-slovenia-014,fields-of-the-world,slovenia,2.7884,2023-07-01,S2B_33TWM_20230701_0_L2A,67,99.632317,1.0,1.0,
ftw-slovenia-014,fields-of-the-world,slovenia,2.7884,2023-08-18,S2A_33TWM_20230818_0_L2A,67,43.856794,1.0,1.0,
ftw-slovenia-014,fields-of-the-world,slovenia,2.7884,2023-10-02,S2B_33TWM_20231002_0_L2A,67,0.002804,0.0,0.0,
ftw-slovenia-014,fields-of-the-world,slovenia,2.7884,2023-11-18,S2B_33TWM_20231118_0_L2A,67,16.736144,0.43283582089552236,0.43283582089552236,
ftw-slovenia-014,fields-of-the-world,slovenia,2.7884,2024-01-05,S2A_33TWM_20240105_0_L2A,67,98.262042,1.0,1.0,
ftw-slovenia-014,fields-of-the-world,slovenia,2.7884,2024-02-19,S2B_33TWM_20240219_0_L2A,67,100,1.0,1.0,
ftw-slovenia-014,fields-of-the-world,slovenia,2.7884,2024-04-04,S2A_33TWM_20240404_0_L2A,67,42.811596,0.0,0.0,
ftw-slovenia-014,fields-of-the-world,slovenia,2.7884,2024-05-19,S2B_33TWM_20240519_0_L2A,67,24.433181,0.0,0.0,
ftw-slovenia-014,fields-of-the-world,slovenia,2.7884,2024-07-03,S2A_33TWM_20240703_0_L2A,67,84.505332,1.0,1.0,
ftw-slovenia-014,fields-of-the-world,slovenia,2.7884,2024-08-19,S2A_33TWM_20240819_0_L2A,67,97.771031,1.0,1.0,
ftw-slovenia-014,fields-of-the-world,slovenia,2.7884,2024-10-03,S2B_33TWM_20241003_0_L2A,67,100,1.0,1.0,
ftw-slovenia-014,fields-of-the-world,slovenia,2.7884,2024-11-20,S2A_33TWM_20241120_0_L2A,67,99.537277,1.0,1.0,
ftw-slovenia-015,fields-of-the-world,slovenia,4.6132,2023-01-02,S2B_33TWM_20230102_0_L2A,110,92.658126,1.0,1.0,
ftw-slovenia-015,fields-of-the-world,slovenia,4.6132,2023-02-16,S2A_33TWM_20230216_0_L2A,110,45.028239,0.0,0.0,
ftw-slovenia-015,fields-of-the-world,slovenia,4.6132,2023-04-02,S2B_33TWM_20230402_0_L2A,110,81.548065,1.0,1.0,
ftw-slovenia-015,fields-of-the-world,slovenia,4.6132,2023-05-17,S2A_33TWM_20230517_0_L2A,110,99.999982,1.0,1.0,
ftw-slovenia-015,fields-of-the-world,slovenia,4.6132,2023-07-01,S2B_33TWM_20230701_0_L2A,110,99.632317,1.0,1.0,
ftw-slovenia-015,fields-of-the-world,slovenia,4.6132,2023-08-18,S2A_33TWM_20230818_0_L2A,110,43.856794,1.0,1.0,
ftw-slovenia-015,fields-of-the-world,slovenia,4.6132,2023-10-02,S2B_33TWM_20231002_0_L2A,110,0.002804,0.0,0.0,
ftw-slovenia-015,fields-of-the-world,slovenia,4.6132,2023-11-18,S2B_33TWM_20231118_0_L2A,110,16.736144,0.9,0.9,
ftw-slovenia-015,fields-of-the-world,slovenia,4.6132,2024-01-05,S2A_33TWM_20240105_0_L2A,110,98.262042,1.0,1.0,
ftw-slovenia-015,fields-of-the-world,slovenia,4.6132,2024-02-19,S2B_33TWM_20240219_0_L2A,110,100,1.0,1.0,
ftw-slovenia-015,fields-of-the-world,slovenia,4.6132,2024-04-04,S2A_33TWM_20240404_0_L2A,110,42.811596,0.0,0.0,
ftw-slovenia-015,fields-of-the-world,slovenia,4.6132,2024-05-19,S2B_33TWM_20240519_0_L2A,110,24.433181,0.0,0.0,
ftw-slovenia-015,fields-of-the-world,slovenia,4.6132,2024-07-03,S2A_33TWM_20240703_0_L2A,110,84.505332,1.0,1.0,
ftw-slovenia-015,fields-of-the-world,slovenia,4.6132,2024-08-19,S2A_33TWM_20240819_0_L2A,110,97.771031,1.0,1.0,
ftw-slovenia-015,fields-of-the-world,slovenia,4.6132,2024-10-03,S2B_33TWM_20241003_0_L2A,110,100,1.0,1.0,
ftw-slovenia-015,fields-of-the-world,slovenia,4.6132,2024-11-20,S2A_33TWM_20241120_0_L2A,110,99.537277,1.0,1.0,
ftw-slovenia-016,fields-of-the-world,slovenia,4.7432,2023-01-02,S2B_33TWM_20230102_0_L2A,121,92.658126,1.0,1.0,
ftw-slovenia-016,fields-of-the-world,slovenia,4.7432,2023-02-16,S2A_33TWM_20230216_0_L2A,121,45.028239,0.0,0.0,
ftw-slovenia-016,fields-of-the-world,slovenia,4.7432,2023-04-02,S2B_33TWM_20230402_0_L2A,121,81.548065,1.0,1.0,
ftw-slovenia-016,fields-of-the-world,slovenia,4.7432,2023-05-17,S2A_33TWM_20230517_0_L2A,121,99.999982,1.0,1.0,
ftw-slovenia-016,fields-of-the-world,slovenia,4.7432,2023-07-01,S2B_33TWM_20230701_0_L2A,121,99.632317,1.0,1.0,
ftw-slovenia-016,fields-of-the-world,slovenia,4.7432,2023-08-18,S2A_33TWM_20230818_0_L2A,121,43.856794,1.0,1.0,
ftw-slovenia-016,fields-of-the-world,slovenia,4.7432,2023-10-02,S2B_33TWM_20231002_0_L2A,121,0.002804,0.0,0.0,
ftw-slovenia-016,fields-of-the-world,slovenia,4.7432,2023-11-18,S2B_33TWM_20231118_0_L2A,121,16.736144,0.2892561983471074,0.2892561983471074,
ftw-slovenia-016,fields-of-the-world,slovenia,4.7432,2024-01-05,S2A_33TWM_20240105_0_L2A,121,98.262042,1.0,1.0,
ftw-slovenia-016,fields-of-the-world,slovenia,4.7432,2024-02-19,S2B_33TWM_20240219_0_L2A,121,100,1.0,1.0,
ftw-slovenia-016,fields-of-the-world,slovenia,4.7432,2024-04-04,S2A_33TWM_20240404_0_L2A,121,42.811596,0.0,0.0,
ftw-slovenia-016,fields-of-the-world,slovenia,4.7432,2024-05-19,S2B_33TWM_20240519_0_L2A,121,24.433181,0.0,0.0,
ftw-slovenia-016,fields-of-the-world,slovenia,4.7432,2024-07-03,S2A_33TWM_20240703_0_L2A,121,84.505332,1.0,1.0,
ftw-slovenia-016,fields-of-the-world,slovenia,4.7432,2024-08-19,S2A_33TWM_20240819_0_L2A,121,97.771031,1.0,1.0,
ftw-slovenia-016,fields-of-the-world,slovenia,4.7432,2024-10-03,S2B_33TWM_20241003_0_L2A,121,100,1.0,1.0,
ftw-slovenia-016,fields-of-the-world,slovenia,4.7432,2024-11-20,S2A_33TWM_20241120_0_L2A,121,99.537277,1.0,1.0,
ftw-slovenia-017,fields-of-the-world,slovenia,5.6652,2023-01-02,S2B_33TWM_20230102_0_L2A,142,92.658126,1.0,1.0,
ftw-slovenia-017,fields-of-the-world,slovenia,5.6652,2023-02-16,S2A_33TWM_20230216_0_L2A,142,45.028239,0.0,0.0,
ftw-slovenia-017,fields-of-the-world,slovenia,5.6652,2023-04-02,S2B_33TWM_20230402_0_L2A,142,81.548065,1.0,1.0,
ftw-slovenia-017,fields-of-the-world,slovenia,5.6652,2023-05-17,S2A_33TWM_20230517_0_L2A,142,99.999982,1.0,1.0,
ftw-slovenia-017,fields-of-the-world,slovenia,5.6652,2023-07-01,S2B_33TWM_20230701_0_L2A,142,99.632317,1.0,1.0,
ftw-slovenia-017,fields-of-the-world,slovenia,5.6652,2023-08-18,S2A_33TWM_20230818_0_L2A,142,43.856794,1.0,1.0,
ftw-slovenia-017,fields-of-the-world,slovenia,5.6652,2023-10-02,S2B_33TWM_20231002_0_L2A,142,0.002804,0.0,0.0,
ftw-slovenia-017,fields-of-the-world,slovenia,5.6652,2023-11-18,S2B_33TWM_20231118_0_L2A,142,16.736144,0.7112676056338029,0.7112676056338029,
ftw-slovenia-017,fields-of-the-world,slovenia,5.6652,2024-01-05,S2A_33TWM_20240105_0_L2A,142,98.262042,1.0,1.0,
ftw-slovenia-017,fields-of-the-world,slovenia,5.6652,2024-02-19,S2B_33TWM_20240219_0_L2A,142,100,1.0,1.0,
ftw-slovenia-017,fields-of-the-world,slovenia,5.6652,2024-04-04,S2A_33TWM_20240404_0_L2A,142,42.811596,0.0,0.0,
ftw-slovenia-017,fields-of-the-world,slovenia,5.6652,2024-05-19,S2B_33TWM_20240519_0_L2A,142,24.433181,0.0,0.0,
ftw-slovenia-017,fields-of-the-world,slovenia,5.6652,2024-07-03,S2A_33TWM_20240703_0_L2A,142,84.505332,1.0,1.0,
ftw-slovenia-017,fields-of-the-world,slovenia,5.6652,2024-08-19,S2A_33TWM_20240819_0_L2A,142,97.771031,1.0,1.0,
ftw-slovenia-017,fields-of-the-world,slovenia,5.6652,2024-10-03,S2B_33TWM_20241003_0_L2A,142,100,1.0,1.0,
ftw-slovenia-017,fields-of-the-world,slovenia,5.6652,2024-11-20,S2A_33TWM_20241120_0_L2A,142,99.537277,1.0,1.0,
ftw-spain-000,fields-of-the-world,spain,0.201,2023-01-03,S2B_30TWN_20230103_0_L2A,3,8.276797,0.0,0.0,
ftw-spain-000,fields-of-the-world,spain,0.201,2023-02-17,S2A_30TWN_20230217_0_L2A,3,7.154439,0.0,0.0,
ftw-spain-000,fields-of-the-world,spain,0.201,2023-04-03,S2B_30TWN_20230403_0_L2A,3,79.543149,1.0,1.0,
ftw-spain-000,fields-of-the-world,spain,0.201,2023-05-23,S2B_30TWN_20230523_0_L2A,3,81.464857,1.0,1.0,
ftw-spain-000,fields-of-the-world,spain,0.201,2023-07-07,S2A_30TWN_20230707_0_L2A,3,51.678646,0.0,0.0,
ftw-spain-000,fields-of-the-world,spain,0.201,2023-08-26,S2A_30TWN_20230826_0_L2A,3,79.435879,1.0,1.0,
ftw-spain-000,fields-of-the-world,spain,0.201,2023-10-10,S2B_30TWN_20231010_0_L2A,3,0.000597,0.0,0.0,
ftw-spain-000,fields-of-the-world,spain,0.201,2023-11-29,S2B_30TWN_20231129_0_L2A,3,99.269646,1.0,1.0,
ftw-spain-000,fields-of-the-world,spain,0.201,2024-01-13,S2A_30TWN_20240113_0_L2A,3,81.759161,1.0,1.0,
ftw-spain-000,fields-of-the-world,spain,0.201,2024-02-27,S2B_30TWN_20240227_0_L2A,3,82.347769,1.0,1.0,
ftw-spain-000,fields-of-the-world,spain,0.201,2024-04-17,S2B_30TWN_20240417_0_L2A,3,91.03595,1.0,1.0,
ftw-spain-000,fields-of-the-world,spain,0.201,2024-06-01,S2A_30TWN_20240601_0_L2A,3,79.271573,1.0,1.0,
ftw-spain-000,fields-of-the-world,spain,0.201,2024-07-21,S2A_30TWN_20240721_0_L2A,3,78.033394,0.0,0.0,
ftw-spain-000,fields-of-the-world,spain,0.201,2024-09-04,S2B_30TWN_20240904_0_L2A,3,100,1.0,1.0,
ftw-spain-000,fields-of-the-world,spain,0.201,2024-10-24,S2B_30TWN_20241024_0_L2A,3,21.661809,0.0,0.0,
ftw-spain-000,fields-of-the-world,spain,0.201,2024-11-28,S2A_30TWN_20241128_0_L2A,3,0.134946,0.0,0.0,
ftw-spain-001,fields-of-the-world,spain,0.2934,2023-01-03,S2B_30TWN_20230103_0_L2A,7,8.276797,0.0,0.0,
ftw-spain-001,fields-of-the-world,spain,0.2934,2023-02-17,S2A_30TWN_20230217_0_L2A,7,7.154439,0.0,0.0,
ftw-spain-001,fields-of-the-world,spain,0.2934,2023-04-03,S2B_30TWN_20230403_0_L2A,7,79.543149,1.0,1.0,
ftw-spain-001,fields-of-the-world,spain,0.2934,2023-05-23,S2B_30TWN_20230523_0_L2A,7,81.464857,0.0,0.0,
ftw-spain-001,fields-of-the-world,spain,0.2934,2023-07-07,S2A_30TWN_20230707_0_L2A,7,51.678646,0.0,0.0,
ftw-spain-001,fields-of-the-world,spain,0.2934,2023-08-26,S2A_30TWN_20230826_0_L2A,7,79.435879,1.0,1.0,
ftw-spain-001,fields-of-the-world,spain,0.2934,2023-10-10,S2B_30TWN_20231010_0_L2A,7,0.000597,0.0,0.0,
ftw-spain-001,fields-of-the-world,spain,0.2934,2023-11-29,S2B_30TWN_20231129_0_L2A,7,99.269646,1.0,1.0,
ftw-spain-001,fields-of-the-world,spain,0.2934,2024-01-13,S2A_30TWN_20240113_0_L2A,7,81.759161,1.0,1.0,
ftw-spain-001,fields-of-the-world,spain,0.2934,2024-02-27,S2B_30TWN_20240227_0_L2A,7,82.347769,0.14285714285714285,0.14285714285714285,
ftw-spain-001,fields-of-the-world,spain,0.2934,2024-04-17,S2B_30TWN_20240417_0_L2A,7,91.03595,0.0,0.0,
ftw-spain-001,fields-of-the-world,spain,0.2934,2024-06-01,S2A_30TWN_20240601_0_L2A,7,79.271573,1.0,1.0,
ftw-spain-001,fields-of-the-world,spain,0.2934,2024-07-21,S2A_30TWN_20240721_0_L2A,7,78.033394,1.0,1.0,
ftw-spain-001,fields-of-the-world,spain,0.2934,2024-09-04,S2B_30TWN_20240904_0_L2A,7,100,1.0,1.0,
ftw-spain-001,fields-of-the-world,spain,0.2934,2024-10-24,S2B_30TWN_20241024_0_L2A,7,21.661809,0.14285714285714285,0.14285714285714285,
ftw-spain-001,fields-of-the-world,spain,0.2934,2024-11-28,S2A_30TWN_20241128_0_L2A,7,0.134946,0.0,0.0,
ftw-spain-002,fields-of-the-world,spain,0.3943,2023-01-03,S2B_30TXM_20230103_0_L2A,6,1.310264,0.0,0.0,
ftw-spain-002,fields-of-the-world,spain,0.3943,2023-02-17,S2A_30TXM_20230217_0_L2A,6,9.258546,0.0,0.0,
ftw-spain-002,fields-of-the-world,spain,0.3943,2023-04-03,S2B_30TWM_20230403_0_L2A,6,4.6424,0.0,0.0,
ftw-spain-002,fields-of-the-world,spain,0.3943,2023-05-23,S2B_30TXM_20230523_0_L2A,6,80.065793,0.6666666666666666,0.6666666666666666,
ftw-spain-002,fields-of-the-world,spain,0.3943,2023-07-07,S2A_30TWM_20230707_0_L2A,6,32.088414,1.0,1.0,
ftw-spain-002,fields-of-the-world,spain,0.3943,2023-08-26,S2A_30TXM_20230826_0_L2A,6,95.348424,1.0,1.0,
ftw-spain-002,fields-of-the-world,spain,0.3943,2023-10-10,S2B_30TWM_20231010_0_L2A,6,0.000591,0.0,0.0,
ftw-spain-002,fields-of-the-world,spain,0.3943,2023-11-29,S2B_30TXM_20231129_0_L2A,6,74.406773,1.0,1.0,
ftw-spain-002,fields-of-the-world,spain,0.3943,2024-01-13,S2A_30TWM_20240113_0_L2A,6,84.819424,1.0,1.0,
ftw-spain-002,fields-of-the-world,spain,0.3943,2024-02-27,S2B_30TWM_20240227_0_L2A,6,53.039783,1.0,1.0,
ftw-spain-002,fields-of-the-world,spain,0.3943,2024-04-17,S2B_30TXM_20240417_0_L2A,6,23.908044,0.0,0.0,
ftw-spain-002,fields-of-the-world,spain,0.3943,2024-06-01,S2A_30TWM_20240601_0_L2A,6,46.655595,0.0,0.0,
ftw-spain-002,fields-of-the-world,spain,0.3943,2024-07-21,S2A_30TXM_20240721_0_L2A,6,6.928839,0.0,0.0,
ftw-spain-002,fields-of-the-world,spain,0.3943,2024-09-04,S2B_30TWM_20240904_0_L2A,6,98.546171,1.0,1.0,
ftw-spain-002,fields-of-the-world,spain,0.3943,2024-10-24,S2B_30TXM_20241024_0_L2A,6,14.403768,0.0,0.0,
ftw-spain-002,fields-of-the-world,spain,0.3943,2024-11-28,S2A_30TWM_20241128_0_L2A,6,0.570207,0.0,0.0,
ftw-spain-003,fields-of-the-world,spain,0.5038,2023-01-03,S2B_30TXM_20230103_0_L2A,13,1.310264,0.0,0.0,
ftw-spain-003,fields-of-the-world,spain,0.5038,2023-02-17,S2A_30TXM_20230217_0_L2A,13,9.258546,0.0,0.0,
ftw-spain-003,fields-of-the-world,spain,0.5038,2023-04-03,S2B_30TWM_20230403_0_L2A,13,4.6424,0.0,0.0,
ftw-spain-003,fields-of-the-world,spain,0.5038,2023-05-23,S2B_30TXM_20230523_0_L2A,13,80.065793,1.0,1.0,
ftw-spain-003,fields-of-the-world,spain,0.5038,2023-07-07,S2A_30TWM_20230707_0_L2A,13,32.088414,1.0,1.0,
ftw-spain-003,fields-of-the-world,spain,0.5038,2023-08-26,S2A_30TXM_20230826_0_L2A,13,95.348424,1.0,1.0,
ftw-spain-003,fields-of-the-world,spain,0.5038,2023-10-10,S2B_30TWM_20231010_0_L2A,13,0.000591,0.0,0.0,
ftw-spain-003,fields-of-the-world,spain,0.5038,2023-11-29,S2B_30TXM_20231129_0_L2A,13,74.406773,1.0,1.0,
ftw-spain-003,fields-of-the-world,spain,0.5038,2024-01-13,S2A_30TWM_20240113_0_L2A,13,84.819424,1.0,1.0,
ftw-spain-003,fields-of-the-world,spain,0.5038,2024-02-27,S2B_30TWM_20240227_0_L2A,13,53.039783,1.0,1.0,
ftw-spain-003,fields-of-the-world,spain,0.5038,2024-04-17,S2B_30TXM_20240417_0_L2A,13,23.908044,0.0,0.0,
ftw-spain-003,fields-of-the-world,spain,0.5038,2024-06-01,S2A_30TWM_20240601_0_L2A,13,46.655595,0.0,0.0,
ftw-spain-003,fields-of-the-world,spain,0.5038,2024-07-21,S2A_30TXM_20240721_0_L2A,13,6.928839,0.0,0.0,
ftw-spain-003,fields-of-the-world,spain,0.5038,2024-09-04,S2B_30TWM_20240904_0_L2A,13,98.546171,1.0,1.0,
ftw-spain-003,fields-of-the-world,spain,0.5038,2024-10-24,S2B_30TXM_20241024_0_L2A,13,14.403768,0.15384615384615385,0.15384615384615385,
ftw-spain-003,fields-of-the-world,spain,0.5038,2024-11-28,S2A_30TWM_20241128_0_L2A,13,0.570207,0.0,0.0,
ftw-spain-004,fields-of-the-world,spain,0.6237,2023-01-03,S2B_30TWN_20230103_0_L2A,14,8.276797,0.0,0.0,
ftw-spain-004,fields-of-the-world,spain,0.6237,2023-02-17,S2A_30TWN_20230217_0_L2A,14,7.154439,0.0,0.0,
ftw-spain-004,fields-of-the-world,spain,0.6237,2023-04-03,S2B_30TWN_20230403_0_L2A,14,79.543149,1.0,1.0,
ftw-spain-004,fields-of-the-world,spain,0.6237,2023-05-23,S2B_30TWN_20230523_0_L2A,14,81.464857,0.0,0.0,
ftw-spain-004,fields-of-the-world,spain,0.6237,2023-07-07,S2A_30TWN_20230707_0_L2A,14,51.678646,0.0,0.0,
ftw-spain-004,fields-of-the-world,spain,0.6237,2023-08-26,S2A_30TWN_20230826_0_L2A,14,79.435879,1.0,1.0,
ftw-spain-004,fields-of-the-world,spain,0.6237,2023-10-10,S2B_30TWN_20231010_0_L2A,14,0.000597,0.0,0.0,
ftw-spain-004,fields-of-the-world,spain,0.6237,2023-11-29,S2B_30TWN_20231129_0_L2A,14,99.269646,1.0,1.0,
ftw-spain-004,fields-of-the-world,spain,0.6237,2024-01-13,S2A_30TWN_20240113_0_L2A,14,81.759161,1.0,1.0,
ftw-spain-004,fields-of-the-world,spain,0.6237,2024-02-27,S2B_30TWN_20240227_0_L2A,14,82.347769,0.21428571428571427,0.21428571428571427,
ftw-spain-004,fields-of-the-world,spain,0.6237,2024-04-17,S2B_30TWN_20240417_0_L2A,14,91.03595,0.0,0.0,
ftw-spain-004,fields-of-the-world,spain,0.6237,2024-06-01,S2A_30TWN_20240601_0_L2A,14,79.271573,1.0,1.0,
ftw-spain-004,fields-of-the-world,spain,0.6237,2024-07-21,S2A_30TWN_20240721_0_L2A,14,78.033394,1.0,1.0,
ftw-spain-004,fields-of-the-world,spain,0.6237,2024-09-04,S2B_30TWN_20240904_0_L2A,14,100,1.0,1.0,
ftw-spain-004,fields-of-the-world,spain,0.6237,2024-10-24,S2B_30TWN_20241024_0_L2A,14,21.661809,0.0,0.0,
ftw-spain-004,fields-of-the-world,spain,0.6237,2024-11-28,S2A_30TWN_20241128_0_L2A,14,0.134946,0.0,0.0,
ftw-spain-005,fields-of-the-world,spain,0.7665,2023-01-03,S2B_30TWN_20230103_0_L2A,18,8.276797,0.0,0.0,
ftw-spain-005,fields-of-the-world,spain,0.7665,2023-02-17,S2A_30TWN_20230217_0_L2A,18,7.154439,0.0,0.0,
ftw-spain-005,fields-of-the-world,spain,0.7665,2023-04-03,S2B_30TWN_20230403_0_L2A,18,79.543149,1.0,1.0,
ftw-spain-005,fields-of-the-world,spain,0.7665,2023-05-23,S2B_30TWN_20230523_0_L2A,18,81.464857,1.0,1.0,
ftw-spain-005,fields-of-the-world,spain,0.7665,2023-07-07,S2A_30TWN_20230707_0_L2A,18,51.678646,0.0,0.0,
ftw-spain-005,fields-of-the-world,spain,0.7665,2023-08-26,S2A_30TWN_20230826_0_L2A,18,79.435879,0.0,0.0,
ftw-spain-005,fields-of-the-world,spain,0.7665,2023-10-10,S2B_30TWN_20231010_0_L2A,18,0.000597,0.0,0.0,
ftw-spain-005,fields-of-the-world,spain,0.7665,2023-11-29,S2B_30TWN_20231129_0_L2A,18,99.269646,1.0,1.0,
ftw-spain-005,fields-of-the-world,spain,0.7665,2024-01-13,S2A_30TWN_20240113_0_L2A,18,81.759161,1.0,1.0,
ftw-spain-005,fields-of-the-world,spain,0.7665,2024-02-27,S2B_30TWN_20240227_0_L2A,18,82.347769,0.0,0.0,
ftw-spain-005,fields-of-the-world,spain,0.7665,2024-04-17,S2B_30TWN_20240417_0_L2A,18,91.03595,0.0,0.0,
ftw-spain-005,fields-of-the-world,spain,0.7665,2024-06-01,S2A_30TWN_20240601_0_L2A,18,79.271573,1.0,1.0,
ftw-spain-005,fields-of-the-world,spain,0.7665,2024-07-21,S2A_30TWN_20240721_0_L2A,18,78.033394,1.0,1.0,
ftw-spain-005,fields-of-the-world,spain,0.7665,2024-09-04,S2B_30TWN_20240904_0_L2A,18,100,1.0,1.0,
ftw-spain-005,fields-of-the-world,spain,0.7665,2024-10-24,S2B_30TWN_20241024_0_L2A,18,21.661809,0.0,0.0,
ftw-spain-005,fields-of-the-world,spain,0.7665,2024-11-28,S2A_30TWN_20241128_0_L2A,18,0.134946,0.0,0.0,
ftw-spain-006,fields-of-the-world,spain,1.0129,2023-01-03,S2B_30TXM_20230103_0_L2A,24,1.310264,0.0,0.0,
ftw-spain-006,fields-of-the-world,spain,1.0129,2023-02-17,S2A_30TXM_20230217_0_L2A,24,9.258546,0.0,0.0,
ftw-spain-006,fields-of-the-world,spain,1.0129,2023-04-03,S2B_30TWM_20230403_0_L2A,24,4.6424,0.0,0.0,
ftw-spain-006,fields-of-the-world,spain,1.0129,2023-05-23,S2B_30TXM_20230523_0_L2A,24,80.065793,1.0,1.0,
ftw-spain-006,fields-of-the-world,spain,1.0129,2023-07-07,S2A_30TWM_20230707_0_L2A,24,32.088414,1.0,1.0,
ftw-spain-006,fields-of-the-world,spain,1.0129,2023-08-26,S2A_30TXM_20230826_0_L2A,24,95.348424,1.0,1.0,
ftw-spain-006,fields-of-the-world,spain,1.0129,2023-10-10,S2B_30TWM_20231010_0_L2A,24,0.000591,0.0,0.0,
ftw-spain-006,fields-of-the-world,spain,1.0129,2023-11-29,S2B_30TXM_20231129_0_L2A,24,74.406773,1.0,1.0,
ftw-spain-006,fields-of-the-world,spain,1.0129,2024-01-13,S2A_30TWM_20240113_0_L2A,24,84.819424,1.0,1.0,
ftw-spain-006,fields-of-the-world,spain,1.0129,2024-02-27,S2B_30TWM_20240227_0_L2A,24,53.039783,1.0,1.0,
ftw-spain-006,fields-of-the-world,spain,1.0129,2024-04-17,S2B_30TXM_20240417_0_L2A,24,23.908044,0.5,0.5,
ftw-spain-006,fields-of-the-world,spain,1.0129,2024-06-01,S2A_30TWM_20240601_0_L2A,24,46.655595,0.0,0.0,
ftw-spain-006,fields-of-the-world,spain,1.0129,2024-07-21,S2A_30TXM_20240721_0_L2A,24,6.928839,0.0,0.0,
ftw-spain-006,fields-of-the-world,spain,1.0129,2024-09-04,S2B_30TWM_20240904_0_L2A,24,98.546171,1.0,1.0,
ftw-spain-006,fields-of-the-world,spain,1.0129,2024-10-24,S2B_30TXM_20241024_0_L2A,24,14.403768,1.0,1.0,
ftw-spain-006,fields-of-the-world,spain,1.0129,2024-11-28,S2A_30TWM_20241128_0_L2A,24,0.570207,0.0,0.0,
ftw-spain-007,fields-of-the-world,spain,1.1692,2023-01-03,S2B_30TWN_20230103_0_L2A,30,8.276797,0.0,0.0,
ftw-spain-007,fields-of-the-world,spain,1.1692,2023-02-17,S2A_30TWN_20230217_0_L2A,30,7.154439,0.0,0.0,
ftw-spain-007,fields-of-the-world,spain,1.1692,2023-04-03,S2B_30TWN_20230403_0_L2A,30,79.543149,0.9333333333333333,0.9333333333333333,
ftw-spain-007,fields-of-the-world,spain,1.1692,2023-05-23,S2B_30TWN_20230523_0_L2A,30,81.464857,1.0,1.0,
ftw-spain-007,fields-of-the-world,spain,1.1692,2023-07-07,S2A_30TWN_20230707_0_L2A,30,51.678646,0.0,0.0,
ftw-spain-007,fields-of-the-world,spain,1.1692,2023-08-26,S2A_30TWN_20230826_0_L2A,30,79.435879,1.0,1.0,
ftw-spain-007,fields-of-the-world,spain,1.1692,2023-10-10,S2B_30TWN_20231010_0_L2A,30,0.000597,0.0,0.0,
ftw-spain-007,fields-of-the-world,spain,1.1692,2023-11-29,S2B_30TWN_20231129_0_L2A,30,99.269646,1.0,1.0,
ftw-spain-007,fields-of-the-world,spain,1.1692,2024-01-13,S2A_30TWN_20240113_0_L2A,30,81.759161,1.0,1.0,
ftw-spain-007,fields-of-the-world,spain,1.1692,2024-02-27,S2B_30TWN_20240227_0_L2A,30,82.347769,1.0,1.0,
ftw-spain-007,fields-of-the-world,spain,1.1692,2024-04-17,S2B_30TWN_20240417_0_L2A,30,91.03595,1.0,1.0,
ftw-spain-007,fields-of-the-world,spain,1.1692,2024-06-01,S2A_30TWN_20240601_0_L2A,30,79.271573,1.0,1.0,
ftw-spain-007,fields-of-the-world,spain,1.1692,2024-07-21,S2A_30TWN_20240721_0_L2A,30,78.033394,0.0,0.0,
ftw-spain-007,fields-of-the-world,spain,1.1692,2024-09-04,S2B_30TWN_20240904_0_L2A,30,100,1.0,1.0,
ftw-spain-007,fields-of-the-world,spain,1.1692,2024-10-24,S2B_30TWN_20241024_0_L2A,30,21.661809,0.0,0.0,
ftw-spain-007,fields-of-the-world,spain,1.1692,2024-11-28,S2A_30TWN_20241128_0_L2A,30,0.134946,0.0,0.0,
ftw-spain-008,fields-of-the-world,spain,1.4874,2023-01-03,S2B_30TXM_20230103_0_L2A,33,1.310264,0.0,0.0,
ftw-spain-008,fields-of-the-world,spain,1.4874,2023-02-17,S2A_30TXM_20230217_0_L2A,33,9.258546,0.0,0.0,
ftw-spain-008,fields-of-the-world,spain,1.4874,2023-04-03,S2B_30TWM_20230403_0_L2A,33,4.6424,0.0,0.0,
ftw-spain-008,fields-of-the-world,spain,1.4874,2023-05-23,S2B_30TXM_20230523_0_L2A,33,80.065793,1.0,1.0,
ftw-spain-008,fields-of-the-world,spain,1.4874,2023-07-07,S2A_30TWM_20230707_0_L2A,33,32.088414,1.0,1.0,
ftw-spain-008,fields-of-the-world,spain,1.4874,2023-08-26,S2A_30TXM_20230826_0_L2A,33,95.348424,1.0,1.0,
ftw-spain-008,fields-of-the-world,spain,1.4874,2023-10-10,S2B_30TWM_20231010_0_L2A,33,0.000591,0.0,0.0,
ftw-spain-008,fields-of-the-world,spain,1.4874,2023-11-29,S2B_30TXM_20231129_0_L2A,33,74.406773,1.0,1.0,
ftw-spain-008,fields-of-the-world,spain,1.4874,2024-01-13,S2A_30TWM_20240113_0_L2A,33,84.819424,1.0,1.0,
ftw-spain-008,fields-of-the-world,spain,1.4874,2024-02-27,S2B_30TWM_20240227_0_L2A,33,53.039783,1.0,1.0,
ftw-spain-008,fields-of-the-world,spain,1.4874,2024-04-17,S2B_30TXM_20240417_0_L2A,33,23.908044,0.0,0.0,
ftw-spain-008,fields-of-the-world,spain,1.4874,2024-06-01,S2A_30TWM_20240601_0_L2A,33,46.655595,0.0,0.0,
ftw-spain-008,fields-of-the-world,spain,1.4874,2024-07-21,S2A_30TXM_20240721_0_L2A,33,6.928839,0.0,0.0,
ftw-spain-008,fields-of-the-world,spain,1.4874,2024-09-04,S2B_30TWM_20240904_0_L2A,33,98.546171,1.0,1.0,
ftw-spain-008,fields-of-the-world,spain,1.4874,2024-10-24,S2B_30TXM_20241024_0_L2A,33,14.403768,1.0,1.0,
ftw-spain-008,fields-of-the-world,spain,1.4874,2024-11-28,S2A_30TWM_20241128_0_L2A,33,0.570207,0.0,0.0,
ftw-spain-009,fields-of-the-world,spain,2.0376,2023-01-03,S2B_30TWM_20230103_0_L2A,52,4.636936,0.0,0.0,
ftw-spain-009,fields-of-the-world,spain,2.0376,2023-02-17,S2A_30TWM_20230217_0_L2A,52,4.272663,1.0,1.0,
ftw-spain-009,fields-of-the-world,spain,2.0376,2023-04-03,S2B_30TWM_20230403_0_L2A,52,4.6424,1.0,1.0,
ftw-spain-009,fields-of-the-world,spain,2.0376,2023-05-23,S2B_30TWM_20230523_0_L2A,52,68.489277,0.17307692307692307,0.17307692307692307,
ftw-spain-009,fields-of-the-world,spain,2.0376,2023-07-07,S2A_30TWM_20230707_0_L2A,52,32.088414,1.0,1.0,
ftw-spain-009,fields-of-the-world,spain,2.0376,2023-08-26,S2A_30TWM_20230826_0_L2A,52,65.408301,0.0,0.0,
ftw-spain-009,fields-of-the-world,spain,2.0376,2023-10-10,S2B_30TWM_20231010_0_L2A,52,0.000591,0.0,0.0,
ftw-spain-009,fields-of-the-world,spain,2.0376,2023-11-29,S2B_30TWM_20231129_0_L2A,52,90.785366,0.0,0.0,
ftw-spain-009,fields-of-the-world,spain,2.0376,2024-01-13,S2A_30TWM_20240113_0_L2A,52,84.819424,1.0,1.0,
ftw-spain-009,fields-of-the-world,spain,2.0376,2024-02-27,S2B_30TWM_20240227_0_L2A,52,53.039783,0.0,0.0,
ftw-spain-009,fields-of-the-world,spain,2.0376,2024-04-17,S2B_30TWM_20240417_0_L2A,52,40.572864,1.0,1.0,
ftw-spain-009,fields-of-the-world,spain,2.0376,2024-06-01,S2A_30TWM_20240601_0_L2A,52,46.655595,0.0,0.0,
ftw-spain-009,fields-of-the-world,spain,2.0376,2024-07-21,S2A_30TWM_20240721_0_L2A,52,5.552812,0.0,0.0,
ftw-spain-009,fields-of-the-world,spain,2.0376,2024-09-04,S2B_30TWM_20240904_0_L2A,52,98.546171,1.0,1.0,
ftw-spain-009,fields-of-the-world,spain,2.0376,2024-10-24,S2B_30TWM_20241024_0_L2A,52,42.335603,0.019230769230769232,0.019230769230769232,
ftw-spain-009,fields-of-the-world,spain,2.0376,2024-11-28,S2A_30TWM_20241128_0_L2A,52,0.570207,0.0,0.0,
ftw-spain-010,fields-of-the-world,spain,2.3209,2023-01-03,S2B_30TWM_20230103_0_L2A,55,4.636936,0.0,0.0,
ftw-spain-010,fields-of-the-world,spain,2.3209,2023-02-17,S2A_30TWM_20230217_0_L2A,55,4.272663,0.6909090909090909,0.6909090909090909,
ftw-spain-010,fields-of-the-world,spain,2.3209,2023-04-03,S2B_30TWM_20230403_0_L2A,55,4.6424,1.0,1.0,
ftw-spain-010,fields-of-the-world,spain,2.3209,2023-05-23,S2B_30TWM_20230523_0_L2A,55,68.489277,0.0,0.0,
ftw-spain-010,fields-of-the-world,spain,2.3209,2023-07-07,S2A_30TWM_20230707_0_L2A,55,32.088414,1.0,1.0,
ftw-spain-010,fields-of-the-world,spain,2.3209,2023-08-26,S2A_30TWM_20230826_0_L2A,55,65.408301,0.0,0.0,
ftw-spain-010,fields-of-the-world,spain,2.3209,2023-10-10,S2B_30TWM_20231010_0_L2A,55,0.000591,0.0,0.0,
ftw-spain-010,fields-of-the-world,spain,2.3209,2023-11-29,S2B_30TWM_20231129_0_L2A,55,90.785366,0.0,0.0,
ftw-spain-010,fields-of-the-world,spain,2.3209,2024-01-13,S2A_30TWM_20240113_0_L2A,55,84.819424,1.0,1.0,
ftw-spain-010,fields-of-the-world,spain,2.3209,2024-02-27,S2B_30TWM_20240227_0_L2A,55,53.039783,0.0,0.0,
ftw-spain-010,fields-of-the-world,spain,2.3209,2024-04-17,S2B_30TWM_20240417_0_L2A,55,40.572864,1.0,1.0,
ftw-spain-010,fields-of-the-world,spain,2.3209,2024-06-01,S2A_30TWM_20240601_0_L2A,55,46.655595,0.0,0.0,
ftw-spain-010,fields-of-the-world,spain,2.3209,2024-07-21,S2A_30TWM_20240721_0_L2A,55,5.552812,0.0,0.0,
ftw-spain-010,fields-of-the-world,spain,2.3209,2024-09-04,S2B_30TWM_20240904_0_L2A,55,98.546171,1.0,1.0,
ftw-spain-010,fields-of-the-world,spain,2.3209,2024-10-24,S2B_30TWM_20241024_0_L2A,55,42.335603,0.0,0.0,
ftw-spain-010,fields-of-the-world,spain,2.3209,2024-11-28,S2A_30TWM_20241128_0_L2A,55,0.570207,0.0,0.0,
ftw-spain-011,fields-of-the-world,spain,3.0134,2023-01-03,S2B_30TWN_20230103_0_L2A,76,8.276797,0.0,0.0,
ftw-spain-011,fields-of-the-world,spain,3.0134,2023-02-17,S2A_30TWN_20230217_0_L2A,76,7.154439,0.0,0.0,
ftw-spain-011,fields-of-the-world,spain,3.0134,2023-04-03,S2B_30TWN_20230403_0_L2A,76,79.543149,0.18421052631578946,0.18421052631578946,
ftw-spain-011,fields-of-the-world,spain,3.0134,2023-05-23,S2B_30TWN_20230523_0_L2A,76,81.464857,0.0,0.0,
ftw-spain-011,fields-of-the-world,spain,3.0134,2023-07-07,S2A_30TWN_20230707_0_L2A,76,51.678646,0.881578947368421,0.881578947368421,
ftw-spain-011,fields-of-the-world,spain,3.0134,2023-08-26,S2A_30TWN_20230826_0_L2A,76,79.435879,1.0,1.0,
ftw-spain-011,fields-of-the-world,spain,3.0134,2023-10-10,S2B_30TWN_20231010_0_L2A,76,0.000597,0.0,0.0,
ftw-spain-011,fields-of-the-world,spain,3.0134,2023-11-29,S2B_30TWN_20231129_0_L2A,76,99.269646,1.0,1.0,
ftw-spain-011,fields-of-the-world,spain,3.0134,2024-01-13,S2A_30TWN_20240113_0_L2A,76,81.759161,1.0,1.0,
ftw-spain-011,fields-of-the-world,spain,3.0134,2024-02-27,S2B_30TWN_20240227_0_L2A,76,82.347769,1.0,1.0,
ftw-spain-011,fields-of-the-world,spain,3.0134,2024-04-17,S2B_30TWN_20240417_0_L2A,76,91.03595,1.0,1.0,
ftw-spain-011,fields-of-the-world,spain,3.0134,2024-06-01,S2A_30TWN_20240601_0_L2A,76,79.271573,1.0,1.0,
ftw-spain-011,fields-of-the-world,spain,3.0134,2024-07-21,S2A_30TWN_20240721_0_L2A,76,78.033394,0.0,0.0,
ftw-spain-011,fields-of-the-world,spain,3.0134,2024-09-04,S2B_30TWN_20240904_0_L2A,76,100,1.0,1.0,
ftw-spain-011,fields-of-the-world,spain,3.0134,2024-10-24,S2B_30TWN_20241024_0_L2A,76,21.661809,0.0,0.0,
ftw-spain-011,fields-of-the-world,spain,3.0134,2024-11-28,S2A_30TWN_20241128_0_L2A,76,0.134946,0.0,0.0,
ftw-spain-012,fields-of-the-world,spain,5.0139,2023-01-03,S2B_30TXM_20230103_0_L2A,121,1.310264,0.0,0.0,
ftw-spain-012,fields-of-the-world,spain,5.0139,2023-02-17,S2A_30TXM_20230217_0_L2A,121,9.258546,0.0,0.0,
ftw-spain-012,fields-of-the-world,spain,5.0139,2023-04-03,S2B_30TWM_20230403_0_L2A,121,4.6424,0.0,0.15702479338842976,
ftw-spain-012,fields-of-the-world,spain,5.0139,2023-05-23,S2B_30TXM_20230523_0_L2A,121,80.065793,1.0,1.0,
ftw-spain-012,fields-of-the-world,spain,5.0139,2023-07-07,S2A_30TWM_20230707_0_L2A,121,32.088414,1.0,1.0,
ftw-spain-012,fields-of-the-world,spain,5.0139,2023-08-26,S2A_30TXM_20230826_0_L2A,121,95.348424,1.0,1.0,
ftw-spain-012,fields-of-the-world,spain,5.0139,2023-10-10,S2B_30TWM_20231010_0_L2A,121,0.000591,0.0,0.0,
ftw-spain-012,fields-of-the-world,spain,5.0139,2023-11-29,S2B_30TXM_20231129_0_L2A,121,74.406773,1.0,1.0,
ftw-spain-012,fields-of-the-world,spain,5.0139,2024-01-13,S2A_30TWM_20240113_0_L2A,121,84.819424,1.0,1.0,
ftw-spain-012,fields-of-the-world,spain,5.0139,2024-02-27,S2B_30TWM_20240227_0_L2A,121,53.039783,1.0,1.0,
ftw-spain-012,fields-of-the-world,spain,5.0139,2024-04-17,S2B_30TXM_20240417_0_L2A,121,23.908044,0.2644628099173554,0.2644628099173554,
ftw-spain-012,fields-of-the-world,spain,5.0139,2024-06-01,S2A_30TWM_20240601_0_L2A,121,46.655595,0.0,0.0,
ftw-spain-012,fields-of-the-world,spain,5.0139,2024-07-21,S2A_30TXM_20240721_0_L2A,121,6.928839,0.0,0.0,
ftw-spain-012,fields-of-the-world,spain,5.0139,2024-09-04,S2B_30TWM_20240904_0_L2A,121,98.546171,1.0,1.0,
ftw-spain-012,fields-of-the-world,spain,5.0139,2024-10-24,S2B_30TXM_20241024_0_L2A,121,14.403768,0.0,0.0,
ftw-spain-012,fields-of-the-world,spain,5.0139,2024-11-28,S2A_30TWM_20241128_0_L2A,121,0.570207,0.0,0.0,
ftw-spain-013,fields-of-the-world,spain,5.1862,2023-01-03,S2B_30TXM_20230103_0_L2A,129,1.310264,0.0,0.0,
ftw-spain-013,fields-of-the-world,spain,5.1862,2023-02-17,S2A_30TXM_20230217_0_L2A,129,9.258546,0.0,0.0,
ftw-spain-013,fields-of-the-world,spain,5.1862,2023-04-03,S2B_30TWM_20230403_0_L2A,129,4.6424,0.023255813953488372,0.023255813953488372,
ftw-spain-013,fields-of-the-world,spain,5.1862,2023-05-23,S2B_30TXM_20230523_0_L2A,129,80.065793,0.6589147286821705,0.6589147286821705,
ftw-spain-013,fields-of-the-world,spain,5.1862,2023-07-07,S2A_30TWM_20230707_0_L2A,129,32.088414,1.0,1.0,
ftw-spain-013,fields-of-the-world,spain,5.1862,2023-08-26,S2A_30TXM_20230826_0_L2A,129,95.348424,1.0,1.0,
ftw-spain-013,fields-of-the-world,spain,5.1862,2023-10-10,S2B_30TWM_20231010_0_L2A,129,0.000591,0.0,0.0,
ftw-spain-013,fields-of-the-world,spain,5.1862,2023-11-29,S2B_30TXM_20231129_0_L2A,129,74.406773,1.0,1.0,
ftw-spain-013,fields-of-the-world,spain,5.1862,2024-01-13,S2A_30TWM_20240113_0_L2A,129,84.819424,1.0,1.0,
ftw-spain-013,fields-of-the-world,spain,5.1862,2024-02-27,S2B_30TWM_20240227_0_L2A,129,53.039783,1.0,1.0,
ftw-spain-013,fields-of-the-world,spain,5.1862,2024-04-17,S2B_30TXM_20240417_0_L2A,129,23.908044,0.06976744186046512,0.06976744186046512,
ftw-spain-013,fields-of-the-world,spain,5.1862,2024-06-01,S2A_30TWM_20240601_0_L2A,129,46.655595,0.0,0.0,
ftw-spain-013,fields-of-the-world,spain,5.1862,2024-07-21,S2A_30TXM_20240721_0_L2A,129,6.928839,0.0,0.0,
ftw-spain-013,fields-of-the-world,spain,5.1862,2024-09-04,S2B_30TWM_20240904_0_L2A,129,98.546171,1.0,1.0,
ftw-spain-013,fields-of-the-world,spain,5.1862,2024-10-24,S2B_30TXM_20241024_0_L2A,129,14.403768,0.0,0.0,
ftw-spain-013,fields-of-the-world,spain,5.1862,2024-11-28,S2A_30TWM_20241128_0_L2A,129,0.570207,0.0,0.0,
ftw-spain-014,fields-of-the-world,spain,5.7038,2023-01-03,S2B_30TXM_20230103_0_L2A,143,1.310264,0.0,0.0,
ftw-spain-014,fields-of-the-world,spain,5.7038,2023-02-17,S2A_30TXM_20230217_0_L2A,143,9.258546,1.0,1.0,
ftw-spain-014,fields-of-the-world,spain,5.7038,2023-04-03,S2B_30TXM_20230403_0_L2A,143,1.952732,0.0,0.0,
ftw-spain-014,fields-of-the-world,spain,5.7038,2023-05-23,S2B_30TXM_20230523_0_L2A,143,80.065793,0.5944055944055944,0.5944055944055944,
ftw-spain-014,fields-of-the-world,spain,5.7038,2023-07-07,S2A_30TXM_20230707_0_L2A,143,21.42648,0.8951048951048951,0.8951048951048951,
ftw-spain-014,fields-of-the-world,spain,5.7038,2023-08-26,S2A_30TXM_20230826_0_L2A,143,95.348424,1.0,1.0,
ftw-spain-014,fields-of-the-world,spain,5.7038,2023-10-10,S2B_30TXM_20231010_0_L2A,143,0.000856,0.0,0.0,
ftw-spain-014,fields-of-the-world,spain,5.7038,2023-11-29,S2B_30TXM_20231129_0_L2A,143,74.406773,0.8951048951048951,0.8951048951048951,
ftw-spain-014,fields-of-the-world,spain,5.7038,2024-01-13,S2A_30TXM_20240113_0_L2A,143,88.318604,1.0,1.0,
ftw-spain-014,fields-of-the-world,spain,5.7038,2024-02-27,S2B_30TXM_20240227_0_L2A,143,54.617995,1.0,1.0,
ftw-spain-014,fields-of-the-world,spain,5.7038,2024-04-17,S2B_30TXM_20240417_0_L2A,143,23.908044,0.34265734265734266,0.34265734265734266,
ftw-spain-014,fields-of-the-world,spain,5.7038,2024-06-01,S2A_30TXM_20240601_0_L2A,143,41.344902,0.0,0.0,
ftw-spain-014,fields-of-the-world,spain,5.7038,2024-07-21,S2A_30TXM_20240721_0_L2A,143,6.928839,0.0,0.0,
ftw-spain-014,fields-of-the-world,spain,5.7038,2024-09-04,S2B_30TXM_20240904_0_L2A,143,100,1.0,1.0,
ftw-spain-014,fields-of-the-world,spain,5.7038,2024-10-24,S2B_30TXM_20241024_0_L2A,143,14.403768,0.0,0.0,
ftw-spain-014,fields-of-the-world,spain,5.7038,2024-11-28,S2A_30TXM_20241128_0_L2A,143,11.771142,0.0,0.0,
ftw-spain-015,fields-of-the-world,spain,5.9933,2023-01-03,S2B_30TXM_20230103_0_L2A,148,1.310264,0.0,0.0,
ftw-spain-015,fields-of-the-world,spain,5.9933,2023-02-17,S2A_30TXM_20230217_0_L2A,148,9.258546,0.0,0.0,
ftw-spain-015,fields-of-the-world,spain,5.9933,2023-04-03,S2B_30TWM_20230403_0_L2A,148,4.6424,0.0,0.0,
ftw-spain-015,fields-of-the-world,spain,5.9933,2023-05-23,S2B_30TXM_20230523_0_L2A,148,80.065793,0.9459459459459459,0.9459459459459459,
ftw-spain-015,fields-of-the-world,spain,5.9933,2023-07-07,S2A_30TWM_20230707_0_L2A,148,32.088414,1.0,1.0,
ftw-spain-015,fields-of-the-world,spain,5.9933,2023-08-26,S2A_30TXM_20230826_0_L2A,148,95.348424,1.0,1.0,
ftw-spain-015,fields-of-the-world,spain,5.9933,2023-10-10,S2B_30TWM_20231010_0_L2A,148,0.000591,0.0,0.0,
ftw-spain-015,fields-of-the-world,spain,5.9933,2023-11-29,S2B_30TXM_20231129_0_L2A,148,74.406773,1.0,1.0,
ftw-spain-015,fields-of-the-world,spain,5.9933,2024-01-13,S2A_30TWM_20240113_0_L2A,148,84.819424,1.0,1.0,
ftw-spain-015,fields-of-the-world,spain,5.9933,2024-02-27,S2B_30TWM_20240227_0_L2A,148,53.039783,1.0,1.0,
ftw-spain-015,fields-of-the-world,spain,5.9933,2024-04-17,S2B_30TXM_20240417_0_L2A,148,23.908044,0.7162162162162162,0.7162162162162162,
ftw-spain-015,fields-of-the-world,spain,5.9933,2024-06-01,S2A_30TWM_20240601_0_L2A,148,46.655595,0.0,0.0,
ftw-spain-015,fields-of-the-world,spain,5.9933,2024-07-21,S2A_30TXM_20240721_0_L2A,148,6.928839,0.0,0.0,
ftw-spain-015,fields-of-the-world,spain,5.9933,2024-09-04,S2B_30TWM_20240904_0_L2A,148,98.546171,1.0,1.0,
ftw-spain-015,fields-of-the-world,spain,5.9933,2024-10-24,S2B_30TXM_20241024_0_L2A,148,14.403768,0.0,0.0,
ftw-spain-015,fields-of-the-world,spain,5.9933,2024-11-28,S2A_30TWM_20241128_0_L2A,148,0.570207,0.006756756756756757,0.006756756756756757,
ftw-spain-016,fields-of-the-world,spain,7.1036,2023-01-03,S2B_30TWN_20230103_0_L2A,179,8.276797,0.0,0.0,
ftw-spain-016,fields-of-the-world,spain,7.1036,2023-02-17,S2A_30TWN_20230217_0_L2A,179,7.154439,0.0,0.0,
ftw-spain-016,fields-of-the-world,spain,7.1036,2023-04-03,S2B_30TWN_20230403_0_L2A,179,79.543149,0.27932960893854747,0.27932960893854747,
ftw-spain-016,fields-of-the-world,spain,7.1036,2023-05-23,S2B_30TWN_20230523_0_L2A,179,81.464857,0.0,0.0,
ftw-spain-016,fields-of-the-world,spain,7.1036,2023-07-07,S2A_30TWN_20230707_0_L2A,179,51.678646,0.9888268156424581,0.9888268156424581,
ftw-spain-016,fields-of-the-world,spain,7.1036,2023-08-26,S2A_30TWN_20230826_0_L2A,179,79.435879,1.0,1.0,
ftw-spain-016,fields-of-the-world,spain,7.1036,2023-10-10,S2B_30TWN_20231010_0_L2A,179,0.000597,0.0,0.0,
ftw-spain-016,fields-of-the-world,spain,7.1036,2023-11-29,S2B_30TWN_20231129_0_L2A,179,99.269646,1.0,1.0,
ftw-spain-016,fields-of-the-world,spain,7.1036,2024-01-13,S2A_30TWN_20240113_0_L2A,179,81.759161,1.0,1.0,
ftw-spain-016,fields-of-the-world,spain,7.1036,2024-02-27,S2B_30TWN_20240227_0_L2A,179,82.347769,1.0,1.0,
ftw-spain-016,fields-of-the-world,spain,7.1036,2024-04-17,S2B_30TWN_20240417_0_L2A,179,91.03595,1.0,1.0,
ftw-spain-016,fields-of-the-world,spain,7.1036,2024-06-01,S2A_30TWN_20240601_0_L2A,179,79.271573,1.0,1.0,
ftw-spain-016,fields-of-the-world,spain,7.1036,2024-07-21,S2A_30TWN_20240721_0_L2A,179,78.033394,0.0,0.0,
ftw-spain-016,fields-of-the-world,spain,7.1036,2024-09-04,S2B_30TWN_20240904_0_L2A,179,100,1.0,1.0,
ftw-spain-016,fields-of-the-world,spain,7.1036,2024-10-24,S2B_30TWN_20241024_0_L2A,179,21.661809,0.0,0.0,
ftw-spain-016,fields-of-the-world,spain,7.1036,2024-11-28,S2A_30TWN_20241128_0_L2A,179,0.134946,0.0,0.0,
ftw-spain-017,fields-of-the-world,spain,11.1107,2023-01-03,S2B_30TWN_20230103_0_L2A,275,8.276797,0.0,0.0,
ftw-spain-017,fields-of-the-world,spain,11.1107,2023-02-17,S2A_30TWN_20230217_0_L2A,275,7.154439,0.0,0.0,
ftw-spain-017,fields-of-the-world,spain,11.1107,2023-04-03,S2B_30TWN_20230403_0_L2A,275,79.543149,1.0,1.0,
ftw-spain-017,fields-of-the-world,spain,11.1107,2023-05-23,S2B_30TWN_20230523_0_L2A,275,81.464857,0.0,0.0,
ftw-spain-017,fields-of-the-world,spain,11.1107,2023-07-07,S2A_30TWN_20230707_0_L2A,275,51.678646,1.0,1.0,
ftw-spain-017,fields-of-the-world,spain,11.1107,2023-08-26,S2A_30TWN_20230826_0_L2A,275,79.435879,0.0,0.0,
ftw-spain-017,fields-of-the-world,spain,11.1107,2023-10-10,S2B_30TWN_20231010_0_L2A,275,0.000597,0.0,0.0,
ftw-spain-017,fields-of-the-world,spain,11.1107,2023-11-29,S2B_30TWN_20231129_0_L2A,275,99.269646,1.0,1.0,
ftw-spain-017,fields-of-the-world,spain,11.1107,2024-01-13,S2A_30TWN_20240113_0_L2A,275,81.759161,1.0,1.0,
ftw-spain-017,fields-of-the-world,spain,11.1107,2024-02-27,S2B_30TWN_20240227_0_L2A,275,82.347769,0.0,0.0,
ftw-spain-017,fields-of-the-world,spain,11.1107,2024-04-17,S2B_30TWN_20240417_0_L2A,275,91.03595,0.0,0.0,
ftw-spain-017,fields-of-the-world,spain,11.1107,2024-06-01,S2A_30TWN_20240601_0_L2A,275,79.271573,0.15636363636363637,0.15636363636363637,
ftw-spain-017,fields-of-the-world,spain,11.1107,2024-07-21,S2A_30TWN_20240721_0_L2A,275,78.033394,1.0,1.0,
ftw-spain-017,fields-of-the-world,spain,11.1107,2024-09-04,S2B_30TWN_20240904_0_L2A,275,100,1.0,1.0,
ftw-spain-017,fields-of-the-world,spain,11.1107,2024-10-24,S2B_30TWN_20241024_0_L2A,275,21.661809,0.0,0.0,
ftw-spain-017,fields-of-the-world,spain,11.1107,2024-11-28,S2A_30TWN_20241128_0_L2A,275,0.134946,0.0,0.0,
ftw-sweden-000,fields-of-the-world,sweden,0.2857,2023-01-01,S2B_33VWG_20230101_0_L2A,7,24.063431,0.42857142857142855,0.42857142857142855,
ftw-sweden-000,fields-of-the-world,sweden,0.2857,2023-02-17,S2B_33VWG_20230217_0_L2A,7,100,1.0,1.0,
ftw-sweden-000,fields-of-the-world,sweden,0.2857,2023-04-03,S2A_33VWG_20230403_0_L2A,7,7.433497,0.0,0.0,
ftw-sweden-000,fields-of-the-world,sweden,0.2857,2023-05-16,S2A_33VWG_20230516_0_L2A,7,83.52229,1.0,1.0,
ftw-sweden-000,fields-of-the-world,sweden,0.2857,2023-06-28,S2A_33VWG_20230628_0_L2A,7,12.703748,0.0,0.0,
ftw-sweden-000,fields-of-the-world,sweden,0.2857,2023-08-11,S2A_33VWG_20230811_0_L2A,7,93.26303,1.0,1.0,
ftw-sweden-000,fields-of-the-world,sweden,0.2857,2023-09-23,S2A_33VWG_20230923_0_L2A,7,67.02323,1.0,1.0,
ftw-sweden-000,fields-of-the-world,sweden,0.2857,2023-11-05,S2A_33VWG_20231105_0_L2A,7,99.974006,1.0,1.0,
ftw-sweden-000,fields-of-the-world,sweden,0.2857,2024-01-09,S2B_33VWG_20240109_0_L2A,7,28.206849,0.0,0.0,
ftw-sweden-000,fields-of-the-world,sweden,0.2857,2024-02-25,S2B_33VWG_20240225_0_L2A,7,99.99184,1.0,1.0,
ftw-sweden-000,fields-of-the-world,sweden,0.2857,2024-04-08,S2B_33VWG_20240408_0_L2A,7,87.976408,1.0,1.0,
ftw-sweden-000,fields-of-the-world,sweden,0.2857,2024-05-23,S2A_33VWG_20240523_0_L2A,7,0.003078,0.0,0.0,
ftw-sweden-000,fields-of-the-world,sweden,0.2857,2024-07-06,S2A_33VWG_20240706_0_L2A,7,97.375607,1.0,1.0,
ftw-sweden-000,fields-of-the-world,sweden,0.2857,2024-08-18,S2A_33VWG_20240818_0_L2A,7,76.918054,0.0,0.0,
ftw-sweden-000,fields-of-the-world,sweden,0.2857,2024-09-30,S2A_33VWG_20240930_0_L2A,7,87.756687,1.0,1.0,
ftw-sweden-000,fields-of-the-world,sweden,0.2857,2024-11-09,S2A_33VWG_20241109_0_L2A,7,97.283602,1.0,1.0,
ftw-sweden-001,fields-of-the-world,sweden,0.4494,2023-01-01,S2B_33VWG_20230101_0_L2A,9,24.063431,0.8888888888888888,0.8888888888888888,
ftw-sweden-001,fields-of-the-world,sweden,0.4494,2023-02-17,S2B_33VWG_20230217_0_L2A,9,100,1.0,1.0,
ftw-sweden-001,fields-of-the-world,sweden,0.4494,2023-04-03,S2A_33VWG_20230403_0_L2A,9,7.433497,0.0,0.0,
ftw-sweden-001,fields-of-the-world,sweden,0.4494,2023-05-16,S2A_33VWG_20230516_0_L2A,9,83.52229,1.0,1.0,
ftw-sweden-001,fields-of-the-world,sweden,0.4494,2023-06-28,S2A_33VWG_20230628_0_L2A,9,12.703748,0.0,0.0,
ftw-sweden-001,fields-of-the-world,sweden,0.4494,2023-08-11,S2A_33VWG_20230811_0_L2A,9,93.26303,1.0,1.0,
ftw-sweden-001,fields-of-the-world,sweden,0.4494,2023-09-23,S2A_33VWG_20230923_0_L2A,9,67.02323,1.0,1.0,
ftw-sweden-001,fields-of-the-world,sweden,0.4494,2023-11-05,S2A_33VWG_20231105_0_L2A,9,99.974006,1.0,1.0,
ftw-sweden-001,fields-of-the-world,sweden,0.4494,2024-01-09,S2B_33VWG_20240109_0_L2A,9,28.206849,0.0,0.0,
ftw-sweden-001,fields-of-the-world,sweden,0.4494,2024-02-25,S2B_33VWG_20240225_0_L2A,9,99.99184,1.0,1.0,
ftw-sweden-001,fields-of-the-world,sweden,0.4494,2024-04-08,S2B_33VWG_20240408_0_L2A,9,87.976408,1.0,1.0,
ftw-sweden-001,fields-of-the-world,sweden,0.4494,2024-05-23,S2A_33VWG_20240523_0_L2A,9,0.003078,0.0,0.0,
ftw-sweden-001,fields-of-the-world,sweden,0.4494,2024-07-06,S2A_33VWG_20240706_0_L2A,9,97.375607,1.0,1.0,
ftw-sweden-001,fields-of-the-world,sweden,0.4494,2024-08-18,S2A_33VWG_20240818_0_L2A,9,76.918054,0.0,0.0,
ftw-sweden-001,fields-of-the-world,sweden,0.4494,2024-09-30,S2A_33VWG_20240930_0_L2A,9,87.756687,1.0,1.0,
ftw-sweden-001,fields-of-the-world,sweden,0.4494,2024-11-09,S2A_33VWG_20241109_0_L2A,9,97.283602,1.0,1.0,
ftw-sweden-002,fields-of-the-world,sweden,0.4895,2023-01-01,S2B_33VWG_20230101_0_L2A,12,24.063431,0.9166666666666666,0.9166666666666666,
ftw-sweden-002,fields-of-the-world,sweden,0.4895,2023-02-17,S2B_33VWG_20230217_0_L2A,12,100,1.0,1.0,
ftw-sweden-002,fields-of-the-world,sweden,0.4895,2023-04-03,S2A_33VWG_20230403_0_L2A,12,7.433497,0.08333333333333333,0.08333333333333333,
ftw-sweden-002,fields-of-the-world,sweden,0.4895,2023-05-16,S2A_33VWG_20230516_0_L2A,12,83.52229,1.0,1.0,
ftw-sweden-002,fields-of-the-world,sweden,0.4895,2023-06-28,S2A_33VWG_20230628_0_L2A,12,12.703748,0.0,0.0,
ftw-sweden-002,fields-of-the-world,sweden,0.4895,2023-08-11,S2A_33VWG_20230811_0_L2A,12,93.26303,1.0,1.0,
ftw-sweden-002,fields-of-the-world,sweden,0.4895,2023-09-23,S2A_33VWG_20230923_0_L2A,12,67.02323,1.0,1.0,
ftw-sweden-002,fields-of-the-world,sweden,0.4895,2023-11-05,S2A_33VWG_20231105_0_L2A,12,99.974006,1.0,1.0,
ftw-sweden-002,fields-of-the-world,sweden,0.4895,2024-01-09,S2B_33VWG_20240109_0_L2A,12,28.206849,0.0,0.0,
ftw-sweden-002,fields-of-the-world,sweden,0.4895,2024-02-25,S2B_33VWG_20240225_0_L2A,12,99.99184,1.0,1.0,
ftw-sweden-002,fields-of-the-world,sweden,0.4895,2024-04-08,S2B_33VWG_20240408_0_L2A,12,87.976408,1.0,1.0,
ftw-sweden-002,fields-of-the-world,sweden,0.4895,2024-05-23,S2A_33VWG_20240523_0_L2A,12,0.003078,0.0,0.0,
ftw-sweden-002,fields-of-the-world,sweden,0.4895,2024-07-06,S2A_33VWG_20240706_0_L2A,12,97.375607,1.0,1.0,
ftw-sweden-002,fields-of-the-world,sweden,0.4895,2024-08-18,S2A_33VWG_20240818_0_L2A,12,76.918054,0.0,0.0,
ftw-sweden-002,fields-of-the-world,sweden,0.4895,2024-09-30,S2A_33VWG_20240930_0_L2A,12,87.756687,1.0,1.0,
ftw-sweden-002,fields-of-the-world,sweden,0.4895,2024-11-09,S2A_33VWG_20241109_0_L2A,12,97.283602,1.0,1.0,
ftw-sweden-003,fields-of-the-world,sweden,0.6259,2023-01-01,S2B_33VWG_20230101_0_L2A,13,24.063431,0.7692307692307693,0.7692307692307693,
ftw-sweden-003,fields-of-the-world,sweden,0.6259,2023-02-17,S2B_33VWG_20230217_0_L2A,13,100,1.0,1.0,
ftw-sweden-003,fields-of-the-world,sweden,0.6259,2023-04-03,S2A_33VWG_20230403_0_L2A,13,7.433497,0.0,0.0,
ftw-sweden-003,fields-of-the-world,sweden,0.6259,2023-05-16,S2A_33VWG_20230516_0_L2A,13,83.52229,1.0,1.0,
ftw-sweden-003,fields-of-the-world,sweden,0.6259,2023-06-28,S2A_33VWG_20230628_0_L2A,13,12.703748,0.0,0.0,
ftw-sweden-003,fields-of-the-world,sweden,0.6259,2023-08-11,S2A_33VWG_20230811_0_L2A,13,93.26303,1.0,1.0,
ftw-sweden-003,fields-of-the-world,sweden,0.6259,2023-09-23,S2A_33VWG_20230923_0_L2A,13,67.02323,1.0,1.0,
ftw-sweden-003,fields-of-the-world,sweden,0.6259,2023-11-05,S2A_33VWG_20231105_0_L2A,13,99.974006,1.0,1.0,
ftw-sweden-003,fields-of-the-world,sweden,0.6259,2024-01-09,S2B_33VWG_20240109_0_L2A,13,28.206849,0.0,0.0,
ftw-sweden-003,fields-of-the-world,sweden,0.6259,2024-02-25,S2B_33VWG_20240225_0_L2A,13,99.99184,1.0,1.0,
ftw-sweden-003,fields-of-the-world,sweden,0.6259,2024-04-08,S2B_33VWG_20240408_0_L2A,13,87.976408,1.0,1.0,
ftw-sweden-003,fields-of-the-world,sweden,0.6259,2024-05-23,S2A_33VWG_20240523_0_L2A,13,0.003078,0.0,0.0,
ftw-sweden-003,fields-of-the-world,sweden,0.6259,2024-07-06,S2A_33VWG_20240706_0_L2A,13,97.375607,1.0,1.0,
ftw-sweden-003,fields-of-the-world,sweden,0.6259,2024-08-18,S2A_33VWG_20240818_0_L2A,13,76.918054,0.0,0.0,
ftw-sweden-003,fields-of-the-world,sweden,0.6259,2024-09-30,S2A_33VWG_20240930_0_L2A,13,87.756687,1.0,1.0,
ftw-sweden-003,fields-of-the-world,sweden,0.6259,2024-11-09,S2A_33VWG_20241109_0_L2A,13,97.283602,1.0,1.0,
ftw-sweden-004,fields-of-the-world,sweden,0.7922,2023-01-01,S2B_33VWG_20230101_0_L2A,20,24.063431,0.95,0.95,
ftw-sweden-004,fields-of-the-world,sweden,0.7922,2023-02-10,S2B_33VWG_20230210_0_L2A,20,41.547802,0.0,0.0,
ftw-sweden-004,fields-of-the-world,sweden,0.7922,2023-03-22,S2B_33VWG_20230322_0_L2A,20,99.866611,1.0,1.0,
ftw-sweden-004,fields-of-the-world,sweden,0.7922,2023-05-09,S2A_33VWG_20230509_0_L2A,20,47.053048,0.25,0.25,
ftw-sweden-004,fields-of-the-world,sweden,0.7922,2023-06-27,S2B_33VWG_20230627_0_L2A,20,23.6632,0.0,0.0,
ftw-sweden-004,fields-of-the-world,sweden,0.7922,2023-08-04,S2A_33VWG_20230804_0_L2A,20,97.433507,1.0,1.0,
ftw-sweden-004,fields-of-the-world,sweden,0.7922,2023-09-25,S2B_33VWG_20230925_0_L2A,20,100,1.0,1.0,
ftw-sweden-004,fields-of-the-world,sweden,0.7922,2023-11-04,S2B_33VWG_20231104_0_L2A,20,99.944133,1.0,1.0,
ftw-sweden-004,fields-of-the-world,sweden,0.7922,2024-01-13,S2B_33VWG_20240113_0_L2A,20,99.931687,1.0,1.0,
ftw-sweden-004,fields-of-the-world,sweden,0.7922,2024-02-20,S2A_33VWG_20240220_0_L2A,20,77.702016,1.0,1.0,
ftw-sweden-004,fields-of-the-world,sweden,0.7922,2024-04-05,S2B_33VWG_20240405_0_L2A,20,99.991965,1.0,1.0,
ftw-sweden-004,fields-of-the-world,sweden,0.7922,2024-05-25,S2B_33VWG_20240525_0_L2A,20,18.781759,0.0,0.0,
ftw-sweden-004,fields-of-the-world,sweden,0.7922,2024-07-11,S2B_33VWG_20240711_0_L2A,20,99.961799,1.0,1.0,
ftw-sweden-004,fields-of-the-world,sweden,0.7922,2024-08-21,S2A_33VWG_20240821_0_L2A,20,89.049196,0.0,0.0,
ftw-sweden-004,fields-of-the-world,sweden,0.7922,2024-10-04,S2A_33VWG_20241004_0_L2A,20,2.831428,0.0,0.0,
ftw-sweden-004,fields-of-the-world,sweden,0.7922,2024-11-13,S2A_33VWG_20241113_0_L2A,20,99.886912,1.0,1.0,
ftw-sweden-005,fields-of-the-world,sweden,0.8894,2023-01-01,S2B_33VXG_20230101_0_L2A,21,28.702477,0.0,0.0,
ftw-sweden-005,fields-of-the-world,sweden,0.8894,2023-02-17,S2B_33VXG_20230217_0_L2A,21,100,1.0,1.0,
ftw-sweden-005,fields-of-the-world,sweden,0.8894,2023-04-03,S2A_33VWG_20230403_0_L2A,21,7.433497,0.0,0.0,
ftw-sweden-005,fields-of-the-world,sweden,0.8894,2023-05-18,S2B_33VXG_20230518_0_L2A,21,0.047843,0.0,0.0,
ftw-sweden-005,fields-of-the-world,sweden,0.8894,2023-06-30,S2B_33VWG_20230630_0_L2A,21,99.894601,1.0,1.0,
ftw-sweden-005,fields-of-the-world,sweden,0.8894,2023-08-14,S2A_33VXG_20230814_0_L2A,21,40.835455,0.0,0.0,
ftw-sweden-005,fields-of-the-world,sweden,0.8894,2023-09-25,S2B_33VWG_20230925_0_L2A,21,100,1.0,1.0,
ftw-sweden-005,fields-of-the-world,sweden,0.8894,2023-11-09,S2A_33VXG_20231109_0_L2A,21,100,1.0,1.0,
ftw-sweden-005,fields-of-the-world,sweden,0.8894,2024-01-16,S2B_33VWG_20240116_0_L2A,21,4.000521,0.0,0.0,
ftw-sweden-005,fields-of-the-world,sweden,0.8894,2024-02-27,S2A_33VWG_20240227_0_L2A,21,100,1.0,1.0,
ftw-sweden-005,fields-of-the-world,sweden,0.8894,2024-04-12,S2B_33VXG_20240412_0_L2A,21,100,1.0,1.0,
ftw-sweden-005,fields-of-the-world,sweden,0.8894,2024-05-27,S2A_33VWG_20240527_0_L2A,21,85.787725,1.0,1.0,
ftw-sweden-005,fields-of-the-world,sweden,0.8894,2024-07-11,S2B_33VXG_20240711_0_L2A,21,99.98585,1.0,1.0,
ftw-sweden-005,fields-of-the-world,sweden,0.8894,2024-08-23,S2B_33VWG_20240823_0_L2A,21,99.986726,1.0,1.0,
ftw-sweden-005,fields-of-the-world,sweden,0.8894,2024-10-07,S2A_33VXG_20241007_0_L2A,21,61.014271,0.0,0.0,
ftw-sweden-005,fields-of-the-world,sweden,0.8894,2024-11-13,S2A_33VWG_20241113_0_L2A,21,99.886912,1.0,1.0,
ftw-sweden-006,fields-of-the-world,sweden,1.0381,2023-01-01,S2B_33VXG_20230101_0_L2A,24,28.702477,0.0,0.0,
ftw-sweden-006,fields-of-the-world,sweden,1.0381,2023-02-17,S2B_33VXG_20230217_0_L2A,24,100,1.0,1.0,
ftw-sweden-006,fields-of-the-world,sweden,1.0381,2023-04-03,S2A_33VXG_20230403_0_L2A,24,3.705698,0.0,0.0,
ftw-sweden-006,fields-of-the-world,sweden,1.0381,2023-05-18,S2B_33VXG_20230518_0_L2A,24,0.047843,0.0,0.0,
ftw-sweden-006,fields-of-the-world,sweden,1.0381,2023-06-30,S2B_33VXG_20230630_0_L2A,24,98.783338,1.0,1.0,
ftw-sweden-006,fields-of-the-world,sweden,1.0381,2023-08-14,S2A_33VXG_20230814_0_L2A,24,40.835455,0.2916666666666667,0.2916666666666667,
ftw-sweden-006,fields-of-the-world,sweden,1.0381,2023-09-25,S2B_33VXG_20230925_0_L2A,24,99.997574,1.0,1.0,
ftw-sweden-006,fields-of-the-world,sweden,1.0381,2023-11-09,S2A_33VXG_20231109_0_L2A,24,100,1.0,1.0,
ftw-sweden-006,fields-of-the-world,sweden,1.0381,2024-01-16,S2B_33VXG_20240116_0_L2A,24,1.600562,0.0,0.0,
ftw-sweden-006,fields-of-the-world,sweden,1.0381,2024-02-27,S2A_33VXG_20240227_0_L2A,24,99.949223,1.0,1.0,
ftw-sweden-006,fields-of-the-world,sweden,1.0381,2024-04-12,S2B_33VXG_20240412_0_L2A,24,100,1.0,1.0,
ftw-sweden-006,fields-of-the-world,sweden,1.0381,2024-05-27,S2A_33VXG_20240527_0_L2A,24,50.937599,1.0,1.0,
ftw-sweden-006,fields-of-the-world,sweden,1.0381,2024-07-11,S2B_33VXG_20240711_0_L2A,24,99.98585,1.0,1.0,
ftw-sweden-006,fields-of-the-world,sweden,1.0381,2024-08-23,S2B_33VXG_20240823_0_L2A,24,97.535282,1.0,1.0,
ftw-sweden-006,fields-of-the-world,sweden,1.0381,2024-10-07,S2A_33VXG_20241007_0_L2A,24,61.014271,1.0,1.0,
ftw-sweden-006,fields-of-the-world,sweden,1.0381,2024-11-13,S2A_33VXG_20241113_1_L2A,24,59.075749,1.0,1.0,
ftw-sweden-007,fields-of-the-world,sweden,1.0582,2023-01-01,S2B_33VXG_20230101_0_L2A,25,28.702477,0.0,0.0,
ftw-sweden-007,fields-of-the-world,sweden,1.0582,2023-02-17,S2B_33VXG_20230217_0_L2A,25,100,1.0,1.0,
ftw-sweden-007,fields-of-the-world,sweden,1.0582,2023-04-03,S2A_33VXG_20230403_0_L2A,25,3.705698,0.0,0.0,
ftw-sweden-007,fields-of-the-world,sweden,1.0582,2023-05-18,S2B_33VXG_20230518_0_L2A,25,0.047843,0.0,0.0,
ftw-sweden-007,fields-of-the-world,sweden,1.0582,2023-06-30,S2B_33VXG_20230630_0_L2A,25,98.783338,1.0,1.0,
ftw-sweden-007,fields-of-the-world,sweden,1.0582,2023-08-14,S2A_33VXG_20230814_0_L2A,25,40.835455,0.0,0.0,
ftw-sweden-007,fields-of-the-world,sweden,1.0582,2023-09-25,S2B_33VXG_20230925_0_L2A,25,99.997574,1.0,1.0,
ftw-sweden-007,fields-of-the-world,sweden,1.0582,2023-11-09,S2A_33VXG_20231109_0_L2A,25,100,1.0,1.0,
ftw-sweden-007,fields-of-the-world,sweden,1.0582,2024-01-16,S2B_33VXG_20240116_0_L2A,25,1.600562,0.0,0.0,
ftw-sweden-007,fields-of-the-world,sweden,1.0582,2024-02-27,S2A_33VXG_20240227_0_L2A,25,99.949223,1.0,1.0,
ftw-sweden-007,fields-of-the-world,sweden,1.0582,2024-04-12,S2B_33VXG_20240412_0_L2A,25,100,1.0,1.0,
ftw-sweden-007,fields-of-the-world,sweden,1.0582,2024-05-27,S2A_33VXG_20240527_0_L2A,25,50.937599,1.0,1.0,
ftw-sweden-007,fields-of-the-world,sweden,1.0582,2024-07-11,S2B_33VXG_20240711_0_L2A,25,99.98585,1.0,1.0,
ftw-sweden-007,fields-of-the-world,sweden,1.0582,2024-08-23,S2B_33VXG_20240823_0_L2A,25,97.535282,1.0,1.0,
ftw-sweden-007,fields-of-the-world,sweden,1.0582,2024-10-07,S2A_33VXG_20241007_0_L2A,25,61.014271,1.0,1.0,
ftw-sweden-007,fields-of-the-world,sweden,1.0582,2024-11-13,S2A_33VXG_20241113_1_L2A,25,59.075749,1.0,1.0,
ftw-sweden-008,fields-of-the-world,sweden,1.3714,2023-01-01,S2B_33VXG_20230101_0_L2A,36,28.702477,0.0,0.0,
ftw-sweden-008,fields-of-the-world,sweden,1.3714,2023-02-17,S2B_33VXG_20230217_0_L2A,36,100,1.0,1.0,
ftw-sweden-008,fields-of-the-world,sweden,1.3714,2023-04-03,S2A_33VXG_20230403_0_L2A,36,3.705698,0.0,0.0,
ftw-sweden-008,fields-of-the-world,sweden,1.3714,2023-05-18,S2B_33VXG_20230518_0_L2A,36,0.047843,0.0,0.0,
ftw-sweden-008,fields-of-the-world,sweden,1.3714,2023-06-30,S2B_33VXG_20230630_0_L2A,36,98.783338,1.0,1.0,
ftw-sweden-008,fields-of-the-world,sweden,1.3714,2023-08-14,S2A_33VXG_20230814_0_L2A,36,40.835455,0.0,0.0,
ftw-sweden-008,fields-of-the-world,sweden,1.3714,2023-09-25,S2B_33VXG_20230925_0_L2A,36,99.997574,1.0,1.0,
ftw-sweden-008,fields-of-the-world,sweden,1.3714,2023-11-09,S2A_33VXG_20231109_0_L2A,36,100,1.0,1.0,
ftw-sweden-008,fields-of-the-world,sweden,1.3714,2024-01-16,S2B_33VXG_20240116_0_L2A,36,1.600562,0.0,0.0,
ftw-sweden-008,fields-of-the-world,sweden,1.3714,2024-02-27,S2A_33VXG_20240227_0_L2A,36,99.949223,1.0,1.0,
ftw-sweden-008,fields-of-the-world,sweden,1.3714,2024-04-12,S2B_33VXG_20240412_0_L2A,36,100,1.0,1.0,
ftw-sweden-008,fields-of-the-world,sweden,1.3714,2024-05-27,S2A_33VXG_20240527_0_L2A,36,50.937599,1.0,1.0,
ftw-sweden-008,fields-of-the-world,sweden,1.3714,2024-07-11,S2B_33VXG_20240711_0_L2A,36,99.98585,1.0,1.0,
ftw-sweden-008,fields-of-the-world,sweden,1.3714,2024-08-23,S2B_33VXG_20240823_0_L2A,36,97.535282,1.0,1.0,
ftw-sweden-008,fields-of-the-world,sweden,1.3714,2024-10-07,S2A_33VXG_20241007_0_L2A,36,61.014271,1.0,1.0,
ftw-sweden-008,fields-of-the-world,sweden,1.3714,2024-11-13,S2A_33VXG_20241113_1_L2A,36,59.075749,1.0,1.0,
ftw-sweden-009,fields-of-the-world,sweden,2.3718,2023-01-01,S2B_33VWG_20230101_0_L2A,58,24.063431,0.0,0.0,
ftw-sweden-009,fields-of-the-world,sweden,2.3718,2023-02-17,S2B_33VWG_20230217_0_L2A,58,100,1.0,1.0,
ftw-sweden-009,fields-of-the-world,sweden,2.3718,2023-04-06,S2A_33VWG_20230406_0_L2A,58,89.180833,1.0,1.0,
ftw-sweden-009,fields-of-the-world,sweden,2.3718,2023-05-18,S2B_33VWG_20230518_0_L2A,58,0.000757,0.0,0.0,
ftw-sweden-009,fields-of-the-world,sweden,2.3718,2023-07-02,S2A_33VWG_20230702_0_L2A,58,99.999338,1.0,1.0,
ftw-sweden-009,fields-of-the-world,sweden,2.3718,2023-08-14,S2A_33VWG_20230814_0_L2A,58,70.836723,0.0,0.0,
ftw-sweden-009,fields-of-the-world,sweden,2.3718,2023-09-28,S2B_33VWG_20230928_0_L2A,58,97.273493,1.0,1.0,
ftw-sweden-009,fields-of-the-world,sweden,2.3718,2023-11-09,S2A_33VWG_20231109_0_L2A,58,100,1.0,1.0,
ftw-sweden-009,fields-of-the-world,sweden,2.3718,2024-01-16,S2B_33VWG_20240116_0_L2A,58,4.000521,0.0,0.0,
ftw-sweden-009,fields-of-the-world,sweden,2.3718,2024-03-01,S2A_33VWG_20240301_0_L2A,58,99.997371,1.0,1.0,
ftw-sweden-009,fields-of-the-world,sweden,2.3718,2024-04-12,S2B_33VWG_20240412_0_L2A,58,99.995327,1.0,1.0,
ftw-sweden-009,fields-of-the-world,sweden,2.3718,2024-05-30,S2A_33VWG_20240530_0_L2A,58,28.498259,0.0,0.0,
ftw-sweden-009,fields-of-the-world,sweden,2.3718,2024-07-11,S2B_33VWG_20240711_0_L2A,58,99.961799,1.0,1.0,
ftw-sweden-009,fields-of-the-world,sweden,2.3718,2024-08-25,S2A_33VWG_20240825_0_L2A,58,100,1.0,1.0,
ftw-sweden-009,fields-of-the-world,sweden,2.3718,2024-10-07,S2A_33VWG_20241007_0_L2A,58,69.976223,1.0,1.0,
ftw-sweden-009,fields-of-the-world,sweden,2.3718,2024-11-13,S2C_33VWG_20241113_1_L2A,58,99.806684,1.0,1.0,
ftw-sweden-010,fields-of-the-world,sweden,2.7917,2023-01-01,S2B_33VXG_20230101_0_L2A,66,28.702477,0.0,0.0,
ftw-sweden-010,fields-of-the-world,sweden,2.7917,2023-02-17,S2B_33VXG_20230217_0_L2A,66,100,1.0,1.0,
ftw-sweden-010,fields-of-the-world,sweden,2.7917,2023-04-03,S2A_33VXG_20230403_0_L2A,66,3.705698,0.0,0.0,
ftw-sweden-010,fields-of-the-world,sweden,2.7917,2023-05-18,S2B_33VXG_20230518_0_L2A,66,0.047843,0.0,0.0,
ftw-sweden-010,fields-of-the-world,sweden,2.7917,2023-06-30,S2B_33VXG_20230630_0_L2A,66,98.783338,1.0,1.0,
ftw-sweden-010,fields-of-the-world,sweden,2.7917,2023-08-14,S2A_33VXG_20230814_0_L2A,66,40.835455,1.0,1.0,
ftw-sweden-010,fields-of-the-world,sweden,2.7917,2023-09-25,S2B_33VXG_20230925_0_L2A,66,99.997574,1.0,1.0,
ftw-sweden-010,fields-of-the-world,sweden,2.7917,2023-11-09,S2A_33VXG_20231109_0_L2A,66,100,1.0,1.0,
ftw-sweden-010,fields-of-the-world,sweden,2.7917,2024-01-16,S2B_33VXG_20240116_0_L2A,66,1.600562,0.0,0.0,
ftw-sweden-010,fields-of-the-world,sweden,2.7917,2024-02-27,S2A_33VXG_20240227_0_L2A,66,99.949223,1.0,1.0,
ftw-sweden-010,fields-of-the-world,sweden,2.7917,2024-04-12,S2B_33VXG_20240412_0_L2A,66,100,1.0,1.0,
ftw-sweden-010,fields-of-the-world,sweden,2.7917,2024-05-27,S2A_33VXG_20240527_0_L2A,66,50.937599,1.0,1.0,
ftw-sweden-010,fields-of-the-world,sweden,2.7917,2024-07-11,S2B_33VXG_20240711_0_L2A,66,99.98585,1.0,1.0,
ftw-sweden-010,fields-of-the-world,sweden,2.7917,2024-08-23,S2B_33VXG_20240823_0_L2A,66,97.535282,1.0,1.0,
ftw-sweden-010,fields-of-the-world,sweden,2.7917,2024-10-07,S2A_33VXG_20241007_0_L2A,66,61.014271,1.0,1.0,
ftw-sweden-010,fields-of-the-world,sweden,2.7917,2024-11-13,S2A_33VXG_20241113_1_L2A,66,59.075749,1.0,1.0,
ftw-sweden-011,fields-of-the-world,sweden,3.3111,2023-01-01,S2B_33VWG_20230101_0_L2A,78,24.063431,0.0,0.0,
ftw-sweden-011,fields-of-the-world,sweden,3.3111,2023-02-17,S2B_33VWG_20230217_0_L2A,78,100,1.0,1.0,
ftw-sweden-011,fields-of-the-world,sweden,3.3111,2023-04-06,S2A_33VWG_20230406_0_L2A,78,89.180833,1.0,1.0,
ftw-sweden-011,fields-of-the-world,sweden,3.3111,2023-05-18,S2B_33VWG_20230518_0_L2A,78,0.000757,0.0,0.0,
ftw-sweden-011,fields-of-the-world,sweden,3.3111,2023-07-02,S2A_33VWG_20230702_0_L2A,78,99.999338,1.0,1.0,
ftw-sweden-011,fields-of-the-world,sweden,3.3111,2023-08-14,S2A_33VWG_20230814_0_L2A,78,70.836723,0.0,0.0,
ftw-sweden-011,fields-of-the-world,sweden,3.3111,2023-09-28,S2B_33VWG_20230928_0_L2A,78,97.273493,1.0,1.0,
ftw-sweden-011,fields-of-the-world,sweden,3.3111,2023-11-09,S2A_33VWG_20231109_0_L2A,78,100,1.0,1.0,
ftw-sweden-011,fields-of-the-world,sweden,3.3111,2024-01-16,S2B_33VWG_20240116_0_L2A,78,4.000521,0.0,0.0,
ftw-sweden-011,fields-of-the-world,sweden,3.3111,2024-03-01,S2A_33VWG_20240301_0_L2A,78,99.997371,1.0,1.0,
ftw-sweden-011,fields-of-the-world,sweden,3.3111,2024-04-12,S2B_33VWG_20240412_0_L2A,78,99.995327,1.0,1.0,
ftw-sweden-011,fields-of-the-world,sweden,3.3111,2024-05-30,S2A_33VWG_20240530_0_L2A,78,28.498259,0.0,0.0,
ftw-sweden-011,fields-of-the-world,sweden,3.3111,2024-07-11,S2B_33VWG_20240711_0_L2A,78,99.961799,1.0,1.0,
ftw-sweden-011,fields-of-the-world,sweden,3.3111,2024-08-25,S2A_33VWG_20240825_0_L2A,78,100,1.0,1.0,
ftw-sweden-011,fields-of-the-world,sweden,3.3111,2024-10-07,S2A_33VWG_20241007_0_L2A,78,69.976223,1.0,1.0,
ftw-sweden-011,fields-of-the-world,sweden,3.3111,2024-11-13,S2C_33VWG_20241113_1_L2A,78,99.806684,1.0,1.0,
ftw-sweden-012,fields-of-the-world,sweden,5.562,2023-01-01,S2B_33VXG_20230101_0_L2A,140,28.702477,0.8071428571428572,0.8071428571428572,
ftw-sweden-012,fields-of-the-world,sweden,5.562,2023-02-17,S2B_33VXG_20230217_0_L2A,140,100,1.0,1.0,
ftw-sweden-012,fields-of-the-world,sweden,5.562,2023-04-03,S2A_33VWG_20230403_0_L2A,140,7.433497,0.0,0.0,
ftw-sweden-012,fields-of-the-world,sweden,5.562,2023-05-16,S2A_33VWG_20230516_0_L2A,140,83.52229,1.0,1.0,
ftw-sweden-012,fields-of-the-world,sweden,5.562,2023-06-30,S2B_33VXG_20230630_0_L2A,140,98.783338,1.0,1.0,
ftw-sweden-012,fields-of-the-world,sweden,5.562,2023-08-11,S2A_33VXG_20230811_0_L2A,140,96.015561,1.0,1.0,
ftw-sweden-012,fields-of-the-world,sweden,5.562,2023-09-23,S2A_33VWG_20230923_0_L2A,140,67.02323,1.0,1.0,
ftw-sweden-012,fields-of-the-world,sweden,5.562,2023-11-04,S2B_33VWG_20231104_0_L2A,140,99.944133,1.0,1.0,
ftw-sweden-012,fields-of-the-world,sweden,5.562,2024-01-13,S2B_33VXG_20240113_0_L2A,140,99.995857,1.0,1.0,
ftw-sweden-012,fields-of-the-world,sweden,5.562,2024-02-25,S2B_33VXG_20240225_0_L2A,140,95.728415,1.0,1.0,
ftw-sweden-012,fields-of-the-world,sweden,5.562,2024-04-07,S2A_33VWG_20240407_0_L2A,140,99.995375,1.0,1.0,
ftw-sweden-012,fields-of-the-world,sweden,5.562,2024-05-22,S2B_33VWG_20240522_0_L2A,140,0.00211,0.0,0.0,
ftw-sweden-012,fields-of-the-world,sweden,5.562,2024-07-06,S2A_33VXG_20240706_0_L2A,140,92.743683,1.0,1.0,
ftw-sweden-012,fields-of-the-world,sweden,5.562,2024-08-18,S2A_33VXG_20240818_0_L2A,140,43.314126,1.0,1.0,
ftw-sweden-012,fields-of-the-world,sweden,5.562,2024-09-29,S2B_33VWG_20240929_0_L2A,140,0.00047,0.0,0.0,
ftw-sweden-012,fields-of-the-world,sweden,5.562,2024-11-08,S2B_33VWG_20241108_0_L2A,140,13.568613,0.0,0.0,
ftw-sweden-013,fields-of-the-world,sweden,5.744,2023-01-01,S2B_33VXG_20230101_0_L2A,141,28.702477,0.0,0.0,
ftw-sweden-013,fields-of-the-world,sweden,5.744,2023-02-17,S2B_33VXG_20230217_0_L2A,141,100,1.0,1.0,
ftw-sweden-013,fields-of-the-world,sweden,5.744,2023-04-03,S2A_33VXG_20230403_0_L2A,141,3.705698,0.03546099290780142,0.03546099290780142,
ftw-sweden-013,fields-of-the-world,sweden,5.744,2023-05-18,S2B_33VXG_20230518_0_L2A,141,0.047843,0.0,0.0,
ftw-sweden-013,fields-of-the-world,sweden,5.744,2023-06-30,S2B_33VXG_20230630_0_L2A,141,98.783338,1.0,1.0,
ftw-sweden-013,fields-of-the-world,sweden,5.744,2023-08-14,S2A_33VXG_20230814_0_L2A,141,40.835455,0.14893617021276595,0.14893617021276595,
ftw-sweden-013,fields-of-the-world,sweden,5.744,2023-09-25,S2B_33VXG_20230925_0_L2A,141,99.997574,1.0,1.0,
ftw-sweden-013,fields-of-the-world,sweden,5.744,2023-11-09,S2A_33VXG_20231109_0_L2A,141,100,1.0,1.0,
ftw-sweden-013,fields-of-the-world,sweden,5.744,2024-01-16,S2B_33VXG_20240116_0_L2A,141,1.600562,0.0,0.0,
ftw-sweden-013,fields-of-the-world,sweden,5.744,2024-02-27,S2A_33VXG_20240227_0_L2A,141,99.949223,1.0,1.0,
ftw-sweden-013,fields-of-the-world,sweden,5.744,2024-04-12,S2B_33VXG_20240412_0_L2A,141,100,1.0,1.0,
ftw-sweden-013,fields-of-the-world,sweden,5.744,2024-05-27,S2A_33VXG_20240527_0_L2A,141,50.937599,1.0,1.0,
ftw-sweden-013,fields-of-the-world,sweden,5.744,2024-07-11,S2B_33VXG_20240711_0_L2A,141,99.98585,1.0,1.0,
ftw-sweden-013,fields-of-the-world,sweden,5.744,2024-08-23,S2B_33VXG_20240823_0_L2A,141,97.535282,1.0,1.0,
ftw-sweden-013,fields-of-the-world,sweden,5.744,2024-10-07,S2A_33VXG_20241007_0_L2A,141,61.014271,1.0,1.0,
ftw-sweden-013,fields-of-the-world,sweden,5.744,2024-11-13,S2A_33VXG_20241113_1_L2A,141,59.075749,1.0,1.0,
ftw-sweden-014,fields-of-the-world,sweden,6.0461,2023-01-01,S2B_33VXG_20230101_0_L2A,157,28.702477,0.0,0.0,
ftw-sweden-014,fields-of-the-world,sweden,6.0461,2023-02-17,S2B_33VXG_20230217_0_L2A,157,100,1.0,1.0,
ftw-sweden-014,fields-of-the-world,sweden,6.0461,2023-04-03,S2A_33VWG_20230403_0_L2A,157,7.433497,0.0,0.0,
ftw-sweden-014,fields-of-the-world,sweden,6.0461,2023-05-18,S2B_33VXG_20230518_0_L2A,157,0.047843,0.0,0.0,
ftw-sweden-014,fields-of-the-world,sweden,6.0461,2023-06-30,S2B_33VWG_20230630_0_L2A,157,99.894601,1.0,1.0,
ftw-sweden-014,fields-of-the-world,sweden,6.0461,2023-08-14,S2A_33VXG_20230814_0_L2A,157,40.835455,0.3885350318471338,0.3885350318471338,
ftw-sweden-014,fields-of-the-world,sweden,6.0461,2023-09-25,S2B_33VWG_20230925_0_L2A,157,100,1.0,1.0,
ftw-sweden-014,fields-of-the-world,sweden,6.0461,2023-11-09,S2A_33VXG_20231109_0_L2A,157,100,1.0,1.0,
ftw-sweden-014,fields-of-the-world,sweden,6.0461,2024-01-16,S2B_33VWG_20240116_0_L2A,157,4.000521,0.0,0.0,
ftw-sweden-014,fields-of-the-world,sweden,6.0461,2024-02-27,S2A_33VWG_20240227_0_L2A,157,100,1.0,1.0,
ftw-sweden-014,fields-of-the-world,sweden,6.0461,2024-04-12,S2B_33VXG_20240412_0_L2A,157,100,1.0,1.0,
ftw-sweden-014,fields-of-the-world,sweden,6.0461,2024-05-27,S2A_33VWG_20240527_0_L2A,157,85.787725,1.0,1.0,
ftw-sweden-014,fields-of-the-world,sweden,6.0461,2024-07-11,S2B_33VXG_20240711_0_L2A,157,99.98585,1.0,1.0,
ftw-sweden-014,fields-of-the-world,sweden,6.0461,2024-08-23,S2B_33VWG_20240823_0_L2A,157,99.986726,1.0,1.0,
ftw-sweden-014,fields-of-the-world,sweden,6.0461,2024-10-07,S2A_33VXG_20241007_0_L2A,157,61.014271,0.0,0.0,
ftw-sweden-014,fields-of-the-world,sweden,6.0461,2024-11-13,S2A_33VWG_20241113_0_L2A,157,99.886912,1.0,1.0,
ftw-sweden-015,fields-of-the-world,sweden,6.2018,2023-01-01,S2B_33VXG_20230101_0_L2A,153,28.702477,0.934640522875817,0.934640522875817,
ftw-sweden-015,fields-of-the-world,sweden,6.2018,2023-02-17,S2B_33VXG_20230217_0_L2A,153,100,1.0,1.0,
ftw-sweden-015,fields-of-the-world,sweden,6.2018,2023-04-03,S2A_33VWG_20230403_0_L2A,153,7.433497,0.0,0.0,
ftw-sweden-015,fields-of-the-world,sweden,6.2018,2023-05-16,S2A_33VWG_20230516_0_L2A,153,83.52229,1.0,1.0,
ftw-sweden-015,fields-of-the-world,sweden,6.2018,2023-06-30,S2B_33VXG_20230630_0_L2A,153,98.783338,1.0,1.0,
ftw-sweden-015,fields-of-the-world,sweden,6.2018,2023-08-11,S2A_33VXG_20230811_0_L2A,153,96.015561,1.0,1.0,
ftw-sweden-015,fields-of-the-world,sweden,6.2018,2023-09-23,S2A_33VWG_20230923_0_L2A,153,67.02323,1.0,1.0,
ftw-sweden-015,fields-of-the-world,sweden,6.2018,2023-11-04,S2B_33VWG_20231104_0_L2A,153,99.944133,1.0,1.0,
ftw-sweden-015,fields-of-the-world,sweden,6.2018,2024-01-13,S2B_33VXG_20240113_0_L2A,153,99.995857,1.0,1.0,
ftw-sweden-015,fields-of-the-world,sweden,6.2018,2024-02-25,S2B_33VXG_20240225_0_L2A,153,95.728415,1.0,1.0,
ftw-sweden-015,fields-of-the-world,sweden,6.2018,2024-04-07,S2A_33VWG_20240407_0_L2A,153,99.995375,1.0,1.0,
ftw-sweden-015,fields-of-the-world,sweden,6.2018,2024-05-22,S2B_33VWG_20240522_0_L2A,153,0.00211,0.0,0.0,
ftw-sweden-015,fields-of-the-world,sweden,6.2018,2024-07-06,S2A_33VXG_20240706_0_L2A,153,92.743683,1.0,1.0,
ftw-sweden-015,fields-of-the-world,sweden,6.2018,2024-08-18,S2A_33VXG_20240818_0_L2A,153,43.314126,1.0,1.0,
ftw-sweden-015,fields-of-the-world,sweden,6.2018,2024-09-29,S2B_33VWG_20240929_0_L2A,153,0.00047,0.0,0.0,
ftw-sweden-015,fields-of-the-world,sweden,6.2018,2024-11-08,S2B_33VWG_20241108_0_L2A,153,13.568613,0.0,0.0,
ftw-sweden-016,fields-of-the-world,sweden,11.1285,2023-01-01,S2B_33VXG_20230101_0_L2A,270,28.702477,1.0,1.0,
ftw-sweden-016,fields-of-the-world,sweden,11.1285,2023-02-17,S2B_33VXG_20230217_0_L2A,270,100,1.0,1.0,
ftw-sweden-016,fields-of-the-world,sweden,11.1285,2023-04-03,S2A_33VWG_20230403_0_L2A,270,7.433497,0.0,0.0,
ftw-sweden-016,fields-of-the-world,sweden,11.1285,2023-05-16,S2A_33VWG_20230516_0_L2A,270,83.52229,1.0,1.0,
ftw-sweden-016,fields-of-the-world,sweden,11.1285,2023-06-30,S2B_33VXG_20230630_0_L2A,270,98.783338,1.0,1.0,
ftw-sweden-016,fields-of-the-world,sweden,11.1285,2023-08-11,S2A_33VXG_20230811_0_L2A,270,96.015561,1.0,1.0,
ftw-sweden-016,fields-of-the-world,sweden,11.1285,2023-09-23,S2A_33VWG_20230923_0_L2A,270,67.02323,1.0,1.0,
ftw-sweden-016,fields-of-the-world,sweden,11.1285,2023-11-04,S2B_33VWG_20231104_0_L2A,270,99.944133,1.0,1.0,
ftw-sweden-016,fields-of-the-world,sweden,11.1285,2024-01-13,S2B_33VXG_20240113_0_L2A,270,99.995857,1.0,1.0,
ftw-sweden-016,fields-of-the-world,sweden,11.1285,2024-02-25,S2B_33VXG_20240225_0_L2A,270,95.728415,1.0,1.0,
ftw-sweden-016,fields-of-the-world,sweden,11.1285,2024-04-07,S2A_33VWG_20240407_0_L2A,270,99.995375,1.0,1.0,
ftw-sweden-016,fields-of-the-world,sweden,11.1285,2024-05-22,S2B_33VWG_20240522_0_L2A,270,0.00211,0.0,0.0,
ftw-sweden-016,fields-of-the-world,sweden,11.1285,2024-07-06,S2A_33VXG_20240706_0_L2A,270,92.743683,1.0,1.0,
ftw-sweden-016,fields-of-the-world,sweden,11.1285,2024-08-18,S2A_33VXG_20240818_0_L2A,270,43.314126,1.0,1.0,
ftw-sweden-016,fields-of-the-world,sweden,11.1285,2024-09-29,S2B_33VWG_20240929_0_L2A,270,0.00047,0.0,0.0,
ftw-sweden-016,fields-of-the-world,sweden,11.1285,2024-11-08,S2B_33VWG_20241108_0_L2A,270,13.568613,0.0,0.0,
ftw-sweden-017,fields-of-the-world,sweden,15.9621,2023-01-01,S2B_33VXG_20230101_0_L2A,397,28.702477,1.0,1.0,
ftw-sweden-017,fields-of-the-world,sweden,15.9621,2023-02-17,S2B_33VXG_20230217_0_L2A,397,100,1.0,1.0,
ftw-sweden-017,fields-of-the-world,sweden,15.9621,2023-04-03,S2A_33VWG_20230403_0_L2A,397,7.433497,0.0,0.0,
ftw-sweden-017,fields-of-the-world,sweden,15.9621,2023-05-16,S2A_33VWG_20230516_0_L2A,397,83.52229,1.0,1.0,
ftw-sweden-017,fields-of-the-world,sweden,15.9621,2023-06-30,S2B_33VXG_20230630_0_L2A,397,98.783338,1.0,1.0,
ftw-sweden-017,fields-of-the-world,sweden,15.9621,2023-08-11,S2A_33VXG_20230811_0_L2A,397,96.015561,1.0,1.0,
ftw-sweden-017,fields-of-the-world,sweden,15.9621,2023-09-23,S2A_33VWG_20230923_0_L2A,397,67.02323,1.0,1.0,
ftw-sweden-017,fields-of-the-world,sweden,15.9621,2023-11-04,S2B_33VWG_20231104_0_L2A,397,99.944133,1.0,1.0,
ftw-sweden-017,fields-of-the-world,sweden,15.9621,2024-01-13,S2B_33VXG_20240113_0_L2A,397,99.995857,1.0,1.0,
ftw-sweden-017,fields-of-the-world,sweden,15.9621,2024-02-25,S2B_33VXG_20240225_0_L2A,397,95.728415,1.0,1.0,
ftw-sweden-017,fields-of-the-world,sweden,15.9621,2024-04-07,S2A_33VWG_20240407_0_L2A,397,99.995375,1.0,1.0,
ftw-sweden-017,fields-of-the-world,sweden,15.9621,2024-05-22,S2B_33VWG_20240522_0_L2A,397,0.00211,0.0,0.0,
ftw-sweden-017,fields-of-the-world,sweden,15.9621,2024-07-06,S2A_33VXG_20240706_0_L2A,397,92.743683,1.0,1.0,
ftw-sweden-017,fields-of-the-world,sweden,15.9621,2024-08-18,S2A_33VXG_20240818_0_L2A,397,43.314126,1.0,1.0,
ftw-sweden-017,fields-of-the-world,sweden,15.9621,2024-09-29,S2B_33VWG_20240929_0_L2A,397,0.00047,0.0,0.0,
ftw-sweden-017,fields-of-the-world,sweden,15.9621,2024-11-08,S2B_33VWG_20241108_0_L2A,397,13.568613,0.0,0.0,
ftw-vietnam-000,fields-of-the-world,vietnam,0.2005,2023-01-03,S2A_48QWH_20230103_0_L2A,5,99.999839,1.0,1.0,
ftw-vietnam-000,fields-of-the-world,vietnam,0.2005,2023-02-17,S2B_48QWH_20230217_0_L2A,5,99.863249,1.0,1.0,
ftw-vietnam-000,fields-of-the-world,vietnam,0.2005,2023-04-08,S2B_48QWH_20230408_0_L2A,5,100,1.0,1.0,
ftw-vietnam-000,fields-of-the-world,vietnam,0.2005,2023-05-23,S2A_48QWH_20230523_0_L2A,5,86.797076,1.0,1.0,
ftw-vietnam-000,fields-of-the-world,vietnam,0.2005,2023-07-07,S2B_48QWG_20230707_0_L2A,5,18.319856,1.0,1.0,
ftw-vietnam-000,fields-of-the-world,vietnam,0.2005,2023-08-21,S2A_48QWG_20230821_0_L2A,5,44.674659,1.0,1.0,
ftw-vietnam-000,fields-of-the-world,vietnam,0.2005,2023-10-05,S2B_48QWG_20231005_0_L2A,5,20.375234,0.0,0.0,
ftw-vietnam-000,fields-of-the-world,vietnam,0.2005,2023-11-19,S2A_48QWG_20231119_0_L2A,5,0.5718,0.0,0.0,
ftw-vietnam-000,fields-of-the-world,vietnam,0.2005,2024-01-08,S2A_48QWH_20240108_0_L2A,5,73.94976,0.0,0.0,
ftw-vietnam-000,fields-of-the-world,vietnam,0.2005,2024-02-22,S2B_48QWH_20240222_0_L2A,5,90.669703,1.0,1.0,
ftw-vietnam-000,fields-of-the-world,vietnam,0.2005,2024-04-07,S2A_48QWH_20240407_0_L2A,5,99.704319,1.0,1.0,
ftw-vietnam-000,fields-of-the-world,vietnam,0.2005,2024-05-22,S2B_48QWH_20240522_0_L2A,5,63.397771,1.0,1.0,
ftw-vietnam-000,fields-of-the-world,vietnam,0.2005,2024-07-06,S2A_48QWG_20240706_0_L2A,5,58.371955,0.0,0.0,
ftw-vietnam-000,fields-of-the-world,vietnam,0.2005,2024-08-20,S2B_48QWG_20240820_0_L2A,5,75.896722,0.0,0.0,
ftw-vietnam-000,fields-of-the-world,vietnam,0.2005,2024-10-04,S2A_48QWG_20241004_1_L2A,5,24.065089,1.0,1.0,
ftw-vietnam-000,fields-of-the-world,vietnam,0.2005,2024-11-18,S2B_48QWG_20241118_0_L2A,5,62.036967,1.0,1.0,
ftw-vietnam-001,fields-of-the-world,vietnam,0.2594,2023-01-03,S2A_48QWJ_20230103_0_L2A,4,99.310011,1.0,1.0,
ftw-vietnam-001,fields-of-the-world,vietnam,0.2594,2023-02-17,S2B_48QWJ_20230217_0_L2A,4,99.254209,1.0,1.0,
ftw-vietnam-001,fields-of-the-world,vietnam,0.2594,2023-04-08,S2B_48QWJ_20230408_0_L2A,4,100,1.0,1.0,
ftw-vietnam-001,fields-of-the-world,vietnam,0.2594,2023-05-23,S2A_48QWJ_20230523_0_L2A,4,82.467276,1.0,1.0,
ftw-vietnam-001,fields-of-the-world,vietnam,0.2594,2023-07-07,S2B_48QWJ_20230707_0_L2A,4,19.602977,0.0,0.0,
ftw-vietnam-001,fields-of-the-world,vietnam,0.2594,2023-08-21,S2A_48QWJ_20230821_0_L2A,4,93.829799,1.0,1.0,
ftw-vietnam-001,fields-of-the-world,vietnam,0.2594,2023-10-05,S2B_48QWJ_20231005_0_L2A,4,30.685836,1.0,1.0,
ftw-vietnam-001,fields-of-the-world,vietnam,0.2594,2023-11-19,S2A_48QWJ_20231119_0_L2A,4,41.271853,1.0,1.0,
ftw-vietnam-001,fields-of-the-world,vietnam,0.2594,2024-01-08,S2A_48QWJ_20240108_0_L2A,4,90.241438,1.0,1.0,
ftw-vietnam-001,fields-of-the-world,vietnam,0.2594,2024-02-22,S2B_48QWJ_20240222_0_L2A,4,90.175748,1.0,1.0,
ftw-vietnam-001,fields-of-the-world,vietnam,0.2594,2024-04-07,S2A_48QWJ_20240407_0_L2A,4,99.956971,1.0,1.0,
ftw-vietnam-001,fields-of-the-world,vietnam,0.2594,2024-05-22,S2B_48QWJ_20240522_0_L2A,4,91.518676,1.0,1.0,
ftw-vietnam-001,fields-of-the-world,vietnam,0.2594,2024-07-06,S2A_48QWJ_20240706_0_L2A,4,76.601446,1.0,1.0,
ftw-vietnam-001,fields-of-the-world,vietnam,0.2594,2024-08-20,S2B_48QWJ_20240820_0_L2A,4,86.007941,1.0,1.0,
ftw-vietnam-001,fields-of-the-world,vietnam,0.2594,2024-10-04,S2A_48QWJ_20241004_0_L2A,4,19.529477,0.0,0.0,
ftw-vietnam-001,fields-of-the-world,vietnam,0.2594,2024-11-18,S2B_48QWJ_20241118_0_L2A,4,61.29238,1.0,1.0,
ftw-vietnam-002,fields-of-the-world,vietnam,0.3612,2023-01-03,S2A_48QXJ_20230103_1_L2A,8,99.707174,1.0,1.0,
ftw-vietnam-002,fields-of-the-world,vietnam,0.3612,2023-02-17,S2B_48QXJ_20230217_0_L2A,8,99.999815,1.0,1.0,
ftw-vietnam-002,fields-of-the-world,vietnam,0.3612,2023-04-08,S2B_48QXJ_20230408_0_L2A,8,99.999815,1.0,1.0,
ftw-vietnam-002,fields-of-the-world,vietnam,0.3612,2023-05-23,S2A_48QXJ_20230523_0_L2A,8,99.796611,1.0,1.0,
ftw-vietnam-002,fields-of-the-world,vietnam,0.3612,2023-07-07,S2B_48QXJ_20230707_0_L2A,8,44.114491,0.0,0.0,
ftw-vietnam-002,fields-of-the-world,vietnam,0.3612,2023-08-21,S2A_48QXJ_20230821_0_L2A,8,71.598494,0.5,0.5,
ftw-vietnam-002,fields-of-the-world,vietnam,0.3612,2023-10-05,S2B_48QXJ_20231005_0_L2A,8,13.286699,1.0,1.0,
ftw-vietnam-002,fields-of-the-world,vietnam,0.3612,2023-11-19,S2A_48QXJ_20231119_0_L2A,8,57.314396,1.0,1.0,
ftw-vietnam-002,fields-of-the-world,vietnam,0.3612,2024-01-08,S2A_48QXJ_20240108_0_L2A,8,98.336691,1.0,1.0,
ftw-vietnam-002,fields-of-the-world,vietnam,0.3612,2024-02-22,S2B_48QXJ_20240222_0_L2A,8,99.922913,1.0,1.0,
ftw-vietnam-002,fields-of-the-world,vietnam,0.3612,2024-04-07,S2A_48QXJ_20240407_0_L2A,8,99.999446,1.0,1.0,
ftw-vietnam-002,fields-of-the-world,vietnam,0.3612,2024-05-22,S2B_48QXJ_20240522_0_L2A,8,76.236063,0.0,0.0,
ftw-vietnam-002,fields-of-the-world,vietnam,0.3612,2024-07-06,S2A_48QXJ_20240706_0_L2A,8,86.619794,1.0,1.0,
ftw-vietnam-002,fields-of-the-world,vietnam,0.3612,2024-08-20,S2B_48QXJ_20240820_0_L2A,8,98.431349,1.0,1.0,
ftw-vietnam-002,fields-of-the-world,vietnam,0.3612,2024-10-04,S2A_48QXJ_20241004_0_L2A,8,50.16588,0.0,0.0,
ftw-vietnam-002,fields-of-the-world,vietnam,0.3612,2024-11-18,S2B_48QXJ_20241118_0_L2A,8,88.410807,1.0,1.0,
ftw-vietnam-003,fields-of-the-world,vietnam,0.5014,2023-01-05,S2B_48PWS_20230105_1_L2A,14,100,1.0,1.0,
ftw-vietnam-003,fields-of-the-world,vietnam,0.5014,2023-02-19,S2A_48PWS_20230219_0_L2A,14,71.372664,0.0,0.0,
ftw-vietnam-003,fields-of-the-world,vietnam,0.5014,2023-04-05,S2B_48PWS_20230405_0_L2A,14,7.364113,0.0,0.0,
ftw-vietnam-003,fields-of-the-world,vietnam,0.5014,2023-05-20,S2A_48PWS_20230520_0_L2A,14,97.290093,1.0,1.0,
ftw-vietnam-003,fields-of-the-world,vietnam,0.5014,2023-07-09,S2A_48PWS_20230709_0_L2A,14,54.56897,0.8571428571428571,0.8571428571428571,
ftw-vietnam-003,fields-of-the-world,vietnam,0.5014,2023-08-23,S2B_48PWS_20230823_0_L2A,14,47.180629,0.0,0.0,
ftw-vietnam-003,fields-of-the-world,vietnam,0.5014,2023-10-07,S2A_48PWS_20231007_0_L2A,14,49.585336,1.0,1.0,
ftw-vietnam-003,fields-of-the-world,vietnam,0.5014,2023-11-26,S2A_48PWS_20231126_0_L2A,14,100,1.0,1.0,
ftw-vietnam-003,fields-of-the-world,vietnam,0.5014,2024-01-10,S2B_48PWS_20240110_0_L2A,14,59.85868,1.0,1.0,
ftw-vietnam-003,fields-of-the-world,vietnam,0.5014,2024-02-24,S2A_48PWS_20240224_0_L2A,14,44.982511,1.0,1.0,
ftw-vietnam-003,fields-of-the-world,vietnam,0.5014,2024-04-14,S2A_48PWS_20240414_0_L2A,14,69.912696,1.0,1.0,
ftw-vietnam-003,fields-of-the-world,vietnam,0.5014,2024-05-29,S2B_48PWS_20240529_0_L2A,14,85.139424,1.0,1.0,
ftw-vietnam-003,fields-of-the-world,vietnam,0.5014,2024-07-13,S2A_48PWS_20240713_0_L2A,14,99.373233,1.0,1.0,
ftw-vietnam-003,fields-of-the-world,vietnam,0.5014,2024-09-01,S2A_48PWS_20240901_0_L2A,14,89.785182,1.0,1.0,
ftw-vietnam-003,fields-of-the-world,vietnam,0.5014,2024-10-16,S2B_48PWS_20241016_0_L2A,14,64.972091,1.0,1.0,
ftw-vietnam-003,fields-of-the-world,vietnam,0.5014,2024-11-20,S2A_48PWS_20241120_0_L2A,14,48.784971,0.14285714285714285,0.14285714285714285,
ftw-vietnam-004,fields-of-the-world,vietnam,0.6224,2023-01-05,S2B_48QYD_20230105_0_L2A,8,99.980927,1.0,1.0,
ftw-vietnam-004,fields-of-the-world,vietnam,0.6224,2023-02-19,S2A_48QYD_20230219_1_L2A,8,65.810436,1.0,1.0,
ftw-vietnam-004,fields-of-the-world,vietnam,0.6224,2023-04-05,S2B_48QYD_20230405_0_L2A,8,1.7652,0.0,0.0,
ftw-vietnam-004,fields-of-the-world,vietnam,0.6224,2023-05-20,S2A_48QYD_20230520_0_L2A,8,17.222261,0.0,0.0,
ftw-vietnam-004,fields-of-the-world,vietnam,0.6224,2023-07-04,S2B_48QYD_20230704_0_L2A,8,95.244938,1.0,1.0,
ftw-vietnam-004,fields-of-the-world,vietnam,0.6224,2023-08-18,S2A_48QYD_20230818_1_L2A,8,12.590243,0.0,0.0,
ftw-vietnam-004,fields-of-the-world,vietnam,0.6224,2023-10-02,S2B_48QYD_20231002_0_L2A,8,45.408657,0.0,0.0,
ftw-vietnam-004,fields-of-the-world,vietnam,0.6224,2023-11-16,S2A_48QYD_20231116_0_L2A,8,79.821843,1.0,1.0,
ftw-vietnam-004,fields-of-the-world,vietnam,0.6224,2023-12-31,S2B_48QYD_20231231_0_L2A,8,89.130569,1.0,1.0,
ftw-vietnam-004,fields-of-the-world,vietnam,0.6224,2024-02-14,S2A_48QYD_20240214_0_L2A,8,49.583372,1.0,1.0,
ftw-vietnam-004,fields-of-the-world,vietnam,0.6224,2024-03-30,S2B_48QYD_20240330_0_L2A,8,18.435496,0.0,0.0,
ftw-vietnam-004,fields-of-the-world,vietnam,0.6224,2024-05-14,S2A_48QYD_20240514_0_L2A,8,98.297,1.0,1.0,
ftw-vietnam-004,fields-of-the-world,vietnam,0.6224,2024-06-28,S2B_48QYD_20240628_0_L2A,8,31.04583,0.0,0.0,
ftw-vietnam-004,fields-of-the-world,vietnam,0.6224,2024-08-12,S2A_48QYD_20240812_0_L2A,8,99.998158,1.0,1.0,
ftw-vietnam-004,fields-of-the-world,vietnam,0.6224,2024-09-26,S2B_48QYD_20240926_0_L2A,8,38.303289,1.0,1.0,
ftw-vietnam-004,fields-of-the-world,vietnam,0.6224,2024-11-10,S2A_48QYD_20241110_0_L2A,8,72.991258,0.0,0.0,
ftw-vietnam-005,fields-of-the-world,vietnam,0.7745,2023-01-05,S2B_48QYD_20230105_0_L2A,20,99.980927,1.0,1.0,
ftw-vietnam-005,fields-of-the-world,vietnam,0.7745,2023-02-19,S2A_48QYD_20230219_1_L2A,20,65.810436,1.0,1.0,
ftw-vietnam-005,fields-of-the-world,vietnam,0.7745,2023-04-05,S2B_48QYD_20230405_0_L2A,20,1.7652,0.0,0.0,
ftw-vietnam-005,fields-of-the-world,vietnam,0.7745,2023-05-20,S2A_48QYD_20230520_0_L2A,20,17.222261,0.0,0.0,
ftw-vietnam-005,fields-of-the-world,vietnam,0.7745,2023-07-04,S2B_48QYD_20230704_0_L2A,20,95.244938,1.0,1.0,
ftw-vietnam-005,fields-of-the-world,vietnam,0.7745,2023-08-18,S2A_48QYD_20230818_1_L2A,20,12.590243,0.0,0.0,
ftw-vietnam-005,fields-of-the-world,vietnam,0.7745,2023-10-02,S2B_48QYD_20231002_0_L2A,20,45.408657,1.0,1.0,
ftw-vietnam-005,fields-of-the-world,vietnam,0.7745,2023-11-16,S2A_48QYD_20231116_0_L2A,20,79.821843,1.0,1.0,
ftw-vietnam-005,fields-of-the-world,vietnam,0.7745,2023-12-31,S2B_48QYD_20231231_0_L2A,20,89.130569,1.0,1.0,
ftw-vietnam-005,fields-of-the-world,vietnam,0.7745,2024-02-14,S2A_48QYD_20240214_0_L2A,20,49.583372,1.0,1.0,
ftw-vietnam-005,fields-of-the-world,vietnam,0.7745,2024-03-30,S2B_48QYD_20240330_0_L2A,20,18.435496,0.0,0.0,
ftw-vietnam-005,fields-of-the-world,vietnam,0.7745,2024-05-14,S2A_48QYD_20240514_0_L2A,20,98.297,1.0,1.0,
ftw-vietnam-005,fields-of-the-world,vietnam,0.7745,2024-06-28,S2B_48QYD_20240628_0_L2A,20,31.04583,0.0,0.0,
ftw-vietnam-005,fields-of-the-world,vietnam,0.7745,2024-08-12,S2A_48QYD_20240812_0_L2A,20,99.998158,1.0,1.0,
ftw-vietnam-005,fields-of-the-world,vietnam,0.7745,2024-09-26,S2B_48QYD_20240926_0_L2A,20,38.303289,1.0,1.0,
ftw-vietnam-005,fields-of-the-world,vietnam,0.7745,2024-11-10,S2A_48QYD_20241110_0_L2A,20,72.991258,0.0,0.0,
ftw-vietnam-006,fields-of-the-world,vietnam,1.0005,2023-01-03,S2A_48QWJ_20230103_0_L2A,25,99.310011,1.0,1.0,
ftw-vietnam-006,fields-of-the-world,vietnam,1.0005,2023-02-17,S2B_48QWJ_20230217_0_L2A,25,99.254209,1.0,1.0,
ftw-vietnam-006,fields-of-the-world,vietnam,1.0005,2023-04-08,S2B_48QWJ_20230408_0_L2A,25,100,1.0,1.0,
ftw-vietnam-006,fields-of-the-world,vietnam,1.0005,2023-05-23,S2A_48QWJ_20230523_0_L2A,25,82.467276,1.0,1.0,
ftw-vietnam-006,fields-of-the-world,vietnam,1.0005,2023-07-07,S2B_48QWJ_20230707_0_L2A,25,19.602977,0.0,0.0,
ftw-vietnam-006,fields-of-the-world,vietnam,1.0005,2023-08-21,S2A_48QWJ_20230821_0_L2A,25,93.829799,1.0,1.0,
ftw-vietnam-006,fields-of-the-world,vietnam,1.0005,2023-10-05,S2B_48QWJ_20231005_0_L2A,25,30.685836,1.0,1.0,
ftw-vietnam-006,fields-of-the-world,vietnam,1.0005,2023-11-19,S2A_48QWJ_20231119_0_L2A,25,41.271853,1.0,1.0,
ftw-vietnam-006,fields-of-the-world,vietnam,1.0005,2024-01-08,S2A_48QWJ_20240108_0_L2A,25,90.241438,1.0,1.0,
ftw-vietnam-006,fields-of-the-world,vietnam,1.0005,2024-02-22,S2B_48QWJ_20240222_0_L2A,25,90.175748,1.0,1.0,
ftw-vietnam-006,fields-of-the-world,vietnam,1.0005,2024-04-07,S2A_48QWJ_20240407_0_L2A,25,99.956971,1.0,1.0,
ftw-vietnam-006,fields-of-the-world,vietnam,1.0005,2024-05-22,S2B_48QWJ_20240522_0_L2A,25,91.518676,1.0,1.0,
ftw-vietnam-006,fields-of-the-world,vietnam,1.0005,2024-07-06,S2A_48QWJ_20240706_0_L2A,25,76.601446,1.0,1.0,
ftw-vietnam-006,fields-of-the-world,vietnam,1.0005,2024-08-20,S2B_48QWJ_20240820_0_L2A,25,86.007941,1.0,1.0,
ftw-vietnam-006,fields-of-the-world,vietnam,1.0005,2024-10-04,S2A_48QWJ_20241004_0_L2A,25,19.529477,0.0,0.0,
ftw-vietnam-006,fields-of-the-world,vietnam,1.0005,2024-11-18,S2B_48QWJ_20241118_0_L2A,25,61.29238,0.8,0.8,
ftw-vietnam-007,fields-of-the-world,vietnam,1.1647,2023-01-05,S2B_48PWS_20230105_1_L2A,28,100,1.0,1.0,
ftw-vietnam-007,fields-of-the-world,vietnam,1.1647,2023-02-19,S2A_48PWS_20230219_0_L2A,28,71.372664,0.0,0.0,
ftw-vietnam-007,fields-of-the-world,vietnam,1.1647,2023-04-05,S2B_48PWS_20230405_0_L2A,28,7.364113,0.0,0.0,
ftw-vietnam-007,fields-of-the-world,vietnam,1.1647,2023-05-20,S2A_48PWS_20230520_0_L2A,28,97.290093,1.0,1.0,
ftw-vietnam-007,fields-of-the-world,vietnam,1.1647,2023-07-09,S2A_48PWS_20230709_0_L2A,28,54.56897,0.0,0.0,
ftw-vietnam-007,fields-of-the-world,vietnam,1.1647,2023-08-23,S2B_48PWS_20230823_0_L2A,28,47.180629,0.0,0.0,
ftw-vietnam-007,fields-of-the-world,vietnam,1.1647,2023-10-07,S2A_48PWS_20231007_0_L2A,28,49.585336,0.0,0.0,
ftw-vietnam-007,fields-of-the-world,vietnam,1.1647,2023-11-26,S2A_48PWS_20231126_0_L2A,28,100,1.0,1.0,
ftw-vietnam-007,fields-of-the-world,vietnam,1.1647,2024-01-10,S2B_48PWS_20240110_0_L2A,28,59.85868,0.0,0.0,
ftw-vietnam-007,fields-of-the-world,vietnam,1.1647,2024-02-24,S2A_48PWS_20240224_0_L2A,28,44.982511,1.0,1.0,
ftw-vietnam-007,fields-of-the-world,vietnam,1.1647,2024-04-14,S2A_48PWS_20240414_0_L2A,28,69.912696,1.0,1.0,
ftw-vietnam-007,fields-of-the-world,vietnam,1.1647,2024-05-29,S2B_48PWS_20240529_0_L2A,28,85.139424,1.0,1.0,
ftw-vietnam-007,fields-of-the-world,vietnam,1.1647,2024-07-13,S2A_48PWS_20240713_0_L2A,28,99.373233,1.0,1.0,
ftw-vietnam-007,fields-of-the-world,vietnam,1.1647,2024-09-01,S2A_48PWS_20240901_0_L2A,28,89.785182,1.0,1.0,
ftw-vietnam-007,fields-of-the-world,vietnam,1.1647,2024-10-16,S2B_48PWS_20241016_0_L2A,28,64.972091,1.0,1.0,
ftw-vietnam-007,fields-of-the-world,vietnam,1.1647,2024-11-20,S2A_48PWS_20241120_0_L2A,28,48.784971,0.0,0.0,
ftw-vietnam-008,fields-of-the-world,vietnam,1.4484,2023-01-05,S2B_48PWS_20230105_0_L2A,37,100,1.0,1.0,
ftw-vietnam-008,fields-of-the-world,vietnam,1.4484,2023-02-19,S2A_48PWS_20230219_0_L2A,37,71.372664,1.0,1.0,
ftw-vietnam-008,fields-of-the-world,vietnam,1.4484,2023-04-05,S2B_48PWS_20230405_0_L2A,37,7.364113,0.0,0.0,
ftw-vietnam-008,fields-of-the-world,vietnam,1.4484,2023-05-20,S2A_48PWS_20230520_0_L2A,37,97.290093,1.0,1.0,
ftw-vietnam-008,fields-of-the-world,vietnam,1.4484,2023-07-04,S2B_48PWR_20230704_0_L2A,37,94.590437,1.0,1.0,
ftw-vietnam-008,fields-of-the-world,vietnam,1.4484,2023-08-18,S2A_48PWR_20230818_0_L2A,37,74.888486,0.0,0.0,
ftw-vietnam-008,fields-of-the-world,vietnam,1.4484,2023-10-02,S2B_48PWR_20231002_0_L2A,37,99.983001,1.0,1.0,
ftw-vietnam-008,fields-of-the-world,vietnam,1.4484,2023-11-16,S2A_48PWR_20231116_0_L2A,37,99.981308,1.0,1.0,
ftw-vietnam-008,fields-of-the-world,vietnam,1.4484,2024-01-05,S2A_48PWS_20240105_0_L2A,37,99.996799,1.0,1.0,
ftw-vietnam-008,fields-of-the-world,vietnam,1.4484,2024-02-19,S2B_48PWS_20240219_0_L2A,37,49.228886,0.7027027027027027,0.7027027027027027,
ftw-vietnam-008,fields-of-the-world,vietnam,1.4484,2024-04-04,S2A_48PWS_20240404_0_L2A,37,22.461034,0.0,0.0,
ftw-vietnam-008,fields-of-the-world,vietnam,1.4484,2024-05-19,S2B_48PWS_20240519_0_L2A,37,65.367842,0.0,0.0,
ftw-vietnam-008,fields-of-the-world,vietnam,1.4484,2024-07-03,S2A_48PWR_20240703_0_L2A,37,96.172345,1.0,1.0,
ftw-vietnam-008,fields-of-the-world,vietnam,1.4484,2024-08-17,S2B_48PWR_20240817_0_L2A,37,90.031487,0.0,0.0,
ftw-vietnam-008,fields-of-the-world,vietnam,1.4484,2024-10-01,S2A_48PWR_20241001_1_L2A,37,72.084075,0.8378378378378378,0.8378378378378378,
ftw-vietnam-008,fields-of-the-world,vietnam,1.4484,2024-11-10,S2A_48PWR_20241110_0_L2A,37,50.709873,1.0,1.0,
ftw-vietnam-009,fields-of-the-world,vietnam,2.0241,2023-01-05,S2B_48PWS_20230105_1_L2A,48,100,1.0,1.0,
ftw-vietnam-009,fields-of-the-world,vietnam,2.0241,2023-02-19,S2A_48PWS_20230219_0_L2A,48,71.372664,0.75,0.75,
ftw-vietnam-009,fields-of-the-world,vietnam,2.0241,2023-04-05,S2B_48PWS_20230405_0_L2A,48,7.364113,0.0,0.0,
ftw-vietnam-009,fields-of-the-world,vietnam,2.0241,2023-05-20,S2A_48PWS_20230520_0_L2A,48,97.290093,1.0,1.0,
ftw-vietnam-009,fields-of-the-world,vietnam,2.0241,2023-07-09,S2A_48PWS_20230709_0_L2A,48,54.56897,0.020833333333333332,0.020833333333333332,
ftw-vietnam-009,fields-of-the-world,vietnam,2.0241,2023-08-23,S2B_48PWS_20230823_0_L2A,48,47.180629,0.0,0.0,
ftw-vietnam-009,fields-of-the-world,vietnam,2.0241,2023-10-07,S2A_48PWS_20231007_0_L2A,48,49.585336,0.3541666666666667,0.3541666666666667,
ftw-vietnam-009,fields-of-the-world,vietnam,2.0241,2023-11-26,S2A_48PWS_20231126_0_L2A,48,100,1.0,1.0,
ftw-vietnam-009,fields-of-the-world,vietnam,2.0241,2024-01-10,S2B_48PWS_20240110_0_L2A,48,59.85868,0.0,0.0,
ftw-vietnam-009,fields-of-the-world,vietnam,2.0241,2024-02-24,S2A_48PWS_20240224_0_L2A,48,44.982511,1.0,1.0,
ftw-vietnam-009,fields-of-the-world,vietnam,2.0241,2024-04-14,S2A_48PWS_20240414_0_L2A,48,69.912696,1.0,1.0,
ftw-vietnam-009,fields-of-the-world,vietnam,2.0241,2024-05-29,S2B_48PWS_20240529_0_L2A,48,85.139424,1.0,1.0,
ftw-vietnam-009,fields-of-the-world,vietnam,2.0241,2024-07-13,S2A_48PWS_20240713_0_L2A,48,99.373233,1.0,1.0,
ftw-vietnam-009,fields-of-the-world,vietnam,2.0241,2024-09-01,S2A_48PWS_20240901_0_L2A,48,89.785182,1.0,1.0,
ftw-vietnam-009,fields-of-the-world,vietnam,2.0241,2024-10-16,S2B_48PWS_20241016_0_L2A,48,64.972091,1.0,1.0,
ftw-vietnam-009,fields-of-the-world,vietnam,2.0241,2024-11-20,S2A_48PWS_20241120_0_L2A,48,48.784971,0.0,0.0,
ftw-vietnam-010,fields-of-the-world,vietnam,2.0605,2023-01-05,S2B_48PWS_20230105_0_L2A,50,100,1.0,1.0,
ftw-vietnam-010,fields-of-the-world,vietnam,2.0605,2023-02-19,S2A_48PWS_20230219_0_L2A,50,71.372664,1.0,1.0,
ftw-vietnam-010,fields-of-the-world,vietnam,2.0605,2023-04-05,S2B_48PWS_20230405_0_L2A,50,7.364113,0.0,0.0,
ftw-vietnam-010,fields-of-the-world,vietnam,2.0605,2023-05-20,S2A_48PWS_20230520_0_L2A,50,97.290093,1.0,1.0,
ftw-vietnam-010,fields-of-the-world,vietnam,2.0605,2023-07-04,S2B_48PWR_20230704_0_L2A,50,94.590437,1.0,1.0,
ftw-vietnam-010,fields-of-the-world,vietnam,2.0605,2023-08-18,S2A_48PWR_20230818_0_L2A,50,74.888486,0.0,0.0,
ftw-vietnam-010,fields-of-the-world,vietnam,2.0605,2023-10-02,S2B_48PWR_20231002_0_L2A,50,99.983001,1.0,1.0,
ftw-vietnam-010,fields-of-the-world,vietnam,2.0605,2023-11-16,S2A_48PWR_20231116_0_L2A,50,99.981308,1.0,1.0,
ftw-vietnam-010,fields-of-the-world,vietnam,2.0605,2024-01-05,S2A_48PWS_20240105_0_L2A,50,99.996799,1.0,1.0,
ftw-vietnam-010,fields-of-the-world,vietnam,2.0605,2024-02-19,S2B_48PWS_20240219_0_L2A,50,49.228886,0.32,0.32,
ftw-vietnam-010,fields-of-the-world,vietnam,2.0605,2024-04-04,S2A_48PWS_20240404_0_L2A,50,22.461034,0.0,0.0,
ftw-vietnam-010,fields-of-the-world,vietnam,2.0605,2024-05-19,S2B_48PWS_20240519_0_L2A,50,65.367842,0.88,0.88,
ftw-vietnam-010,fields-of-the-world,vietnam,2.0605,2024-07-03,S2A_48PWR_20240703_0_L2A,50,96.172345,1.0,1.0,
ftw-vietnam-010,fields-of-the-world,vietnam,2.0605,2024-08-17,S2B_48PWR_20240817_0_L2A,50,90.031487,0.06,0.06,
ftw-vietnam-010,fields-of-the-world,vietnam,2.0605,2024-10-01,S2A_48PWR_20241001_1_L2A,50,72.084075,0.98,0.98,
ftw-vietnam-010,fields-of-the-world,vietnam,2.0605,2024-11-10,S2A_48PWR_20241110_0_L2A,50,50.709873,0.9,0.9,
ftw-vietnam-011,fields-of-the-world,vietnam,2.2349,2023-01-05,S2B_48PWS_20230105_0_L2A,57,100,1.0,1.0,
ftw-vietnam-011,fields-of-the-world,vietnam,2.2349,2023-02-19,S2A_48PWS_20230219_0_L2A,57,71.372664,1.0,1.0,
ftw-vietnam-011,fields-of-the-world,vietnam,2.2349,2023-04-05,S2B_48PWS_20230405_0_L2A,57,7.364113,0.0,0.0,
ftw-vietnam-011,fields-of-the-world,vietnam,2.2349,2023-05-20,S2A_48PWS_20230520_0_L2A,57,97.290093,1.0,1.0,
ftw-vietnam-011,fields-of-the-world,vietnam,2.2349,2023-07-04,S2B_48PWR_20230704_0_L2A,57,94.590437,1.0,1.0,
ftw-vietnam-011,fields-of-the-world,vietnam,2.2349,2023-08-18,S2A_48PWR_20230818_0_L2A,57,74.888486,0.0,0.0,
ftw-vietnam-011,fields-of-the-world,vietnam,2.2349,2023-10-02,S2B_48PWR_20231002_0_L2A,57,99.983001,1.0,1.0,
ftw-vietnam-011,fields-of-the-world,vietnam,2.2349,2023-11-16,S2A_48PWR_20231116_0_L2A,57,99.981308,1.0,1.0,
ftw-vietnam-011,fields-of-the-world,vietnam,2.2349,2024-01-05,S2A_48PWS_20240105_0_L2A,57,99.996799,1.0,1.0,
ftw-vietnam-011,fields-of-the-world,vietnam,2.2349,2024-02-19,S2B_48PWS_20240219_0_L2A,57,49.228886,0.03508771929824561,0.03508771929824561,
ftw-vietnam-011,fields-of-the-world,vietnam,2.2349,2024-04-04,S2A_48PWS_20240404_0_L2A,57,22.461034,0.0,0.0,
ftw-vietnam-011,fields-of-the-world,vietnam,2.2349,2024-05-19,S2B_48PWS_20240519_0_L2A,57,65.367842,0.9473684210526315,0.9473684210526315,
ftw-vietnam-011,fields-of-the-world,vietnam,2.2349,2024-07-03,S2A_48PWR_20240703_0_L2A,57,96.172345,1.0,1.0,
ftw-vietnam-011,fields-of-the-world,vietnam,2.2349,2024-08-17,S2B_48PWR_20240817_0_L2A,57,90.031487,0.0,0.0,
ftw-vietnam-011,fields-of-the-world,vietnam,2.2349,2024-10-01,S2A_48PWR_20241001_1_L2A,57,72.084075,1.0,1.0,
ftw-vietnam-011,fields-of-the-world,vietnam,2.2349,2024-11-10,S2A_48PWR_20241110_0_L2A,57,50.709873,0.21052631578947367,0.21052631578947367,
ftw-vietnam-012,fields-of-the-world,vietnam,2.4698,2023-01-05,S2B_48PWS_20230105_0_L2A,60,100,1.0,1.0,
ftw-vietnam-012,fields-of-the-world,vietnam,2.4698,2023-02-19,S2A_48PWS_20230219_0_L2A,60,71.372664,1.0,1.0,
ftw-vietnam-012,fields-of-the-world,vietnam,2.4698,2023-04-05,S2B_48PWS_20230405_0_L2A,60,7.364113,0.0,0.0,
ftw-vietnam-012,fields-of-the-world,vietnam,2.4698,2023-05-20,S2A_48PWS_20230520_0_L2A,60,97.290093,1.0,1.0,
ftw-vietnam-012,fields-of-the-world,vietnam,2.4698,2023-07-04,S2B_48PWR_20230704_0_L2A,60,94.590437,1.0,1.0,
ftw-vietnam-012,fields-of-the-world,vietnam,2.4698,2023-08-18,S2A_48PWR_20230818_0_L2A,60,74.888486,0.0,0.0,
ftw-vietnam-012,fields-of-the-world,vietnam,2.4698,2023-10-02,S2B_48PWR_20231002_0_L2A,60,99.983001,1.0,1.0,
ftw-vietnam-012,fields-of-the-world,vietnam,2.4698,2023-11-16,S2A_48PWR_20231116_0_L2A,60,99.981308,1.0,1.0,
ftw-vietnam-012,fields-of-the-world,vietnam,2.4698,2024-01-05,S2A_48PWS_20240105_0_L2A,60,99.996799,1.0,1.0,
ftw-vietnam-012,fields-of-the-world,vietnam,2.4698,2024-02-19,S2B_48PWS_20240219_0_L2A,60,49.228886,0.75,0.75,
ftw-vietnam-012,fields-of-the-world,vietnam,2.4698,2024-04-04,S2A_48PWS_20240404_0_L2A,60,22.461034,0.0,0.0,
ftw-vietnam-012,fields-of-the-world,vietnam,2.4698,2024-05-19,S2B_48PWS_20240519_0_L2A,60,65.367842,0.6,0.6,
ftw-vietnam-012,fields-of-the-world,vietnam,2.4698,2024-07-03,S2A_48PWR_20240703_0_L2A,60,96.172345,1.0,1.0,
ftw-vietnam-012,fields-of-the-world,vietnam,2.4698,2024-08-17,S2B_48PWR_20240817_0_L2A,60,90.031487,0.65,0.65,
ftw-vietnam-012,fields-of-the-world,vietnam,2.4698,2024-10-01,S2A_48PWR_20241001_1_L2A,60,72.084075,1.0,1.0,
ftw-vietnam-012,fields-of-the-world,vietnam,2.4698,2024-11-10,S2A_48PWR_20241110_0_L2A,60,50.709873,0.5833333333333334,0.5833333333333334,
ftw-vietnam-013,fields-of-the-world,vietnam,2.4787,2023-01-05,S2B_48PWS_20230105_1_L2A,64,100,1.0,1.0,
ftw-vietnam-013,fields-of-the-world,vietnam,2.4787,2023-02-19,S2A_48PWS_20230219_0_L2A,64,71.372664,0.0,0.0,
ftw-vietnam-013,fields-of-the-world,vietnam,2.4787,2023-04-05,S2B_48PWS_20230405_0_L2A,64,7.364113,0.0,0.0,
ftw-vietnam-013,fields-of-the-world,vietnam,2.4787,2023-05-20,S2A_48PWS_20230520_0_L2A,64,97.290093,1.0,1.0,
ftw-vietnam-013,fields-of-the-world,vietnam,2.4787,2023-07-09,S2A_48PWS_20230709_0_L2A,64,54.56897,0.453125,0.453125,
ftw-vietnam-013,fields-of-the-world,vietnam,2.4787,2023-08-23,S2B_48PWS_20230823_0_L2A,64,47.180629,0.0625,0.0625,
ftw-vietnam-013,fields-of-the-world,vietnam,2.4787,2023-10-07,S2A_48PWS_20231007_0_L2A,64,49.585336,0.0,0.0,
ftw-vietnam-013,fields-of-the-world,vietnam,2.4787,2023-11-26,S2A_48PWS_20231126_0_L2A,64,100,1.0,1.0,
ftw-vietnam-013,fields-of-the-world,vietnam,2.4787,2024-01-10,S2B_48PWS_20240110_0_L2A,64,59.85868,0.0,0.0,
ftw-vietnam-013,fields-of-the-world,vietnam,2.4787,2024-02-24,S2A_48PWS_20240224_0_L2A,64,44.982511,1.0,1.0,
ftw-vietnam-013,fields-of-the-world,vietnam,2.4787,2024-04-14,S2A_48PWS_20240414_0_L2A,64,69.912696,0.703125,0.703125,
ftw-vietnam-013,fields-of-the-world,vietnam,2.4787,2024-05-29,S2B_48PWS_20240529_0_L2A,64,85.139424,1.0,1.0,
ftw-vietnam-013,fields-of-the-world,vietnam,2.4787,2024-07-13,S2A_48PWS_20240713_0_L2A,64,99.373233,1.0,1.0,
ftw-vietnam-013,fields-of-the-world,vietnam,2.4787,2024-09-01,S2A_48PWS_20240901_0_L2A,64,89.785182,1.0,1.0,
ftw-vietnam-013,fields-of-the-world,vietnam,2.4787,2024-10-16,S2B_48PWS_20241016_0_L2A,64,64.972091,1.0,1.0,
ftw-vietnam-013,fields-of-the-world,vietnam,2.4787,2024-11-20,S2A_48PWS_20241120_0_L2A,64,48.784971,0.0,0.0,
ftw-vietnam-014,fields-of-the-world,vietnam,2.6278,2023-01-05,S2B_48PWS_20230105_1_L2A,64,100,1.0,1.0,
ftw-vietnam-014,fields-of-the-world,vietnam,2.6278,2023-02-19,S2A_48PWS_20230219_0_L2A,64,71.372664,0.0,0.0,
ftw-vietnam-014,fields-of-the-world,vietnam,2.6278,2023-04-05,S2B_48PWS_20230405_0_L2A,64,7.364113,0.0,0.0,
ftw-vietnam-014,fields-of-the-world,vietnam,2.6278,2023-05-20,S2A_48PWS_20230520_0_L2A,64,97.290093,1.0,1.0,
ftw-vietnam-014,fields-of-the-world,vietnam,2.6278,2023-07-09,S2A_48PWS_20230709_0_L2A,64,54.56897,0.0,0.0,
ftw-vietnam-014,fields-of-the-world,vietnam,2.6278,2023-08-23,S2B_48PWS_20230823_0_L2A,64,47.180629,0.0,0.0,
ftw-vietnam-014,fields-of-the-world,vietnam,2.6278,2023-10-07,S2A_48PWS_20231007_0_L2A,64,49.585336,0.0,0.0,
ftw-vietnam-014,fields-of-the-world,vietnam,2.6278,2023-11-26,S2A_48PWS_20231126_0_L2A,64,100,1.0,1.0,
ftw-vietnam-014,fields-of-the-world,vietnam,2.6278,2024-01-10,S2B_48PWS_20240110_0_L2A,64,59.85868,0.0,0.0,
ftw-vietnam-014,fields-of-the-world,vietnam,2.6278,2024-02-24,S2A_48PWS_20240224_0_L2A,64,44.982511,1.0,1.0,
ftw-vietnam-014,fields-of-the-world,vietnam,2.6278,2024-04-14,S2A_48PWS_20240414_0_L2A,64,69.912696,1.0,1.0,
ftw-vietnam-014,fields-of-the-world,vietnam,2.6278,2024-05-29,S2B_48PWS_20240529_0_L2A,64,85.139424,1.0,1.0,
ftw-vietnam-014,fields-of-the-world,vietnam,2.6278,2024-07-13,S2A_48PWS_20240713_0_L2A,64,99.373233,1.0,1.0,
ftw-vietnam-014,fields-of-the-world,vietnam,2.6278,2024-09-01,S2A_48PWS_20240901_0_L2A,64,89.785182,1.0,1.0,
ftw-vietnam-014,fields-of-the-world,vietnam,2.6278,2024-10-16,S2B_48PWS_20241016_0_L2A,64,64.972091,1.0,1.0,
ftw-vietnam-014,fields-of-the-world,vietnam,2.6278,2024-11-20,S2A_48PWS_20241120_0_L2A,64,48.784971,0.0,0.0,
ftw-vietnam-015,fields-of-the-world,vietnam,2.8897,2023-01-05,S2B_48PWS_20230105_0_L2A,67,100,1.0,1.0,
ftw-vietnam-015,fields-of-the-world,vietnam,2.8897,2023-02-19,S2A_48PWS_20230219_0_L2A,67,71.372664,1.0,1.0,
ftw-vietnam-015,fields-of-the-world,vietnam,2.8897,2023-04-05,S2B_48PWS_20230405_0_L2A,67,7.364113,0.0,0.0,
ftw-vietnam-015,fields-of-the-world,vietnam,2.8897,2023-05-20,S2A_48PWS_20230520_0_L2A,67,97.290093,1.0,1.0,
ftw-vietnam-015,fields-of-the-world,vietnam,2.8897,2023-07-04,S2B_48PWR_20230704_0_L2A,67,94.590437,1.0,1.0,
ftw-vietnam-015,fields-of-the-world,vietnam,2.8897,2023-08-18,S2A_48PWR_20230818_0_L2A,67,74.888486,0.0,0.0,
ftw-vietnam-015,fields-of-the-world,vietnam,2.8897,2023-10-02,S2B_48PWR_20231002_0_L2A,67,99.983001,1.0,1.0,
ftw-vietnam-015,fields-of-the-world,vietnam,2.8897,2023-11-16,S2A_48PWR_20231116_0_L2A,67,99.981308,1.0,1.0,
ftw-vietnam-015,fields-of-the-world,vietnam,2.8897,2024-01-05,S2A_48PWS_20240105_0_L2A,67,99.996799,1.0,1.0,
ftw-vietnam-015,fields-of-the-world,vietnam,2.8897,2024-02-19,S2B_48PWS_20240219_0_L2A,67,49.228886,0.19402985074626866,0.19402985074626866,
ftw-vietnam-015,fields-of-the-world,vietnam,2.8897,2024-04-04,S2A_48PWS_20240404_0_L2A,67,22.461034,0.0,0.0,
ftw-vietnam-015,fields-of-the-world,vietnam,2.8897,2024-05-19,S2B_48PWS_20240519_0_L2A,67,65.367842,0.417910447761194,0.417910447761194,
ftw-vietnam-015,fields-of-the-world,vietnam,2.8897,2024-07-03,S2A_48PWR_20240703_0_L2A,67,96.172345,1.0,1.0,
ftw-vietnam-015,fields-of-the-world,vietnam,2.8897,2024-08-17,S2B_48PWR_20240817_0_L2A,67,90.031487,0.7761194029850746,0.7761194029850746,
ftw-vietnam-015,fields-of-the-world,vietnam,2.8897,2024-10-01,S2A_48PWR_20241001_1_L2A,67,72.084075,1.0,1.0,
ftw-vietnam-015,fields-of-the-world,vietnam,2.8897,2024-11-10,S2A_48PWR_20241110_0_L2A,67,50.709873,0.05970149253731343,0.05970149253731343,
ftw-vietnam-016,fields-of-the-world,vietnam,2.9829,2023-01-05,S2B_48PWS_20230105_1_L2A,69,100,1.0,1.0,
ftw-vietnam-016,fields-of-the-world,vietnam,2.9829,2023-02-19,S2A_48PWS_20230219_0_L2A,69,71.372664,0.0,0.0,
ftw-vietnam-016,fields-of-the-world,vietnam,2.9829,2023-04-05,S2B_48PWS_20230405_0_L2A,69,7.364113,0.0,0.0,
ftw-vietnam-016,fields-of-the-world,vietnam,2.9829,2023-05-20,S2A_48PWS_20230520_0_L2A,69,97.290093,1.0,1.0,
ftw-vietnam-016,fields-of-the-world,vietnam,2.9829,2023-07-09,S2A_48PWS_20230709_0_L2A,69,54.56897,0.0,0.0,
ftw-vietnam-016,fields-of-the-world,vietnam,2.9829,2023-08-23,S2B_48PWS_20230823_0_L2A,69,47.180629,0.0,0.0,
ftw-vietnam-016,fields-of-the-world,vietnam,2.9829,2023-10-07,S2A_48PWS_20231007_0_L2A,69,49.585336,0.0,0.0,
ftw-vietnam-016,fields-of-the-world,vietnam,2.9829,2023-11-26,S2A_48PWS_20231126_0_L2A,69,100,1.0,1.0,
ftw-vietnam-016,fields-of-the-world,vietnam,2.9829,2024-01-10,S2B_48PWS_20240110_0_L2A,69,59.85868,0.0,0.0,
ftw-vietnam-016,fields-of-the-world,vietnam,2.9829,2024-02-24,S2A_48PWS_20240224_0_L2A,69,44.982511,1.0,1.0,
ftw-vietnam-016,fields-of-the-world,vietnam,2.9829,2024-04-14,S2A_48PWS_20240414_0_L2A,69,69.912696,1.0,1.0,
ftw-vietnam-016,fields-of-the-world,vietnam,2.9829,2024-05-29,S2B_48PWS_20240529_0_L2A,69,85.139424,1.0,1.0,
ftw-vietnam-016,fields-of-the-world,vietnam,2.9829,2024-07-13,S2A_48PWS_20240713_0_L2A,69,99.373233,1.0,1.0,
ftw-vietnam-016,fields-of-the-world,vietnam,2.9829,2024-09-01,S2A_48PWS_20240901_0_L2A,69,89.785182,1.0,1.0,
ftw-vietnam-016,fields-of-the-world,vietnam,2.9829,2024-10-16,S2B_48PWS_20241016_0_L2A,69,64.972091,1.0,1.0,
ftw-vietnam-016,fields-of-the-world,vietnam,2.9829,2024-11-20,S2A_48PWS_20241120_0_L2A,69,48.784971,0.0,0.0,
ftw-vietnam-017,fields-of-the-world,vietnam,3.3203,2023-01-05,S2B_48PWS_20230105_0_L2A,76,100,1.0,1.0,
ftw-vietnam-017,fields-of-the-world,vietnam,3.3203,2023-02-19,S2A_48PWS_20230219_0_L2A,76,71.372664,1.0,1.0,
ftw-vietnam-017,fields-of-the-world,vietnam,3.3203,2023-04-05,S2B_48PWS_20230405_0_L2A,76,7.364113,0.0,0.0,
ftw-vietnam-017,fields-of-the-world,vietnam,3.3203,2023-05-20,S2A_48PWS_20230520_0_L2A,76,97.290093,1.0,1.0,
ftw-vietnam-017,fields-of-the-world,vietnam,3.3203,2023-07-04,S2B_48PWR_20230704_0_L2A,76,94.590437,1.0,1.0,
ftw-vietnam-017,fields-of-the-world,vietnam,3.3203,2023-08-18,S2A_48PWR_20230818_0_L2A,76,74.888486,0.0,0.0,
ftw-vietnam-017,fields-of-the-world,vietnam,3.3203,2023-10-02,S2B_48PWR_20231002_0_L2A,76,99.983001,1.0,1.0,
ftw-vietnam-017,fields-of-the-world,vietnam,3.3203,2023-11-16,S2A_48PWR_20231116_0_L2A,76,99.981308,1.0,1.0,
ftw-vietnam-017,fields-of-the-world,vietnam,3.3203,2024-01-05,S2A_48PWS_20240105_0_L2A,76,99.996799,1.0,1.0,
ftw-vietnam-017,fields-of-the-world,vietnam,3.3203,2024-02-19,S2B_48PWS_20240219_0_L2A,76,49.228886,0.013157894736842105,0.013157894736842105,
ftw-vietnam-017,fields-of-the-world,vietnam,3.3203,2024-04-04,S2A_48PWS_20240404_0_L2A,76,22.461034,0.0,0.0,
ftw-vietnam-017,fields-of-the-world,vietnam,3.3203,2024-05-19,S2B_48PWS_20240519_0_L2A,76,65.367842,0.11842105263157894,0.11842105263157894,
ftw-vietnam-017,fields-of-the-world,vietnam,3.3203,2024-07-03,S2A_48PWR_20240703_0_L2A,76,96.172345,1.0,1.0,
ftw-vietnam-017,fields-of-the-world,vietnam,3.3203,2024-08-17,S2B_48PWR_20240817_0_L2A,76,90.031487,1.0,1.0,
ftw-vietnam-017,fields-of-the-world,vietnam,3.3203,2024-10-01,S2A_48PWR_20241001_1_L2A,76,72.084075,1.0,1.0,
ftw-vietnam-017,fields-of-the-world,vietnam,3.3203,2024-11-10,S2A_48PWR_20241110_0_L2A,76,50.709873,0.0,0.0,
co-magdalena-demo,cielociego,colombia,255.4132,2023-01-03,S2A_18PWS_20230103_0_L2A,6305,16.193341,0.0,0.0,
co-magdalena-demo,cielociego,colombia,255.4132,2023-02-17,S2B_18PWS_20230217_0_L2A,6305,0.961297,0.0,0.0,
co-magdalena-demo,cielociego,colombia,255.4132,2023-04-03,S2A_18PWS_20230403_0_L2A,6305,1.135341,0.0,0.0,
co-magdalena-demo,cielociego,colombia,255.4132,2023-05-18,S2B_18PWS_20230518_0_L2A,6305,23.794666,0.0,0.0,
co-magdalena-demo,cielociego,colombia,255.4132,2023-07-02,S2A_18PWS_20230702_0_L2A,6305,99.999654,1.0,1.0,
co-magdalena-demo,cielociego,colombia,255.4132,2023-08-16,S2B_18PWS_20230816_0_L2A,6305,61.876786,1.0,1.0,
co-magdalena-demo,cielociego,colombia,255.4132,2023-09-30,S2A_18PWS_20230930_1_L2A,6305,15.9813,0.0,0.0,
co-magdalena-demo,cielociego,colombia,255.4132,2023-11-14,S2B_18PWS_20231114_0_L2A,6305,43.479627,0.0,0.0,
co-magdalena-demo,cielociego,colombia,255.4132,2024-01-08,S2A_18PWS_20240108_0_L2A,6305,0.052053,0.0,0.0,
co-magdalena-demo,cielociego,colombia,255.4132,2024-02-22,S2B_18PWS_20240222_0_L2A,6305,46.016517,0.572244250594766,0.572244250594766,
co-magdalena-demo,cielociego,colombia,255.4132,2024-04-07,S2A_18PWS_20240407_0_L2A,6305,15.203415,0.0,0.0,
co-magdalena-demo,cielociego,colombia,255.4132,2024-05-22,S2B_18PWS_20240522_0_L2A,6305,85.501081,1.0,1.0,
co-magdalena-demo,cielociego,colombia,255.4132,2024-07-06,S2A_18PWS_20240706_0_L2A,6305,37.854671,0.006026962727993656,0.006026962727993656,
co-magdalena-demo,cielociego,colombia,255.4132,2024-08-20,S2B_18PWS_20240820_0_L2A,6305,15.732451,0.0,0.0,
co-magdalena-demo,cielociego,colombia,255.4132,2024-10-04,S2A_18PWS_20241004_0_L2A,6305,26.880381,0.0,0.0,
co-magdalena-demo,cielociego,colombia,255.4132,2024-11-18,S2B_18PWS_20241118_0_L2A,6305,27.346468,0.4014274385408406,0.4014274385408406,
